Time,V1,V2,V3,V4,V5,V6,V7,V8,V9,V10,V11,V12,V13,V14,V15,V16,V17,V18,V19,V20,V21,V22,V23,V24,V25,V26,V27,V28,Amount,Class
27963.0,1.27716827,-1.080317131,1.279836463,-0.277155534,-1.528999332,0.66646541,-1.364142847,0.179503747,0.501529878,0.245029606,-1.91494924,0.834837568,1.715827518,-1.487105674,-1.279316023,-1.586356969,0.20525422,0.988947869,0.012796367,-0.321497305,-0.48383537,-0.495424989,-0.083370575,-0.350860208,0.268454327,1.148218064,0.026838561,0.022350235,38.9,0
35766.0,-1.430704925,-1.099392712,1.790153573,0.497260927,1.512275196,-0.967177416,-0.992531151,0.354013983,0.649272595,-0.520387322,-1.853686543,-0.388489815,-0.552162696,-0.195178661,0.09027247,0.645117828,-0.920619455,0.589584822,-0.582801648,0.206846691,0.212534919,0.216583892,0.196827616,-0.499831054,-0.555872696,-0.618349614,0.171177597,0.230040558,1.0,0
76826.0,-6.616292926,3.563427898,-7.058901298,4.284345955,-5.096298873,-1.768617804,-4.937554127,2.748459545,-3.796759595,-6.825490104,3.259594754,-6.943890618,0.435975163,-6.947010309,1.011004065,-6.166837425,-10.5643466,-4.010188153,2.143501795,-0.541634156,1.215976106,0.041177744,-1.059097702,0.275662062,0.057424928,-0.265838484,-0.514636936,0.388590269,254.76,1
132001.0,-0.389520372,1.139955013,-1.23200687,-1.161514611,0.811393636,-1.285130822,1.111568582,0.228121546,-0.490887022,-0.477972881,0.041332377,-0.475866405,-2.35656341,1.641133961,-0.617612148,-0.213057998,-0.42401859,0.42574538,0.214793584,-0.304784895,0.301332128,0.819070637,-0.21364694,-0.399706223,-0.357334166,0.103520773,0.25527012,0.186338037,4.99,0
138328.0,-1.306201415,0.321566374,0.163190168,-0.839475601,0.702997234,-1.27646381,0.415429757,0.289045402,-0.497977976,-0.748621457,0.547328272,0.851279727,-0.400740739,0.734518108,-1.414932322,0.400315062,-0.632082615,-0.243802285,-0.275831134,-0.374760308,-0.073560895,-0.466163231,-0.169475696,0.091725118,-0.744106311,-0.022289233,-0.044195038,-0.081457505,11.98,0
138595.0,-0.710677681,-0.061576617,1.461932365,-0.842395094,0.028465136,-0.043300104,0.168710378,0.260188633,0.793203445,-1.066446879,-1.491415217,-0.984758979,-1.815676448,0.068230003,0.472999497,0.109583737,-0.371190577,0.513205816,-0.164555091,0.009408786,0.269575048,0.634105801,-0.084933674,0.660568609,-0.025145561,0.123745,0.083341616,0.143494104,65.09,0
140163.0,1.353521724,-2.556218244,-1.347464107,-1.908215573,-1.468631942,-0.372267697,-0.359649472,-0.103542893,0.945220113,-0.233595404,0.295237977,0.980569663,-0.209915353,0.187274719,-0.15589419,-1.88172941,-0.102440094,1.469695747,0.597304697,0.209024895,-0.486511995,-1.643405476,0.068681847,-0.612529578,-0.654796261,-0.685549948,-0.032979897,0.018742459,419.54,0
48362.0,1.230680105,-0.200431192,0.875153361,-0.046904217,-0.869958775,-0.257115844,-0.671233687,0.15571366,0.464437035,-0.016422557,1.015109487,0.483440072,-0.406996774,0.246289866,0.857945809,0.957251181,-0.852516941,0.601761071,0.213229639,-0.084379858,0.003078441,-0.022857272,0.033762669,0.038936469,0.078351943,0.733575509,-0.039175629,0.005266468,1.0,0
81398.0,-0.510726959,0.78411894,1.619260057,-0.063728006,-0.287117705,-0.758774732,0.45150258,0.193061969,-0.337795428,-0.081085189,1.109490181,-0.45243166,-2.26882523,0.787668861,0.373982664,0.437939741,-0.444706591,0.347687937,0.23993679,-0.014111617,-0.180918982,-0.626206296,0.039476738,0.455717245,-0.320912636,0.048236724,0.243857057,0.109477187,8.99,0
146452.0,1.311019545,-0.665593426,-3.694937137,0.467272218,1.620258286,0.6871021,0.6032584,0.163994595,-0.015556343,-1.313323598,1.883590728,0.024412767,-0.62039179,-2.448325284,0.780709011,0.445262523,2.61200937,0.374691266,-1.107034202,0.500480757,0.153936259,-0.133114836,-0.235927017,-1.161405861,-0.183110803,0.743852641,-0.088935579,0.034598247,340.0,0
151029.0,-3.818213718,2.551337678,-4.759158316,1.636966959,-1.167900084,-1.678413388,-3.144732472,1.24510555,-1.692541354,-4.759931374,3.642256939,-4.165202323,0.703069875,-7.624316314,-1.4980124,-4.07999233,-6.717176548,-1.887549649,1.35674829,0.164453446,0.83768544,0.761712127,-0.417694266,-0.469712472,-0.225934236,0.586415249,-0.348107406,0.087776872,10.7,1
42036.0,-0.419721894,0.87414108,1.717964924,-0.229960428,0.350280097,-0.054970046,0.772302339,-0.027356155,-0.583381083,0.006646378,1.688179725,0.878268597,0.364258908,0.067365289,0.379786217,-0.000648362,-0.496621213,-0.386868328,-0.054921069,0.192567307,-0.190900547,-0.304903716,-0.034065872,0.010746816,-0.304757818,0.053409012,0.115051915,-0.114064009,9.21,0
74495.0,1.172908289,0.203231097,0.458367284,1.206930975,-0.293928339,-0.390148357,-0.056188201,0.02565329,0.180720776,0.031985855,-0.363113143,-0.279171953,-1.047040584,0.542859873,1.314567144,-0.037752786,-0.140012801,-0.473339917,-0.779460961,-0.230819447,-0.020861558,-0.056376598,0.010219628,0.041329007,0.437319586,-0.371108494,0.031084338,0.020996188,9.39,0
148285.0,2.122633421,-0.711689076,-1.290305984,-0.81672001,-0.590885525,-0.745482326,-0.74517715,0.018542285,-0.257367212,0.420604391,0.944384216,-0.717658721,-1.358933317,-1.012848613,-0.345552717,1.750665793,0.955094448,-0.701000733,1.00131785,-0.065714264,-0.314589985,-1.033562651,0.42330975,-0.596444171,-0.587397074,-0.665267532,-0.005296585,-0.032726903,19.95,0
61533.0,-5.714427227,0.535492937,-0.824966982,-0.084996971,0.060769457,1.174598233,-0.018950056,0.297865589,1.359602523,1.64256096,-0.578355355,0.208138315,-0.211469202,-0.365258503,-0.230182982,0.853017132,-1.136363293,0.419405783,-0.208216134,-1.64089535,-0.08739241,0.067131127,-0.788048391,-1.674580499,0.173331108,-0.751912545,-4.209357534,0.430511627,15.0,0
42474.0,-3.843009034,3.375110204,-5.492893197,6.136377643,2.797195461,-2.646162265,-1.668931064,-2.617552052,-3.945842603,-4.565252094,4.097216074,-5.450916439,-0.965692752,-10.90445887,0.526947764,-1.13975413,0.835639563,0.389774231,-1.439607976,0.054795567,-1.277811583,0.719652001,0.451125175,-0.258093651,0.656129467,0.556676326,0.739383213,-0.203049674,1.0,1
137763.0,-1.4345478,0.659105023,-0.262551406,-1.38992987,1.373112773,-0.949935014,0.857566286,0.071572924,0.297885963,-0.483219334,0.730523454,-0.339692434,-2.041011725,-0.626079789,-1.340523241,0.885230019,-0.140723989,0.23988353,-1.0920809,-0.33079796,-0.335781772,-0.772141343,0.276126081,0.546764108,-0.487784522,-0.110091499,0.221214184,0.356655532,0.89,0
133630.0,2.179830025,-1.397408251,-1.166358062,-1.765927252,-0.363448702,0.931684525,-1.224658008,0.181384737,-1.401812648,1.402819166,-0.238512603,-0.057228706,1.364008233,-0.515010092,0.536695976,-1.564488184,1.303966409,-1.657786426,-1.243766913,-0.452672772,-0.081569912,0.419408086,0.334438942,-0.337650775,-0.335635397,-0.096687223,0.063698604,-0.054412713,15.0,0
146998.0,-2.064239752,2.62973923,-0.748406253,0.69499204,0.418177986,1.392519734,-1.697801219,-6.333064612,1.72418428,-0.887241636,-1.594257792,-0.338775118,-0.978064513,-3.688825995,-1.487083423,0.526946021,2.3470229,1.691220005,-0.736110693,-1.4244862,6.215513991,-1.276908596,0.459861127,-1.051685475,0.20917836,-0.319859445,0.015433869,-0.0501165,8.0,1
157373.0,0.736497131,-1.209004358,2.327193475,-0.295309024,-2.129113232,0.943270003,-1.746227877,0.054017649,-0.454928364,1.530693677,-1.610431308,-0.089718898,1.860614921,-2.241217284,-1.007803146,-2.080020752,1.713720312,0.538893238,2.756682062,0.089916874,0.082371056,1.544413536,0.106527575,0.153698478,-1.755117162,0.226173239,0.319966359,0.093665086,12.9,0
81270.0,-0.750233804,-0.397610283,1.399361698,-0.673890025,-1.188643912,0.662337339,-1.314686816,-2.300344258,0.591524839,-1.471527473,0.119153255,0.423099306,-2.025273191,0.376282052,-1.415035828,0.763112081,-0.315012639,0.166725287,-0.230204399,0.836470969,-1.380941201,-0.367003056,-0.251693047,0.028771549,0.695850365,0.864256171,-0.076325692,0.212068671,204.66,0
157895.0,-0.381916014,0.90458212,-0.141546969,-0.53749675,0.763007313,-0.529913959,0.860120857,-0.20677516,-0.17018737,0.277578285,0.612721979,1.053995944,0.644246431,0.155585391,-0.919692041,-0.154930793,-0.638860823,-0.242201227,0.762955402,-0.053720012,-0.084194008,-0.092455278,0.141017452,-0.368833443,-1.444134101,0.041477918,0.089069973,0.326583368,17.99,0
48884.0,-2.139050557,1.394367662,-0.612034895,1.049327056,-1.162101908,-0.768219363,-1.997237401,0.574996543,-0.980831776,-2.495619245,2.555589153,-3.53043627,-1.016233815,-3.455196577,-0.056363386,-2.46773703,-7.140325966,-1.271280022,-0.001721924,0.025426513,0.696954881,0.740003045,-0.155115249,-0.050607446,0.268368293,-0.469432841,-0.405813768,-0.152170847,19.73,1
139457.0,2.035454808,-1.173520414,0.089006623,-0.0864783,-1.324836252,0.380032386,-1.367165875,0.11922225,0.981574412,0.41572569,-2.055248159,0.710224136,1.296555796,-1.097982649,-0.728308169,-1.503930665,-0.224298016,1.427084742,-0.401003897,-0.519009558,-0.411323385,-0.308161738,0.201495881,-0.661714959,-0.286643866,-0.329069808,0.104383229,-0.023234923,32.89,0
115274.0,1.740586906,-0.665221129,-1.682035475,0.047303469,0.851889499,1.338708859,-0.148425812,0.410442849,0.469727259,0.063186974,0.997266906,0.695150378,-1.038389979,0.710563711,0.089966552,-0.796142584,0.336572331,-1.529756334,-0.50711508,-0.151336118,-0.098851394,-0.330599014,0.277404358,-0.73820227,-0.449258994,0.340054737,-0.053304715,-0.067950746,95.95,0
171338.0,-0.805206366,-0.955517442,-0.014474572,-1.940365159,-1.434830497,0.852639269,-0.133177792,0.338407861,-2.541442531,0.951227516,0.230462289,-0.041345919,1.583883056,-0.305403399,-0.52793467,-0.438081098,0.454949037,0.847328782,1.157711221,-0.132233664,0.060357564,0.460953997,0.112656463,0.255995933,-0.670065531,-0.11327786,0.087322803,0.037270688,256.0,0
149909.0,2.042456063,-0.267570686,-2.07728372,0.265732277,0.564092464,-0.59832461,0.392224844,-0.242702975,0.608470594,0.114554837,-1.586126873,-0.591552329,-1.383704885,0.654761019,-0.157733841,-0.367447351,-0.160932608,-0.54056327,0.343484125,-0.1940464,-0.060634693,-0.15670749,0.028348313,0.19870199,0.193755003,0.56406277,-0.116690651,-0.071119046,49.57,0
69609.0,-0.51448753,1.303319304,0.793240254,-0.192613782,0.434906082,-0.273739748,0.400338938,-0.7837188,-0.237778249,-0.433187868,-1.112548898,-0.416171735,0.115048716,-0.430935369,0.963703689,0.677385428,-0.271606965,0.208969138,0.259961731,-0.033603656,0.432904436,-1.140484033,-0.024681423,-0.655584036,-0.018192556,0.138841029,0.279049388,0.095781281,0.99,0
135243.0,1.942545593,-1.003244832,-1.193860944,-2.259903986,-0.035772219,0.71817968,-0.732919829,0.427442251,2.553929007,-1.321986619,0.928288706,1.320549961,-1.196548624,0.487074202,0.993072727,-1.522921774,0.432701672,-0.924451338,0.816703292,-0.360516666,-0.290664943,-0.490185275,0.374791724,-1.701226908,-0.439376839,-1.13512646,0.108836513,-0.064564325,5.86,0
89641.0,-0.767022638,0.223221911,1.544475483,3.30658753,-1.254079944,2.120090141,-0.646126418,1.043270576,0.422727253,0.57497179,-1.405857893,0.085394588,-1.101893169,-0.900735826,-3.502354821,1.371593668,-0.76819545,0.880877897,-1.122590327,-0.676087902,0.176522306,0.884833736,0.352721879,-0.519061277,-0.764482234,-0.047887336,-0.118939716,-0.12361749,152.13,0
93920.0,-12.38104821,8.213022153,-16.96252965,7.116090598,-9.772826359,-3.666835648,-16.14736337,2.078705953,-4.250656834,-16.74604411,7.425800963,-15.5648376,-0.42633842,-14.02953767,-1.68188923,-11.13376098,-15.83358888,-5.748532938,2.271081507,0.5377949,0.167703335,1.503413334,-0.767755382,0.371951476,-1.415639479,-0.51702216,-0.434620523,0.292721057,97.0,1
143434.0,-2.729481972,3.312494563,-4.242710444,5.036985077,-0.376561161,-1.532461753,-3.449158503,1.856839319,-3.623333689,-5.653637686,3.942315826,-5.883724361,-1.347813737,-9.266120185,-2.459556325,-2.205644483,-5.709086805,-1.11393664,-1.556530212,0.164287793,0.727415064,-0.301431745,-0.502433327,-0.462308576,0.510682747,0.046664693,0.51464578,0.140998673,1.0,1
117035.0,0.992624409,0.808318475,-0.232620886,1.241801056,0.560859354,-0.820872977,1.094199711,-0.684050719,-0.589392645,0.490603244,-0.400022254,0.698059834,1.614072007,-0.082922959,0.613866686,-1.734318597,0.657822446,-0.632040303,2.724679052,0.302825809,-0.003355744,0.539055593,-0.136836186,0.176248812,-0.32497752,0.896638306,-0.179489669,-0.292316495,2.61,0
154981.0,-0.587196359,0.66102516,-0.476607905,-0.65433085,1.224842453,0.97656261,0.319871451,0.446394084,-0.1682714,-0.049350932,0.78477225,0.845274535,-0.070685037,0.472165861,-0.026486313,-0.75048497,0.152365217,-1.312570242,-0.115216405,-0.303135215,-0.049671378,-0.090270966,0.112198841,-1.628354252,-1.155650979,0.188011545,-0.574390107,-0.200914629,4.49,0
148950.0,-0.218299792,1.201415557,-1.831029262,-0.244262895,1.673010468,-2.087391391,1.719025844,-0.265868961,-0.966326799,-0.662088498,-1.319830178,0.771571668,0.867832713,0.874546033,-1.933359602,-0.369029062,-0.778932611,-0.546478356,-1.786686449,-0.454556159,0.625414403,1.789108359,-0.136713549,0.116135601,-0.810153792,-0.749850279,0.184080273,0.216970227,1.0,0
74216.0,1.243400835,0.307898167,-0.604316152,0.870602448,0.611520173,-0.173594482,0.453567168,-0.121121045,-0.479031116,0.26505762,0.227268009,0.332542369,-0.187957942,0.757147144,0.065525291,0.380416057,-0.982946978,0.542527004,0.412718359,-0.056254408,-0.005033393,-0.08706888,-0.327303567,-0.83762703,0.947718729,-0.227800474,-0.02337442,-0.005567292,36.95,0
124472.0,-1.112336367,0.37542048,-1.075445827,-3.107114119,2.031852749,3.470737594,-0.843511393,1.345575022,-0.937177865,-0.809776837,0.028207991,-1.012834628,-0.140683862,-1.817407802,0.026941379,1.864071475,1.16478215,-0.462340203,-0.543228665,-0.077553498,0.378268757,0.703543387,-0.288038956,0.600925138,-0.008222586,-0.198842598,-0.357797613,0.088703838,19.0,0
36340.0,-2.112729649,0.737896795,2.2487932,3.046505531,-0.480564214,0.734292793,-0.551440367,0.6790642,0.000396927,1.334103969,-0.907591729,-0.782778796,-1.196058469,-0.204541179,0.99988226,-0.322774002,0.634276808,-0.154246291,0.591997011,0.268046172,-0.163047321,0.005447982,-0.269844639,0.072937696,0.01093875,0.26114832,0.213756816,0.040758712,37.96,0
63675.0,-2.792358512,1.070677369,-1.297655441,-1.278983173,1.572760264,3.490577914,-0.733113544,1.775087148,0.247752982,-0.312349505,-1.108226365,0.355323407,-0.136595751,0.284037167,-0.854846757,0.37704403,-0.336687216,0.008055718,0.005381996,-0.456181661,0.031313345,-0.124323143,-0.059589354,1.058673339,0.200213843,0.172172801,-1.061759527,-0.359358535,2.85,0
125272.0,0.563955427,0.05925794,0.199964236,0.63013417,-0.586136371,-0.302608893,0.321620133,-0.310188026,-1.3157639,0.928822446,-1.15759625,0.156968527,1.30659752,-0.201833445,0.22100131,-3.08614708,1.037304481,1.194514786,1.981073089,-0.059337651,-0.0655546,0.630670801,0.210415164,0.133075446,-1.392690393,0.869540621,0.305699477,0.285487013,68.0,0
138776.0,2.03059659,0.218922988,-1.476308625,0.521848148,0.269168686,-1.067861884,0.234997551,-0.287546525,0.339633177,-0.410408109,0.069039311,0.748592783,0.751387054,-0.963457147,0.13000527,0.073442798,0.669601689,-0.657630185,-0.215406341,-0.128253349,-0.31631396,-0.7639306,0.399643774,1.013926839,-0.314522513,0.142708795,-0.053802816,-0.024158077,1.98,0
55726.0,-0.72145998,0.673229233,2.619317319,0.253106517,-0.766184731,-0.385486433,0.083937841,0.186574547,0.351416442,-0.552721957,-0.601341206,0.184688755,-0.142965982,-0.500984149,-0.007783715,-0.072571909,-0.014462842,-0.156385587,0.021885677,0.126961864,-0.032688889,0.15265899,-0.111441757,0.739525267,-0.111590211,0.293182083,0.336224457,0.175461131,11.5,0
36504.0,-0.819726912,-4.384562782,0.04675361,0.414226473,-2.615841074,0.702319309,0.044974751,0.111452794,-0.098274725,0.042428658,1.117701906,0.048943708,-1.025224744,-0.213233431,-0.885531839,0.776948149,0.888863948,-1.206305577,0.436048883,2.12040308,0.72792287,-0.207244637,-0.876986462,0.290245194,-0.176102407,-0.354937258,-0.141887861,0.197045374,1076.04,0
142897.0,2.102732806,-0.006805175,-2.203353061,-0.12139577,0.57550008,-1.264913286,0.621188071,-0.369068521,0.127963418,0.214577985,0.649133375,0.28590771,-1.211691708,1.212755939,-0.139936105,-0.36236286,-0.502570558,0.095390997,0.452664973,-0.298762996,0.171813012,0.566131548,-0.075341526,-0.365566863,0.400867183,0.249989198,-0.094111769,-0.095144829,3.78,0
76825.0,-0.547985824,1.163070679,0.719362508,-0.368989992,0.602387397,-0.048336588,0.522070319,0.182664431,-0.320949124,-0.016614653,0.399589803,0.028033331,-0.155757225,-0.293543452,0.33741865,0.915301943,-0.651806225,0.76887987,0.611161245,0.267928012,-0.322303454,-0.846505249,-0.154117249,-0.916462271,0.00396237,0.133304832,0.339963955,0.14363988,1.79,0
44923.0,1.212028126,-1.538757401,0.685187432,-1.393421266,-1.739644095,0.018674338,-1.32821645,0.144966447,-1.80044007,1.517265074,1.324004773,-0.378640127,0.034341458,-0.15684176,0.45626544,-0.209263781,0.429910051,0.433068378,-0.539400011,-0.158539356,0.07603452,0.373885736,-0.06921609,0.015119949,0.18415437,-0.100815334,0.041872696,0.030809722,116.0,0
41237.0,-10.28178404,6.302384784,-13.27171803,8.925115476,-9.975578311,-2.832513464,-12.70325266,6.706845839,-7.078423958,-12.80568319,6.786058302,-13.06423989,1.179524511,-13.69487304,0.951479176,-10.95428573,-20.58359279,-7.517262132,2.872353636,-0.247647528,2.479413508,0.366932842,0.042804648,0.478278892,0.157770818,0.329900959,0.163504341,-0.485552213,118.3,1
156037.0,2.29771631,-0.555715783,-1.744591834,-1.177415763,0.172348546,-0.549692842,-0.252229431,-0.398350984,-0.780909524,0.820126878,-0.987654598,0.101864652,2.252643839,-0.409683161,0.215435032,1.036635224,-0.256511559,-1.257467059,0.705823597,0.134253886,0.397221534,1.236940893,-0.089399086,0.144153127,0.388686783,0.072903806,-0.031787223,-0.062728688,10.0,0
26863.0,-21.20911959,12.65219683,-23.55393294,6.17407791,-16.02665813,-4.422194594,-16.22944373,14.1160019,-3.922741449,-8.720244515,5.493886837,-7.740815864,0.38481423,-8.078240669,-0.014899604,-6.70128887,-13.15926686,-4.903031495,1.146275248,1.602438837,1.758440075,-1.522588162,-0.903860198,0.130166452,1.454856519,-0.223214403,1.55092845,0.461459567,99.99,1
121293.0,-0.81501987,-0.051571614,1.203781214,1.058224438,0.770916894,0.89723729,0.404271708,0.371076561,-0.12497202,-0.430960091,-0.05070495,0.735690259,-0.339782843,-0.054488002,-1.496524264,-0.603045373,-0.041570526,0.060610939,1.619627403,0.358964613,-0.314786912,-1.058580759,0.374887928,0.20232948,-0.353568892,-0.968201166,0.153186187,0.180594524,116.3,0
25294.0,1.127620559,-0.108603932,0.597477893,0.894770277,-0.652385463,-0.449183953,-0.148745758,0.045585801,0.619049192,-0.211654192,-0.356355789,0.0239785,-1.321494227,0.223802333,0.152658012,-0.610752513,0.49864376,-1.116436116,-0.260675703,-0.200235107,-0.185206082,-0.420534208,0.080438656,0.412661144,0.289759357,0.280252077,-0.017029708,0.013640484,26.23,0
45356.0,0.793176645,-0.960598721,1.510272192,1.741699983,-1.411633753,1.032857523,-1.034621609,0.527285547,1.652768464,-0.247048828,-0.284325621,0.66505199,-1.527916925,-0.618235492,-2.111619878,-0.147594351,0.024882005,0.572983721,0.552659494,0.059275383,0.033137567,0.181402741,-0.258806307,0.02896138,0.473971221,-0.233033667,0.069067888,0.047390023,151.97,0
150949.0,-2.423534502,1.659092554,-3.071420549,2.588032647,1.13579117,-1.89238797,-2.588418177,-2.226592411,-1.670172757,-3.508924662,1.439322066,-1.959927496,0.767484552,-4.978118014,1.05856598,-0.997477451,-0.817261404,0.3077976,0.028484531,0.353898203,-0.934126825,0.922037918,-0.180255031,-0.281719118,0.299285024,-0.26380133,0.150155943,0.292112166,9.29,1
152282.0,2.208635191,-1.159011686,-2.533220559,-3.065164703,0.053409392,-0.809825175,-0.036190573,-0.361054767,0.589357746,-0.233219209,-0.153350143,0.88744134,0.471229933,0.601568574,0.412014419,-2.35613908,-0.469812201,2.011734534,1.046725786,-0.470092154,-0.240619488,-0.067078003,-0.174475668,-1.438129921,0.48568862,-0.634543252,0.024753921,-0.072989565,59.98,0
128781.0,1.431100996,-1.33824731,-1.214310701,0.071106265,0.323588889,1.87998456,-0.455879925,0.549789107,0.902967744,-0.133501525,0.710116639,0.980524574,-0.396620041,0.235113611,0.066930365,-0.325897094,0.093227303,-1.335751433,-0.322421233,0.216940681,-0.210408039,-0.966561151,0.299212777,-0.96554491,-0.864920349,0.202427924,-0.050699473,-0.026887128,246.04,0
145190.0,2.012407796,-0.083250232,-1.94013235,0.37713353,0.31093808,-1.281453104,0.575872586,-0.317468469,0.326087994,0.19421507,0.728605581,0.31562112,-1.775700922,1.161390153,-0.705087414,-0.709719261,-0.179861172,-0.011230715,0.350160806,-0.332773677,0.188294906,0.644178094,-0.069470657,0.02916155,0.447949856,-0.084855541,-0.065985508,-0.084532597,20.45,0
111136.0,-0.098690332,1.008483218,-0.088211321,-0.498451811,1.086826633,-0.003845697,0.817735976,-0.1821998,1.671764943,0.006303665,1.003371946,-3.137217819,-0.103945339,2.092747249,-0.258511962,-0.316378969,-0.101414407,1.517668,0.801809534,0.144562061,0.115390282,0.955565796,-0.304475504,0.010601075,-0.380080507,-0.474737115,0.393307282,0.103758065,1.0,0
82882.0,1.357586955,-0.917971538,1.010052265,-0.915927018,-1.402238955,0.244976368,-1.49815079,0.286786471,-0.241820207,0.777151487,0.466791832,-0.679345579,-0.429908419,-0.300026368,0.77255159,2.182574754,-0.549674279,0.237598698,0.707004378,0.089735089,0.425298573,1.106333274,-0.189911455,-0.477571091,0.362806973,-0.006003457,0.04631926,0.013487735,15.99,0
172652.0,-2.833640739,-1.178146046,1.514827935,-2.057474434,0.831432318,0.366752861,-0.626233855,1.007483773,1.155894025,-1.967481172,-0.757385393,1.067785735,0.18615617,-0.421197794,-0.456638019,-0.704065619,0.590671941,-1.984220157,-1.61249955,-0.060312999,-0.128904834,-0.329502942,0.118462929,-0.987793305,0.357460341,0.45097313,0.033820058,-0.007538122,45.0,0
30014.0,1.211433768,0.174685361,0.240150431,0.66128151,-0.34611162,-0.645825534,-0.113191038,0.037242912,0.301974417,-0.273887959,-0.152703492,-0.639529582,-1.598248617,0.099968882,1.543885073,0.270778635,0.376172682,-0.526655265,-0.544620767,-0.227702723,-0.280610767,-0.863433151,0.180335291,-0.01547173,0.082155704,0.130144461,-0.018424153,0.023570554,1.99,0
47149.0,-0.789142832,0.653888874,1.223898827,-0.017826796,0.800158037,-0.352281267,0.989129971,-0.014964782,-0.593806439,-0.742467522,-0.704645673,0.041286968,0.24869908,0.212254695,0.497861801,0.005898914,-0.557423744,-0.397645366,-1.162991503,0.008992102,0.187087595,0.397404106,-0.113775564,-0.284287247,0.16646276,-0.462851967,0.093654091,0.127142627,58.0,0
122418.0,2.137111044,0.10861125,-2.485184173,0.095643092,0.813603125,-1.393025557,0.873599245,-0.508568228,-0.296727485,0.415172437,0.584587176,0.505769062,-0.605928419,1.078542883,-0.88287614,-0.48555263,-0.411502615,-0.114187314,0.507494798,-0.248725538,0.281202951,0.957461974,-0.215146699,-0.226720197,0.619023745,1.019974909,-0.152625316,-0.111940161,2.0,0
26953.0,-0.560429427,1.036777159,1.921385528,1.678830467,0.806725683,-0.881831836,1.485795165,-0.658639381,-0.928749145,0.548261959,-0.268486326,0.173018716,0.402715773,-0.49670082,-1.181685156,-0.111557891,-0.58661373,-0.789410419,-1.422627939,-0.025637616,0.03724067,0.447920017,-0.190046809,0.936535912,-0.182679376,-0.237686957,-0.368346191,-0.253107085,12.13,0
155875.0,-1.079695242,1.027349564,0.869272167,3.36986158,1.003761666,-0.165431934,0.324476338,0.468931134,-1.714632942,0.511565081,-1.804117544,-0.323047689,-0.111832917,0.301900473,-1.639204103,0.287919554,-0.174438837,-0.326880846,-1.018091274,-0.107961154,0.271662616,0.57372167,-0.235495661,-0.028954788,-0.13386586,0.122570916,0.038191135,0.007033891,2.36,0
17892.0,-4.794658237,-4.76097136,2.390317908,0.40699446,5.377173358,-3.873075957,-3.008648174,0.631614511,1.142229604,-0.86499811,2.199961151,-1.967334606,0.253385407,2.23681313,-0.970861771,0.596341761,0.004461849,0.031213815,-1.917040739,1.076958373,0.167218121,-1.148413322,0.939024798,0.071528434,0.397106064,-0.181391855,-0.266789629,0.139667609,16.0,0
141309.0,0.185667516,1.825484999,0.202814437,4.168383608,1.473890901,0.237865792,1.286925739,-0.201278268,-3.050308781,1.780170129,0.5454595,0.111964914,0.803641526,0.851104424,-0.232472707,-0.343211506,-0.182958835,0.366131627,1.613697071,0.194604763,0.253222013,0.800116013,-0.282517009,-0.295607843,-0.393643274,0.439359779,0.182857056,0.183485258,1.0,0
149785.0,2.292366054,-1.440103055,-0.958701843,-1.825607251,-0.938984957,0.198659093,-1.384474606,0.03620583,-1.329636197,1.704503415,0.166177946,-0.084555982,0.959675058,-0.492094593,-0.732632068,-0.054751668,-0.088713724,0.689835589,0.318232606,-0.349550598,-0.13523304,0.09874851,0.200387399,0.08224975,-0.194112923,-0.191778212,0.020288322,-0.053190872,14.4,0
67181.0,-0.863494871,1.233376972,1.286317634,-0.110851109,-0.194262814,-0.252613609,0.229975295,0.595597999,-0.940407984,-0.434260133,1.66553272,1.294900996,0.600337102,0.567305902,0.275029947,0.135587345,-0.160209031,-0.411474042,-0.142393877,0.014970814,-0.081850313,-0.289119727,0.080775971,0.221086888,-0.275929693,0.070887406,0.155340579,0.047631718,8.93,0
154791.0,1.835889017,-0.981856325,-0.821110413,0.540924029,-0.432691759,0.606228937,-0.716032533,0.214665337,2.300747994,-0.453010094,-2.336766616,-0.124098648,-1.251264161,-0.383334514,-0.809287752,-0.595966788,-0.058335553,0.377386204,0.441102038,-0.127565383,0.239906061,0.951629067,-0.173782114,0.062685729,0.341871087,-0.282198487,0.049349329,-0.030318407,95.37,0
150107.0,2.05860715,0.173888723,-1.707820988,0.542913393,0.095966066,-1.546722269,0.230635854,-0.361066562,0.685489007,-0.45283822,-0.448117231,-0.266332064,-0.631458532,-0.603780375,0.965633527,0.229079069,0.435586085,0.573260955,-0.431292212,-0.249452005,0.188212949,0.692496029,-0.010711161,-0.034616258,0.231360141,-0.101780137,-0.006203837,-0.032586101,2.21,0
161310.0,0.497206149,0.25320127,0.709226766,0.034614259,0.020761883,0.925946207,-0.687776236,-0.560606088,0.466826912,-0.296275067,0.442159884,1.159936541,0.725478179,-0.01020821,0.159784005,-0.001121934,-0.563153353,0.858226801,0.915796046,-0.089959168,0.998590629,0.600068743,-0.312736859,0.280541391,0.492793967,-0.021965471,0.281417851,0.278758434,9.99,0
40986.0,-3.399516407,-2.11264894,0.574397052,0.530331651,1.65604423,-1.30042871,-0.387011177,0.589121012,-0.369068594,-0.109980437,0.31306987,0.105375229,-0.51140663,0.659910599,0.471094633,0.927267913,-0.823397358,0.650581126,0.876463019,-0.468254324,-0.395499146,-0.459459271,2.55812197,-0.590430786,0.534881051,0.211598506,0.400819149,-0.276732996,35.99,0
75483.0,-0.363947048,1.199603392,0.672255299,0.957225262,-0.049244754,-0.304431029,0.467947345,0.315036986,-0.911578551,-0.474513883,-0.197775675,0.852021084,1.393379453,0.395021113,1.089531852,-0.496709573,0.160869974,-0.479284608,-0.031848468,-0.024212498,0.233293634,0.640805298,0.025048487,0.11693939,-0.150763676,-0.3035334,-0.028600364,-0.016721601,37.9,0
158580.0,-0.573476249,-1.721387267,0.435245909,-2.292132458,1.183596942,2.067333085,-1.119794183,0.508231723,-1.795006072,1.515177128,0.196633245,-1.2554629,-0.62939254,-0.281648273,0.767978081,-1.671365917,1.202026745,-0.628574503,0.134159805,-0.323624591,-0.024274555,0.684072318,0.263546912,-2.775669771,-0.884656938,0.089451697,-0.005138994,-0.003192717,10.0,0
73666.0,1.195931011,0.710084257,0.739169344,2.471891396,-0.072022669,-0.505199263,0.215095469,-0.194994803,-0.941257895,0.647916131,-0.289602296,0.659694994,1.463290059,-0.004693584,0.385501995,0.650786317,-0.723503865,-0.477034224,-1.014668361,-0.066360493,-0.05829829,-0.13636426,0.00875752,0.409606901,0.470789904,-0.078760261,0.001009809,0.027165595,0.79,0
47688.0,1.177760563,-1.128478139,0.906601773,-0.805759042,-1.434205713,0.306912531,-1.35950543,0.376003608,-0.292658677,0.739834942,1.012064422,-0.91732486,-1.535858323,0.079884529,0.981445238,1.684087384,0.03058819,-0.476264878,0.272895122,0.094295935,0.379482631,0.801627406,-0.085260397,-0.316659278,0.148435105,-0.119651235,0.034027675,0.020941442,74.75,0
147728.0,1.978876762,-0.544779474,-0.292998002,0.523761553,-0.933690178,-0.545577958,-0.754805864,0.079187063,1.773583534,-0.113234354,-1.338074247,-0.571866762,-1.860615993,0.197038105,0.743193616,0.126812395,-0.353135657,0.371842903,-0.264445277,-0.362987242,0.169482533,0.669790527,0.145419837,-0.112970434,-0.168036633,-0.198544252,0.032821748,-0.042641529,4.99,0
127685.0,-1.726458935,-0.688031234,0.87112838,-2.3402198,0.074459533,-0.749402832,-0.832706098,0.460499548,1.244758665,-1.560697723,0.662131127,1.97952289,1.512373575,-0.12204638,0.251968513,0.172436074,-0.764097282,0.782546283,0.729556184,-0.315897272,0.237399203,0.750043133,-0.585425712,-0.27782155,-0.735389938,-0.415584157,0.059799285,-0.142110543,9.99,0
32869.0,-2.037469478,1.921839904,0.130782389,-0.796049651,-0.869837766,-0.596751437,-0.480696812,1.440851456,-0.306416956,-0.534210107,0.226058752,1.012147213,-0.328485687,0.944675854,-1.024604987,0.622246432,-0.15288836,0.141341577,0.118271726,-0.05893935,-0.099858486,-0.432686426,0.042348433,0.014717994,-0.041961096,0.3127325,0.129845731,0.09938662,1.0,0
151536.0,-0.742736143,1.72665376,-1.008507157,0.944502008,1.32897007,-0.422738826,1.163584728,0.15994882,-0.797654117,-0.148632852,1.014225337,0.289849398,-0.498246123,-0.765933956,-0.793137364,-0.483551449,1.152046749,0.823992565,0.79160877,0.222767089,0.03665213,0.474836778,-0.288473001,0.589006666,0.051291092,-0.449317155,0.282818668,0.027918245,20.18,0
28238.0,1.148866732,0.26839314,0.384193635,1.065150846,-0.317589811,-0.748588871,0.156740961,-0.113298822,-0.317013921,0.169742979,1.514567058,1.028228781,0.036911368,0.571405923,0.189581091,0.181109291,-0.611025598,0.26194645,-0.165393484,-0.089083856,0.106401496,0.279016341,-0.10558632,0.553315887,0.628333234,-0.36113249,0.007462996,0.016041748,24.2,0
36209.0,1.191915552,0.08436078,-0.482667228,0.582597571,0.783530061,0.836250775,0.07038872,0.143661804,-0.187967651,0.117089151,0.004282259,0.464936125,0.337700764,0.494137149,0.588490006,0.456574671,-1.032992332,0.451410258,0.196337273,-0.007125627,0.022371104,0.022150051,-0.337374196,-1.692164804,0.80312244,-0.214298772,0.016392773,-0.002519012,50.0,0
77435.0,1.197534495,0.005768395,0.347352834,0.182995822,-0.119438597,0.108236676,-0.159667661,0.094847882,0.075761721,-0.129374808,1.267031453,1.451184257,0.666658658,0.111785416,-0.205823376,-0.136598923,-0.209442545,-0.625331465,0.28255301,-0.068463841,-0.182041651,-0.371084289,0.032318203,-0.243702093,0.291843282,0.475391792,-0.026188465,-0.004837694,4.0,0
34216.0,-0.756984532,0.851824912,0.321494241,-1.918778436,-0.092564106,-0.887473876,0.477926535,0.478840293,0.524594978,-1.457289786,1.188564893,1.264242515,-0.818735099,0.798045517,-0.550391239,-0.975160358,0.12849666,-0.136079537,0.004057303,-0.250416951,0.210958999,0.793687567,-0.114336389,0.233678724,-0.194312889,-0.816153878,0.327802773,0.16675959,1.0,0
66002.0,-2.952357501,1.402416499,-0.227938052,-0.325600151,-1.114453108,-1.147485933,0.118176769,0.89110512,-0.402471268,-0.495356293,-0.813729166,0.629219252,0.518863881,0.810796987,0.290059344,0.751075745,-0.176941127,-0.443554779,-0.6647943,-0.460183449,-0.083059477,-0.50888802,-0.32759882,0.445970962,-0.22159298,0.064562815,-0.340728241,-0.082371677,101.9,0
78352.0,-2.349082115,-1.16756177,1.970811309,-0.667090078,-0.918288946,-0.390945276,0.004095544,0.754411311,0.227446925,-1.524491958,0.51331728,0.674714129,-1.132236365,0.078250553,-1.655390092,0.504422717,-0.13900822,0.12344354,-0.198070382,0.537271781,0.14063333,-0.44747536,0.373850116,0.562407076,0.204866378,0.765570216,-0.222511967,-0.171128696,237.62,0
47982.0,-1.232804128,2.244118745,-1.703825793,1.492535865,-1.19298517,-1.686110213,-1.864611505,0.856122314,-1.973535278,-3.942382904,2.40165068,-3.394265618,-0.145161725,-4.329795513,0.758760886,-3.199046476,-4.480183565,-2.485668784,-0.095807434,0.207889302,0.560475066,0.165681718,-0.013753517,0.47493518,-0.218725074,0.302809126,0.466030942,0.250133539,0.76,1
56607.0,1.00225726,-0.28743462,1.45110419,1.072791456,-1.114030755,0.335595223,-0.950493304,0.423739476,0.604628411,0.084206648,1.420363827,0.401289249,-1.084050255,0.314339608,1.249379063,0.66599533,-0.59633995,0.731481876,-0.937235609,-0.146289015,0.350646969,0.947256407,-0.041018056,0.201714947,0.187638865,-0.253884667,0.07631937,0.034821105,38.85,0
79672.0,1.045843042,0.119844766,0.545430001,1.367788289,-0.491785524,-0.705825473,0.11740571,-0.092790062,-0.011956159,0.004455767,0.225799872,0.263742277,-0.381401349,0.46395576,1.191013537,-0.27656435,0.019450706,-0.642656079,-1.049754126,-0.098564872,0.162933406,0.411186747,-0.059256763,0.60432701,0.498492039,-0.288592679,0.022950046,0.03294881,59.7,0
69822.0,1.052832141,-0.218165026,0.240409305,0.484455141,-0.241376202,0.219912492,-0.265952959,0.296528173,0.101436629,0.0867685,1.484650646,0.016848851,-1.949116007,0.921907626,1.014331293,-0.108922173,0.037335696,-0.407199933,-0.685758769,-0.194216054,0.153871205,0.333164734,-0.043290998,-0.293062925,0.262705374,0.472952193,-0.026735243,-0.002746914,46.27,0
128181.0,-0.403354851,0.634677492,0.055528712,-0.437298578,0.203838146,-0.099009735,0.816537589,-0.226366128,0.304367217,-0.033327107,0.358014952,0.836976707,0.377459298,0.013063053,-0.485638816,-0.01103782,-0.858454945,0.526974664,0.730514744,-0.338781729,0.120729967,0.517839511,0.068465466,-0.4789551,-0.666738145,-0.46686671,-0.302521065,0.078284859,67.56,0
158069.0,1.520118676,-0.814491196,-1.693896489,0.76090387,-0.059125083,-1.095198624,0.837516059,-0.533962954,0.192359873,-0.036712291,-0.72170419,0.935137686,1.188309369,0.229681241,-0.157729245,-0.258794491,-0.359128436,-0.824553441,0.031993336,0.430454127,0.025438954,-0.376030652,-0.077523541,-0.047697273,-0.089882855,0.156176611,-0.119027603,-0.01352408,293.9,0
106831.0,-2.341243155,-0.968244755,-1.407458421,0.076160009,2.421768125,-1.622083748,2.051033838,-1.396754661,2.153724868,0.448866437,0.374990405,-3.74059885,0.254915286,-0.008006529,-0.93384823,-0.345200732,1.000373683,0.186600986,-0.246218709,-0.790557997,-0.536833502,0.444625696,0.065173259,0.668374052,-0.377223498,0.396705329,-0.5829245,0.612334726,155.05,0
56804.0,1.213801095,-0.097812454,0.479676012,0.705623468,-0.493802844,-0.116909494,-0.302625815,0.112567672,0.507866695,-0.017123788,0.477906892,0.608228711,-0.930726888,0.15148987,-0.986303732,-0.03595592,-0.231695131,0.139211686,0.606845487,-0.165710296,-0.070800865,-0.018949706,-0.127467808,0.041488648,0.572781484,0.444596086,-0.024627656,-0.005297708,1.86,0
53031.0,0.206075454,1.387359821,-1.045286987,4.228686194,-1.647549174,-0.180896946,-2.943677575,0.859155533,-1.181743007,-3.096503599,3.200912355,-2.450832429,0.316619879,-6.397170315,-2.129728365,-2.427373075,-4.448472252,-1.21222045,0.034655456,0.3514844,0.469199426,0.344930464,-0.203799378,0.376640378,0.71548549,0.226002881,0.628544616,0.319917988,0.76,1
35754.0,1.251523814,-0.568358484,0.021687303,-0.704008248,-0.690924408,-0.16762348,-0.792750816,0.16539682,-0.843835623,0.30273569,1.576146313,-0.558743072,-0.700321317,-0.95135421,0.656152825,1.660208267,0.983712735,-0.581454528,0.359525412,0.125737965,0.118772762,0.136698572,-0.048256096,-0.403626115,0.261960952,-0.251540352,0.028353918,0.033856308,49.9,0
68823.0,1.127356849,-0.161453268,0.131041237,0.724130372,-0.657227116,-1.1056549,0.102974058,-0.146348664,0.349050955,0.007279304,-0.711027388,-1.028468624,-2.197345694,0.800514723,1.192895834,0.246617771,-0.222277067,-0.038939141,-0.209393841,-0.101771474,0.017894005,-0.189766844,-0.102498058,0.366388217,0.424196865,0.397272234,-0.070304193,0.017429546,78.28,0
145400.0,-3.100020435,-1.49026801,0.721509768,5.415508109,0.695148704,-0.12563304,-1.005012687,-0.019825969,-0.565021028,2.265677175,-1.387572695,-0.812383453,-0.26589811,-0.052324751,1.001666183,0.38972139,0.06891478,0.436161716,1.073080177,-1.217933691,-0.037681949,0.803545118,-1.826593755,0.251663026,-1.713392757,0.25556093,0.235801822,-0.774738007,120.61,0
62283.0,-1.293689854,1.028122706,1.712655072,0.161612182,-0.068319514,-0.642398141,0.14922724,0.561832055,-0.523204761,-0.820440352,-0.100194034,0.594122325,0.454628681,0.295223403,0.732355006,0.204083286,-0.215237756,-0.59350426,-1.465011747,-0.028580139,0.028625705,-0.06075801,-0.126260187,0.382570213,0.481704587,-0.546261118,0.129497857,-0.064078569,4.79,0
140878.0,2.35429238,-1.311745519,-1.412761156,-1.900803184,-0.55994519,0.02695938,-1.040869461,-0.140215606,-1.559643347,1.722381223,-0.344921427,0.015030818,1.595892741,-0.481148457,-0.939322188,-0.086931525,-0.280913085,0.656096041,0.664697629,-0.325448891,-0.19491659,-0.006944108,0.035662397,-1.374029651,0.019705083,-0.099024019,0.010176358,-0.073110743,15.0,0
167175.0,2.032201303,-0.225464245,-1.720913392,0.040965269,0.674133404,0.138785393,0.003423515,-0.064993056,0.194952344,0.329163391,0.080771151,0.661782986,0.559099216,0.44160661,0.076496397,0.659996551,-1.234675651,0.612492065,0.372105763,-0.043326995,0.143198404,0.385279999,-0.035621045,-0.298674767,0.111384827,0.393575588,-0.073943488,-0.067453308,41.81,0
2794.0,-0.668830645,0.828200226,1.228682602,-1.997732857,0.092942566,-1.322034691,1.111044165,-0.425151435,0.889881108,-0.983524194,0.413319779,0.615257517,-0.077997785,0.020154657,1.082952999,-1.066902447,-0.125670004,-0.625224194,-0.656875151,-0.025017568,0.164434803,0.785981495,-0.184411134,0.616819118,-0.084943142,-0.869678209,-0.018430159,-0.014346062,1.0,0
55403.0,1.152138429,0.017440998,1.298882035,1.336635588,-0.920340057,-0.183503621,-0.512456729,0.051714339,0.786908689,-0.222355687,-0.671897949,0.849664877,0.724139279,-0.4969536,0.102626095,0.045495147,-0.287361163,-0.147277045,-0.216439358,-0.088494863,-0.054074687,0.0829645,-0.012993954,0.414958447,0.438069495,-0.411645624,0.076870478,0.03993515,9.99,0
42084.0,1.257921281,0.384704151,0.312652622,0.687960294,-0.333196985,-1.06092455,0.112969075,-0.225956945,-0.027273026,-0.294106599,-0.003115558,0.444614422,0.624303574,-0.367053758,1.050660593,0.461378167,-0.029951418,-0.346316375,-0.198912422,-0.056121931,-0.283687638,-0.798087895,0.124355292,0.350672977,0.23044476,0.093467612,-0.020387396,0.031535918,1.29,0
88672.0,-3.859880787,2.632881312,-5.26426531,3.446113147,-0.675231057,-1.904959454,-3.291040869,-0.985766041,-1.168114167,-3.93629417,4.256564487,-6.600654481,0.005626376,-9.958530919,2.471357904,-5.70014142,-6.388092738,-1.838159301,2.993173507,-0.178626358,1.664119015,0.785075272,0.068412486,0.778960916,-0.86316592,-0.006809614,-1.06573404,1.773326446,1.18,1
56811.0,0.388502334,-1.832728505,-0.518716686,0.147255196,-1.133106624,-0.735725799,0.56115179,-0.301206419,-1.492619433,0.711951562,1.162778197,0.378044748,-0.261204127,0.770160439,0.010795701,-1.220084542,-0.18523877,1.136505246,-0.518590248,0.482631425,-0.375494094,-1.844889353,-0.238813823,0.300923443,-0.0176622,0.10105599,-0.142506213,0.088510138,507.0,0
145772.0,0.180898484,0.829422866,-0.398349189,-0.75825819,1.242234311,-0.255625975,1.129746013,-0.168048049,-0.148372617,-0.470636848,0.788571755,0.378163573,-0.004397791,-1.054592881,-0.885705705,0.550314671,-0.119823738,0.371301072,0.192523238,0.162318687,-0.351535737,-0.760337228,0.049740402,0.17535379,-0.420469483,0.087417009,0.047282328,-0.150637659,23.68,0
40544.0,-6.50884504,-2.822223277,0.015551373,2.930954932,0.516967044,-1.689418754,-2.020290656,1.629445065,-1.609489907,-0.376805883,0.707693655,1.594170564,1.097008204,1.357751501,-0.273698753,1.975092653,-0.49616334,0.591482061,-1.450156248,-0.819114987,0.331073748,0.018970775,-2.479142431,0.7945954,-0.077639129,-0.112821936,-0.179885784,-1.295616975,10.65,0
132487.0,-7.22409828,-8.41084472,-3.082736005,0.325983682,-6.566968788,3.669917488,8.848478267,-2.019883689,-0.625974076,-1.160535022,-0.654429587,-1.325438304,1.006876278,-1.311618063,0.083665569,2.410317627,-0.461732915,-1.497907066,1.380090456,-3.274816542,-1.639016081,0.263775088,5.245620243,0.781251885,0.941391116,-0.313058302,2.587051183,-1.138522674,2297.74,0
146983.0,2.163645247,-0.825778326,-3.403804399,-1.469273599,2.363440694,2.970715536,-0.327602878,0.534320822,-1.02306408,0.96928488,-0.295098005,-0.061544757,-0.059653011,0.642584126,-0.053449835,-2.215815013,0.101563459,0.427133583,-0.732948618,-0.510023578,-0.252246955,-0.236591215,0.070149525,0.748879064,0.266466198,0.846946263,-0.082609448,-0.08347395,32.45,0
143413.0,2.156204938,-0.740420553,-1.460586516,-0.89505859,-0.323388439,-0.127560409,-1.013446551,0.059940787,-0.131995263,0.243635993,0.498623752,-0.368878316,0.301949802,-1.973137408,-0.252013972,2.098673858,0.806603238,0.28359105,0.805135015,0.073068351,0.23052687,0.735879113,-0.030223181,-1.193528512,-0.057273599,-0.038763193,0.027064945,-0.032130566,19.95,0
78852.0,-0.774866929,1.573565059,0.160618374,0.542988085,0.578542538,-0.217673467,0.346648805,0.555835509,-0.928583522,-1.083848958,1.391959732,0.205078552,-0.492177378,-0.888076312,0.46325808,0.632864415,1.001037134,0.986211634,-0.430052914,-0.20287226,0.118533738,0.163358424,-0.249641799,-0.459405839,0.187932405,-0.344762988,-0.187995629,-0.024664959,1.0,0
153578.0,0.118349989,1.063277338,-0.164886535,0.565299995,0.825864144,-0.783727574,1.117678403,-0.084505946,-0.24677851,-0.950542604,-0.470037333,-0.427905484,-0.960771371,-0.847525351,-0.215081236,0.174925464,0.607775561,-0.00809649,-0.807718987,-0.190571058,-0.215635743,-0.663869215,0.171793189,0.886505285,-0.339649192,-1.02565716,0.053288315,0.047100225,29.97,0
24662.0,1.16401455,1.378190005,-1.434272904,1.676560872,1.236669742,-0.966498558,0.56537307,-0.233168535,0.437632848,-1.823072926,3.841478093,-1.732773345,2.303320214,-1.899067208,-0.214161212,0.868559747,3.414927088,1.542697212,-1.115484997,-0.0408016,-0.27086684,-0.391235597,-0.191420015,-0.34319844,0.762158692,-0.323556797,0.031666375,0.079022636,1.79,0
33522.0,1.32996731,-0.477584619,0.47143084,-0.837417768,-0.776204859,-0.298873314,-0.634074436,0.038349725,-1.149441576,0.737660237,1.798567189,0.416995681,0.446564878,0.036014755,0.288554446,1.059604483,0.242991967,-1.56923117,0.531622316,0.068048986,0.03605007,0.009846914,0.102889197,0.012093271,0.222363967,-0.407363406,0.020241003,0.006642671,7.95,0
29786.0,1.207795042,-0.134224193,0.524718509,0.177575405,-0.525762759,-0.413177528,-0.172028923,-0.162454625,0.468513641,-0.33562663,-0.698882043,1.039089381,1.733009845,-0.467424853,0.359316844,0.152662152,-0.413868505,-0.420519984,0.280846071,0.115051228,-0.05409954,-0.018627933,-0.121645644,-0.000407276,0.41776015,0.836278323,-0.03973003,0.016229038,45.13,0
58079.0,0.891642878,-0.932405746,0.752844378,0.331826158,-0.424022707,2.002057403,-1.02475931,0.659787171,-0.801099276,0.618350827,1.809230489,1.33121442,0.599854574,-0.019719816,0.659936503,-2.529421232,0.865796563,-0.065777463,-2.406749325,-0.45441735,-0.011371433,0.542457743,-0.022831057,-1.009072832,0.163272825,-0.122690382,0.131528914,0.026123841,99.5,0
136949.0,-1.331371261,-1.415895967,-1.139145469,-0.828974626,-9.308188163,5.517969352,7.98242098,-1.620488767,1.741394441,-1.929492232,-0.71689774,-0.195032503,0.449543432,-1.783124793,-0.246102108,0.880919758,-0.674710581,0.032001623,-0.06332019,-1.82012063,-0.599957379,1.148354358,0.401307715,1.411507038,-0.602224492,0.846439386,1.015918692,-0.961526535,1862.97,0
44003.0,-1.041614143,0.887568947,1.479473886,-0.689997909,0.881089199,-0.688528833,1.234581291,-0.554622798,0.094203461,-0.098400204,0.198515514,0.253006653,0.715080597,-1.121306025,0.524830849,0.224179217,-0.383597653,-0.856726742,-1.389801599,-0.03607054,-0.289250164,-0.361001262,0.138022227,0.034352747,-0.457440184,-0.196851032,-0.336213837,-0.251662017,4.45,0
153186.0,1.864071745,-0.338964748,-0.460771538,1.407139891,-0.261722192,0.250339389,-0.383080078,0.202538378,1.067954896,0.165496113,-0.055907535,0.869206785,-1.057878004,0.08199905,-1.746580136,-0.130605958,-0.338954639,-0.241820283,0.577804523,-0.282184918,-0.488283737,-1.22622519,0.372434876,-0.572477558,-0.347779501,-1.09458335,0.043703942,-0.042612861,31.36,0
151496.0,-0.35118355,-0.041350348,-0.709045427,-0.770959194,2.042303695,-1.30560588,1.004120679,-0.28160575,-0.037401184,-0.821115495,-1.354064137,0.572601509,0.690130657,0.163126289,-1.18190615,-0.511007537,-0.628211774,-0.508849386,-0.456953908,0.029764709,0.179477912,0.412709126,0.060348736,0.505827681,-0.143483257,-0.489000226,0.059495026,0.119954386,29.99,0
37045.0,-0.885296702,0.195472331,1.655822575,-0.34706442,0.515625873,-1.535544254,1.185366712,-0.405327885,-0.480115676,-0.553577085,-0.06185762,0.045892492,-0.15405934,0.124680983,0.285108699,0.200654982,-0.572384911,-0.882418373,-0.595180298,0.227628628,-0.340736024,-1.23660022,0.391030314,0.6468455,-0.532502642,-0.266300559,-0.164600371,-0.077145144,80.9,0
76044.0,-2.387008303,-0.11145488,1.014292299,-1.315625156,-0.010258507,-0.589746525,1.062741576,-0.274761764,0.639357674,0.71127796,1.164476719,0.47832055,0.088761665,-0.41414479,0.049298157,0.882951104,-1.255272402,0.151374635,-0.264734083,-0.02082894,-0.398959794,-0.122682904,0.291059538,0.063142226,-0.041941148,0.727497673,0.35706014,0.470286303,150.0,0
68167.0,1.351142047,-1.231194338,0.146055955,-1.351966644,-1.319326164,-0.636783815,-0.738895202,-0.328423064,-1.995141207,1.36204197,-0.722006863,-0.289067678,2.121769596,-0.656924988,0.471881917,-0.330192923,0.231009095,0.186341479,-0.217463738,0.001635597,0.037721251,0.378294211,-0.26778682,-0.05660312,0.632108722,0.019349287,0.021063268,0.034510805,119.9,0
121833.0,2.080657605,-0.522854694,-1.981417914,-1.346250465,-0.198397771,-1.909793518,0.470570641,-0.509096415,1.659948347,-0.850504853,-0.852290146,0.198146286,-1.288340552,0.736897922,0.364338971,-1.311620012,0.220942878,-0.467732254,1.057815457,-0.238116153,0.005550351,0.208397049,-0.00528125,0.081230234,0.336308882,-0.133084824,-0.052697906,-0.069401713,38.21,0
37987.0,1.19744325,0.374413624,0.340946451,1.109600978,-0.251861823,-1.013006773,0.344347324,-0.224990132,-0.098639363,-0.034696227,-0.279619857,0.272494512,-0.124120254,0.487069914,0.881119013,0.120312478,-0.389025518,-0.67987572,-0.096173707,-0.111157295,-0.461462389,-1.429082586,0.208235881,0.310635482,0.245959334,-0.854484719,0.007841148,0.032703372,25.16,0
48965.0,1.326773416,0.220933671,-1.71244691,-0.067855931,2.553398817,3.063864802,-0.029229574,0.646531903,-0.401015335,0.106516047,-0.146317132,0.007079465,-0.116667145,0.718999494,0.877262708,0.112724093,-0.808314432,0.083305137,0.118857027,-0.029737542,-0.049293975,-0.245030247,-0.18287698,1.010174655,1.008659971,-0.280866075,-0.00654225,0.004464824,4.49,0
91739.0,-0.981994506,1.589588815,-1.188027993,-0.466962847,0.421691878,-0.368965595,0.021411449,0.753075488,1.074249422,-0.491563469,0.898327094,-2.141408211,1.005788066,2.692415179,-0.868088787,0.134936791,0.183834167,1.259227406,0.281568662,-0.194526078,0.287078373,1.025606259,0.032266025,0.230945617,-0.689265365,-0.282333989,0.20656873,0.227254464,6.11,0
28533.0,0.884391138,-0.097899734,1.407255406,2.576234439,0.086498966,2.761903738,-1.017213746,0.9258754,0.115610825,0.348872069,1.371394278,1.623834399,0.157386952,-0.494884736,-1.145874868,-1.059667146,0.930833047,-1.812049556,-1.829456168,-0.285647983,0.196947153,1.066274188,-0.019027491,-0.950587553,0.287843323,0.322763513,0.119230779,0.002950898,0.0,0
44468.0,-0.83430464,1.091068449,1.678862519,1.304533647,-0.388087874,0.004787672,0.092237387,0.549446487,-0.408925459,-0.699020635,-0.572632802,0.566903433,0.051604995,0.128628845,-0.110452769,-1.030010983,0.818237611,-0.672966578,0.318260886,-0.125201711,0.11470673,0.463335891,-0.137138411,0.426170185,0.021544476,-0.230658878,0.047425583,0.05572369,10.0,0
41132.0,1.003636802,-0.018312137,0.452091141,1.371796476,-0.258567973,0.036183565,0.032396638,0.111053318,0.031996296,0.023080637,1.322370584,1.21534011,-0.380172702,0.314436203,-0.788299235,-0.573226583,0.096969423,-0.522204984,-0.171532413,-0.086006119,-0.00568802,0.05514537,-0.095426135,0.231188065,0.581174882,-0.347550009,0.025389818,0.016840594,62.0,0
156568.0,-3.61505259,-8.685588741,-3.371541575,6.061785527,-2.520574822,1.524528973,3.658691973,-0.701888686,-0.869878735,-0.046712039,-1.761062663,0.367579006,1.474713311,0.294775419,-0.799371967,1.47693829,-0.905346582,-0.081217236,-1.915460462,5.614611024,1.287399683,-2.697579044,-2.124002168,-0.590582411,-1.489328018,-0.777314914,-0.535246632,0.4652243,2871.16,0
172081.0,-0.703701039,-0.167324298,0.388625968,-3.160930687,-0.269277929,-1.195615955,1.077783755,-0.750311438,-1.667417287,1.894879954,-0.942810026,-1.930291457,-0.766343877,-0.522697956,-0.354379659,-0.636077527,0.02526006,-0.379999345,-0.842818048,-0.086881643,-0.518351788,-0.478008111,-0.213907875,-0.155518979,-0.031173947,-0.431156822,0.315594304,-0.160856506,100.0,0
66676.0,-0.950846687,0.976404045,2.110965984,0.618762998,-0.645425173,0.563347118,-0.395625846,0.792194674,-0.189580243,-0.660000375,1.133102342,1.549447305,0.604255459,-0.090879772,-0.612407432,-0.10937598,-0.00529752,0.029295967,-0.198131927,-0.192954193,0.174751949,0.530135295,-0.07763388,0.235078639,-0.145956725,-0.463121714,-0.116354416,0.001004815,4.99,0
144604.0,-3.009998448,-2.45294426,0.398140955,-1.257403533,4.092319812,-0.928026728,-1.116369856,0.208149771,-1.149323789,-0.010875417,-0.767224649,0.02923141,0.159467949,0.251777129,0.25579713,-2.912254195,0.672664768,-0.284087353,-2.217864087,-1.072398172,-0.136374255,0.468981444,-0.978601061,-0.320849863,1.066849058,0.18314601,0.315180811,-0.10721035,29.59,0
85867.0,-3.586963862,2.609127038,-5.568577208,3.631946953,-4.543589711,-0.157899075,-4.089127668,2.417305144,-3.239900975,-5.822449156,3.369186052,-5.691925786,0.287371391,-5.413786691,-0.555549925,-5.863661713,-11.14324102,-3.480939553,2.794333404,-0.178533964,1.024422834,0.428756482,0.182032121,-0.534597883,0.168933495,-0.149843614,0.685517241,-0.299728379,310.42,1
72381.0,0.932513433,0.206660632,0.296900441,2.464251518,-0.019759127,-0.043651313,0.253881628,0.105715249,-1.00737564,0.833211814,1.337315773,0.044517823,-1.451618968,0.937913237,-0.013530575,0.379601738,-0.345835614,-0.283949254,-1.082251647,-0.084360599,0.085433944,-0.055858989,-0.075449391,0.180848175,0.399733024,0.00107881,-0.040701907,0.017396448,96.02,0
36169.0,1.25504458,0.47519743,-0.360437231,0.928820968,-0.269559579,-1.642867487,0.277731606,-0.233414781,0.098698788,-0.543200514,0.088931484,-0.953560932,-1.9582797,-0.62741536,1.115841076,0.449634497,1.039519998,0.258749736,-0.434305318,-0.206381197,-0.137881994,-0.433150197,-0.016566875,0.574184315,0.465160761,0.354671109,-0.045647143,0.03598342,0.76,0
53453.0,1.449281452,-0.936518066,0.568020021,-1.299195506,-1.459116108,-0.729639782,-0.923613553,-0.178807122,-1.990085429,1.372358889,0.169632867,-0.269477878,1.201581532,-0.414096727,0.709263554,-0.825913963,0.861855754,-0.693227746,-0.732373939,-0.316487895,-0.154805055,0.014593617,0.093003779,0.398582094,0.296353798,-0.199576142,0.051572896,0.022946379,15.98,0
121681.0,2.013077319,-0.909147634,-1.729583616,-0.747257456,0.334330489,0.797480633,-0.453956325,0.2363212,-0.680695329,0.957169749,0.587847833,0.196633871,-0.863614842,0.697309017,0.028460206,-2.208569513,0.45375737,-0.017161373,-1.131798251,-0.706413323,-0.4325173,-0.671475431,0.287981288,-1.670867096,-0.424167056,0.593675977,-0.035442608,-0.08966872,32.0,0
128740.0,1.616329924,-1.44420482,-0.456769559,-0.512087532,-1.087360422,0.161295868,-0.754052736,0.216468152,1.908111308,-0.502065359,0.518521133,1.152016946,-0.672466653,-0.195411407,-0.92739094,-0.049955306,-0.203047254,0.048333791,0.939015216,0.177108531,-0.108863185,-0.477225362,0.239655046,0.795142112,-0.636115441,0.331269511,-0.062066352,-0.01915143,189.16,0
75998.0,1.501844945,-1.19314717,0.066788641,-1.600846693,-1.259864857,-0.268558463,-1.122204999,0.040103528,-1.795059919,1.652966463,0.194988531,-1.358298409,-1.126212907,0.179197456,0.113692691,0.116888157,0.054893779,0.932936611,0.362373468,-0.365816432,-0.226430344,-0.40919436,-0.074262734,-0.565449274,0.404350088,-0.168444593,0.010980671,0.001626233,30.0,0
118192.0,-0.485210188,0.344234602,0.221035803,-0.376489671,0.523579024,-0.191885616,0.458142472,-0.120023569,1.17327627,-0.549575251,-1.806670061,0.166723929,-0.47270687,-0.483408608,-1.672046416,-0.899074041,-0.086217996,-0.014997529,0.085289902,-0.393746541,0.410210717,1.543126963,-0.274449352,0.822911779,-0.655751819,-0.208407207,-0.076852783,0.282545368,24.86,0
52769.0,0.941652129,-1.154516908,1.480220134,1.232142844,-1.738628281,0.635237286,-1.088364142,0.340692752,0.479238029,0.358786215,-1.245129893,0.299433888,-0.841370844,-0.815295251,-1.624820651,-2.553693508,1.125593666,0.293630269,-0.886736699,-0.452747849,-0.543986893,-0.88484876,0.057872201,0.366212134,0.227404137,-0.40674223,0.105619226,0.056886182,120.0,0
53411.0,1.356225386,-0.322399418,0.450949055,-0.345146918,-0.784040971,-0.434317022,-0.485365564,-0.038547627,-1.212064247,0.890284088,0.969418699,0.628067812,0.492700837,0.270830052,0.21896603,-0.871837042,-0.520121753,1.30447828,-0.383454512,-0.479988049,-0.686747034,-1.565689328,0.235117275,-0.050933659,0.007339919,0.107131938,-0.014381654,0.010508359,0.69,0
65809.0,-11.13573818,-17.43536224,2.433936196,2.221392268,13.3988842,-10.70260113,-11.47155443,1.328276892,1.979242417,1.137298853,-0.538481475,0.796296053,-0.521546578,0.427080899,2.442811971,-3.257566397,1.178340554,1.934888253,0.675739076,3.919950028,1.249251987,-0.327708974,3.253646507,0.333145445,-0.380577397,-0.01448883,-0.457074541,0.31389987,52.87,0
147460.0,2.153867246,-0.84275903,-1.239907919,-0.791319734,-0.126991779,0.432028312,-0.745409318,0.029370024,-0.48966147,0.988926952,-0.17351097,0.749892873,1.238905297,-0.131754769,-0.510999918,-0.882734469,-0.833748486,1.732322069,-0.164926744,-0.452274933,-0.369418872,-0.495451351,0.174651458,-0.278113296,-0.228299605,0.564577183,-0.039093471,-0.060912815,22.83,0
40204.0,-2.333730092,-1.537387436,1.916765736,-0.036296145,2.794875512,-2.007553137,-0.647327388,0.070655948,-0.483622034,-0.460498366,1.110092337,0.349958504,-0.312743991,-0.277442044,0.002402476,0.800496103,-0.627073301,0.493761585,-0.249905373,0.635262892,-0.063864197,-0.892533293,0.187578481,-0.073484886,0.303284665,-0.013567741,-0.264605325,-0.116751183,6.27,0
162215.0,1.882533537,-0.296294437,-0.933863925,0.038744173,-0.045518666,-0.44170831,-0.022102246,-0.096202233,0.119505653,0.188068852,1.359458656,1.488618869,0.964197451,0.353169128,0.098724051,0.608690347,-0.883649347,-0.388740429,0.279722518,0.037864188,-0.358896943,-1.233855451,0.510325848,0.739895147,-0.732465137,-0.045553107,-0.08332368,-0.03699444,72.25,0
51761.0,-0.692398463,0.396550929,1.307088293,-0.235851342,-0.029116592,-0.315527362,0.332617942,0.200969672,0.676122533,-0.485984002,-1.061565757,-0.562643371,-1.864337363,-0.061754068,-0.604137173,-0.399862002,0.188934502,-0.767594693,-0.755102823,-0.192362462,-0.026471702,0.132615181,-0.099039031,0.091790101,-0.128753625,0.383112758,0.146274965,0.103750308,24.95,0
59210.0,-6.634208545,-5.281887751,0.315506627,3.220981815,2.978703037,-2.612563833,-1.793424121,-0.700288231,0.768113879,0.920236288,-0.119483714,0.406244918,-0.53567205,0.169389882,0.840466,-0.880953525,0.863936052,-0.893933487,0.864975025,-1.803008993,0.027577828,-0.093173382,0.102882862,0.795025881,0.042740953,-0.188580462,1.198226205,-0.527575304,26.85,0
40317.0,1.174265907,0.576489798,-0.501828969,1.113922859,0.438800363,-0.274650989,0.085770623,0.093558048,-0.245799802,-0.539664676,1.653647723,0.24761849,-0.674677649,-1.017924448,0.727242383,0.622760865,0.835093046,0.815849814,-0.56667896,-0.144456783,-0.016537021,-0.002184205,-0.140296237,-0.457164412,0.612805721,-0.292877312,0.043767953,0.039360159,1.0,0
34213.0,0.637782854,-1.342132555,0.129797406,0.60172352,-0.850978342,0.549669716,-0.290996218,0.23180145,-1.13036783,0.847573037,1.286711456,0.048362975,-1.066394504,0.734759911,0.813459424,-1.595151082,0.161419229,1.081249537,-1.754547094,-0.08287085,-0.056718463,-0.355167756,-0.18839803,-0.343582271,0.168310541,-0.312918888,0.012888859,0.060822783,300.0,0
79812.0,-0.210098173,0.813344162,0.254998003,0.418462056,2.754303914,3.81064272,-0.486868504,0.1563423,-1.211949752,0.161621785,-0.346873144,-0.277551819,-0.175041225,0.453034807,0.310001514,1.370504331,-1.323711089,-0.10013978,-1.309292639,-0.180630949,0.418924169,-1.680592693,-0.576711114,0.951566356,1.380017643,-0.225478851,0.052884812,0.151475015,14.77,0
117860.0,1.948975856,-0.08752672,-3.821161094,0.219249693,3.313369337,2.895995747,0.560633214,0.447842208,-0.446612224,0.380807004,-0.130988504,0.135341123,-0.427904246,1.12729366,0.085316833,-0.925404428,-0.298418789,-0.575634598,-0.436844771,-0.084053167,0.344302773,0.916357784,-0.247945675,0.755526811,0.890750463,-0.182023913,-0.048271184,-0.072832208,75.0,0
64495.0,-0.845650881,-0.953840217,1.671713437,-2.635235569,-0.196618595,-0.121245598,-0.467773787,0.01362146,-2.305254211,0.592592546,-1.840342182,-1.207697236,1.61335175,-0.88266304,0.272042424,0.375518043,-0.406390162,0.786891157,-0.445341635,0.06970916,-0.011875655,0.064367759,-0.225753343,-1.009437014,0.624348104,-0.109276416,0.029449637,0.070184651,78.0,0
129254.0,2.005961247,-0.122923029,-1.014453637,0.314571131,-0.11688612,-0.858662866,0.05101244,-0.153114321,0.312257114,0.241216403,1.041036914,1.042867703,-0.287958204,0.532006631,-0.592065889,0.019599405,-0.43761261,-0.460369351,0.33391503,-0.239891979,-0.229486513,-0.567397004,0.34861061,0.011085765,-0.362921796,0.179290673,-0.072739573,-0.070493199,0.99,0
122150.0,-0.5453099,2.213778125,0.841039494,4.417762042,0.088357474,1.98621142,-1.951234724,-5.137244877,-2.791894822,0.367382466,-0.952512634,0.010236211,0.266432521,1.233936895,1.300257635,0.693848222,0.154407022,-0.274708584,0.86927228,1.553467537,-3.047735297,-0.901470415,0.234245404,0.467333857,0.704249903,-0.009513048,0.024216644,0.239637963,39.0,0
166285.0,2.047675593,0.023552966,-1.041406983,0.411686573,-0.034950735,-1.184039394,0.287201342,-0.414644131,0.334692738,0.02984424,-0.501793279,1.16303495,1.419839924,0.007856414,-0.108439498,-0.170380991,-0.362084349,-1.037315821,0.131130783,-0.122008047,-0.268385828,-0.590496144,0.318197938,0.083833884,-0.256544872,0.190010576,-0.063324249,-0.055582337,9.56,0
127114.0,1.670665666,-1.572718527,-0.899489839,0.342164871,-1.081825704,-0.125287746,-0.478515526,-0.131557985,0.19510053,0.619409257,-1.268125245,0.517305485,0.433515384,-0.539825497,-1.425482881,-2.310507869,0.53626659,0.792234228,-0.860873835,-0.183490761,0.009291587,0.454895364,-0.09295502,1.172128334,0.051995202,0.596331178,-0.038200613,-0.01107585,223.08,0
29624.0,-0.038468973,1.343853677,0.153022721,0.883841179,0.312584163,-1.160541037,0.996174899,-0.25578919,-0.333138945,0.515829709,-0.514431149,-0.038273048,-0.048626874,0.428268507,0.682472896,-0.577990194,-0.153542884,-0.136341324,0.352555647,0.169982452,0.103154416,0.586152564,0.018824086,0.397324724,-0.662375529,-0.410933206,0.546388576,0.289898612,0.89,0
74135.0,1.145499594,-0.30420336,0.886541189,0.510439636,-0.464473292,0.955568325,-0.826562497,0.417278032,0.745409834,-0.111777432,0.423934219,0.866606267,-0.057823563,-0.20208935,-0.172829482,0.314707179,-0.438612073,0.098118817,0.201784894,-0.09580308,-0.065896469,-0.008462677,-0.056035342,-0.776298778,0.255222231,0.380589023,0.026856439,0.005631343,12.99,0
160892.0,1.895120796,-0.148014389,-1.993037631,0.37909722,0.391921786,-0.707045266,0.20059701,-0.215244886,0.97102692,-0.948898756,-0.679353572,0.316827439,0.261055221,-1.670745719,-0.076117654,0.136236123,1.041020086,0.187261165,0.202165955,0.044440609,-0.227442445,-0.592479212,0.106538879,0.357255325,-0.022973547,-0.115418088,-0.023476645,0.000738416,91.0,0
44274.0,1.295012498,-0.632172927,0.17518751,-0.873517555,-0.639302525,-0.123504315,-0.59825881,0.047044007,-1.083275059,0.755166889,1.390260095,0.055993211,0.128450667,0.103814855,0.319865049,1.09288643,0.162511062,-1.236278036,0.56200804,0.123410429,0.225563263,0.501270462,-0.102377319,-0.273937477,0.447645547,-0.173103484,0.006898506,0.003132594,42.0,0
123605.0,-0.198465758,-0.12755253,1.395075222,-0.49693932,-0.163585977,0.415469507,0.512437366,-0.004823404,0.708973356,-0.592176428,-1.360299945,-0.430147026,-0.167639041,-0.566162381,0.443675842,0.705544265,-0.987284955,0.392753755,-0.438468142,0.240214046,0.086667974,0.211965042,0.264331684,0.452281651,-0.571464592,0.073325422,-0.136289956,-0.141651364,128.72,0
44499.0,-2.367279391,1.051034071,0.605285918,-1.748664901,-1.205487432,0.557203388,-2.306267353,-4.625373566,0.968752004,-2.973871098,-1.202066963,0.549336745,-1.95971628,1.023411696,0.131709606,-0.302337151,0.485378655,0.039781483,-0.800974989,0.716591115,-2.280022738,1.641955452,0.245611816,0.04096821,0.008123889,-0.744469105,-0.07334089,0.087073364,49.0,0
38525.0,-0.724701425,-0.205530961,2.100522151,-0.88995098,-1.034304686,-0.16178923,0.305660654,0.082980559,-0.590686693,-0.333121589,-1.587963438,-0.408466484,-0.672666175,-0.635002309,-1.66828329,-1.734513417,0.261751142,0.909344543,-1.06884815,-0.40698853,-0.385521576,-0.593046605,0.006941761,0.381550543,0.141691993,0.37039245,0.037347507,0.097570385,94.38,0
70390.0,-0.62403161,1.115134148,0.80059529,-0.44389977,0.772353591,0.032705074,0.722707099,-0.031865676,-0.612877264,0.096106521,0.395429136,0.870755348,1.297604536,0.016006376,-0.05369772,0.53509539,-1.126334688,0.385964982,0.75306055,0.158079646,-0.107539338,-0.261164962,-0.104021964,-0.811513685,-0.366527046,0.10517908,0.085932364,0.203107218,3.45,0
45263.0,-1.189757786,1.07744404,-0.175999986,-1.352850534,2.464377445,3.455932111,0.379391045,0.469387761,0.166470061,0.821438236,-0.005001508,-0.370334753,-0.061628998,-0.239535117,1.147985412,0.338130769,-1.08060566,0.006999229,0.421301783,0.17556001,-0.310862265,-0.831065153,-0.023270823,0.979531808,-0.141812003,-0.070276746,-1.15994543,-0.596638449,15.98,0
41673.0,-1.576868997,-4.28407156,-1.316952824,2.557300244,-1.619820321,-0.083155601,2.074321946,-0.438049297,-0.008166899,-0.68656152,-0.256441738,0.1006539,-0.822314427,0.792634485,0.492330066,-0.535222517,0.376365896,-0.595311251,-1.059392847,2.633864651,0.866448997,-0.58749221,-1.321205543,0.478092546,0.171069167,-0.400610544,-0.2485823,0.259754089,1427.0,0
130124.0,1.788728679,-0.034736714,-1.232284222,2.7061235,2.251383685,4.640958421,-0.978287569,1.188408963,-0.61639335,1.372081248,-0.442563252,-0.099808966,-0.031688237,0.085249245,0.010409247,1.243380924,-1.04858615,-0.477083404,-1.720851468,-0.130563515,-0.1802667,-0.706803747,0.447245692,0.611465968,-0.542784423,-0.363865559,0.022578128,-0.025250105,40.06,0
147909.0,-2.239547831,-2.19214506,0.611257346,-0.016689706,2.142678426,1.024835959,0.467142455,0.459653834,0.422309956,-0.607359136,0.209645833,0.800793303,-0.716592878,-0.20330246,-1.771138673,-1.395689585,0.506571274,-1.407098238,-0.053683997,1.074200299,0.002913509,-0.386943868,0.844246624,-1.665284363,-0.058547185,0.188825545,0.055182595,0.000187938,299.54,0
143724.0,-1.303879898,0.893504207,0.748818774,-1.211841143,0.416179104,0.336549313,0.49001232,0.628643529,-0.40333063,-1.01547129,-0.34515686,-0.336681476,-1.544930759,0.693734491,-0.817433326,0.854602244,-0.887917714,0.648748493,-0.125503566,-0.300874066,-0.003786722,-0.335180757,-0.42465945,0.069617114,0.691046367,0.238835725,-0.273945601,-0.073603956,47.9,0
46718.0,1.026671302,0.151140623,0.600733649,1.549761228,-0.344541182,-0.442198126,0.240501918,-0.140228487,0.046982618,-0.188857578,0.167903023,1.41593727,1.115035714,-0.154907509,-0.273102139,-0.934475538,0.383206881,-1.305132575,-0.594421238,-0.015960517,-0.019592548,0.124020226,-0.05900199,0.653630016,0.617538252,-0.355259863,0.039450529,0.033306443,60.87,0
150965.0,2.280303986,-1.339408467,-0.971622919,-1.596867961,-1.055053307,-0.436365255,-1.083382239,-0.191888299,-1.274749277,1.525618994,-0.96448764,-0.44775412,1.165230046,-0.601151487,-0.160044133,-0.588683879,0.447725788,-0.231140578,-0.162590851,-0.348138685,-0.187651175,-0.034314546,0.270985541,0.598156294,-0.198523196,-0.228234755,0.016221739,-0.039481487,26.4,0
141073.0,2.043097259,-0.851484746,-1.222419537,-0.786006044,-0.653371802,-1.341141367,-0.09944278,-0.470446228,-0.656158754,0.73538933,-0.403439824,0.093648537,1.161074995,-0.183797493,-0.033390844,0.840450967,0.1942304,-1.951957516,0.710159649,0.198248909,0.006453283,-0.155382136,0.209465445,0.060961188,-0.209803983,-0.441999323,-0.043634884,-0.038875122,100.21,0
69198.0,-0.705460848,0.695355447,1.545398969,-0.354193368,0.317424292,-1.04475371,0.53981986,0.085233972,-0.597790867,-0.710642274,1.36267059,0.127946357,-1.125562717,0.023262093,-0.134433302,0.791251719,-0.352681904,0.37781001,-0.469973517,-0.108726134,-0.112201997,-0.557966745,0.033119477,0.453368383,-0.450863851,-0.111179721,0.053468628,0.134052675,0.89,0
98021.0,-0.641536876,0.931989957,-0.289078358,-1.251009946,1.743431452,-1.2432722,1.558226076,-0.494178835,0.760845609,-1.229129823,-0.098174646,-2.931421956,0.969669695,2.167348798,-0.921845474,-0.477331969,0.207067297,-0.142216299,-0.732437501,-0.286438615,0.068166544,0.366385023,-0.437627889,0.588315398,0.479767077,0.062685998,-0.120261311,0.118261082,19.54,0
122969.0,0.773313688,-2.602504562,-1.090948957,0.843950162,-1.623858257,-0.579736806,0.116710964,-0.144817996,1.3474364,-0.170770114,-1.231452044,-0.959544246,-1.96500585,0.512072092,1.208761224,0.740003348,-0.514030291,0.486317945,-0.545084898,0.979706558,0.536470453,0.122047524,-0.353558091,-0.000241874,-0.655476365,0.592648221,-0.1717658,0.05791574,649.2,0
159642.0,1.622851538,-2.472580064,-2.056316134,-1.615939547,-0.918014557,-0.118793579,-0.457481299,-0.236797459,-1.792494365,1.67872876,0.228783379,-0.554881906,0.450672069,0.107780448,-0.336618226,-0.120303063,-0.098798047,0.918869618,0.061888326,0.374011764,0.313732983,0.471100931,-0.313977069,0.123340548,0.010036334,0.023567455,-0.090955198,-0.004529129,388.0,0
153780.0,-8.8619283,-10.32219218,-2.269719477,1.845471056,1.335725064,-3.10310095,-3.923538951,0.592101384,1.67341226,0.938376769,-1.8005909,0.07502146,-0.074240761,-0.259392246,-0.419616268,1.691358146,0.860081679,-1.265352433,0.959278676,-1.373839528,-0.122866002,0.151092443,-4.982003344,0.480866275,-3.438089063,-0.610064629,1.866918288,-2.015224387,2.5,0
77154.0,-0.715413746,0.608590313,1.15550089,-0.267565093,-0.563747541,-0.61889796,0.698307699,0.069836902,-0.133341031,-1.025335393,1.500629181,-0.417898027,-1.590295151,-1.074999041,0.288234298,1.377768509,0.223886854,1.311072675,-0.896071786,-0.186977993,0.130748608,0.239389294,-0.090227407,0.411572391,-0.216125966,0.353896329,-0.062361263,0.008433002,129.0,1
62330.0,1.140864737,1.221317431,-1.45295546,2.067575058,0.854742052,-0.981222508,0.325713914,-0.037721407,0.113219372,-2.12697275,0.915947029,-0.468571538,-0.523377294,-4.861866581,0.421013354,0.866440625,4.082484884,1.196318152,-1.100763584,-0.067712041,-0.377597095,-0.79345966,-0.132333172,-0.331586269,0.664877857,-0.309312434,0.099941947,0.122988312,1.0,1
127028.0,-0.769975754,0.331773447,0.955986561,-2.108311845,-0.683719466,-0.840537116,0.121121507,0.022384005,1.492508292,-1.444646887,-0.921479041,0.642824715,0.466208913,-0.266032955,0.866564634,-0.712896351,-0.124574968,0.459316963,0.97337333,-0.098052093,0.364390204,1.3097125,-0.309578658,0.139043429,-0.2761131,-0.089981894,-0.339944419,-0.108867875,30.31,0
134612.0,-1.857819566,1.996934426,-1.464256748,-1.16613384,0.307026212,-0.778784806,0.620855598,0.53160064,0.367293826,0.204756306,0.793807876,0.672325872,-0.41923957,-0.612792884,-1.337693648,0.743512488,0.11485469,0.235607147,-0.591791354,0.001558417,-0.232677942,-0.487225555,0.349849135,0.641858362,-1.08389536,-0.177890471,-0.037006525,0.17145199,34.99,0
35684.0,-0.29574832,-0.199393909,1.666042037,-0.577232687,-0.754885023,0.091809534,-0.255892541,0.268266856,-1.200911509,0.455250066,1.169760677,-0.623713912,-1.524018204,0.030734031,-0.467862553,0.029872591,1.221157661,-1.298152901,1.92088565,0.203907698,0.177045349,0.459911766,0.04289935,0.210576431,-0.454690363,-0.195176859,0.151769042,0.130619293,41.06,0
160034.0,-2.349339964,1.512604015,-2.647497196,1.753792472,0.40632795,-2.188494005,-0.686934748,-0.547984409,-0.099528113,-1.672345978,2.172976101,-3.103476671,0.217560545,-6.034402576,0.164400706,-2.383826034,-4.166478775,-1.772396947,-0.526280794,-0.093421475,-0.088519421,-0.595178282,0.25814813,0.061901133,-0.354180194,-1.152671066,-0.736072755,0.733702732,4.9,1
56052.0,1.234786849,-0.061227518,0.892719492,1.079031672,-0.642366074,0.147706413,-0.637683755,0.179964712,0.977142533,-0.11338759,-1.588461376,-0.440659218,-0.807506098,-0.086379256,0.798593496,0.564250499,-0.650242745,0.472691466,-0.039179023,-0.182002879,-0.077374483,-0.103959134,-0.089952575,-0.489646933,0.469018014,-0.343560221,0.062640025,0.026975263,1.18,0
55016.0,-0.700770589,1.376430399,1.915021082,3.070810487,-0.543832062,0.292013662,0.136426255,0.500739184,-1.321143067,0.206623449,-0.918687741,0.286813043,0.696765521,0.050981297,0.055267241,-0.267160899,0.483143713,-0.337766593,1.206965423,0.135138553,-0.18458102,-0.573953689,0.14952163,0.37966303,-0.412195663,-0.068376762,0.025494404,0.081763728,45.63,0
162474.0,-1.022401199,0.900657287,-0.314677236,-0.51944925,-0.02420003,-1.192972197,0.465893604,0.200796862,0.410227452,-0.121553621,-1.345747709,-0.822584739,-2.04177257,0.699700185,-0.102844501,0.045769447,-0.102695108,-0.569308463,-0.104771919,-0.47550164,-0.216381289,-0.712975895,0.360468959,-0.081185943,-0.543170387,0.111982075,-0.40874109,0.070383819,9.99,0
99413.0,-0.586644118,0.269939061,-0.27791996,1.163828105,0.28745494,0.25896161,2.480945861,-0.453400946,0.609340072,-0.244123272,1.124153353,-2.927478641,0.017091602,2.198378412,-1.530964921,-0.901741704,0.505133395,0.780377202,0.895482523,0.73895322,0.120551658,0.4238115,0.420349977,-0.515759114,0.079522093,-0.44517471,0.121896332,0.021216013,339.59,0
68491.0,-1.040100412,1.040865647,2.521224291,0.177886805,-0.293482525,0.46421935,-0.092756414,-1.548480392,0.50645768,-0.586114601,-0.353302528,0.776654614,0.42461006,-0.737194269,-0.355243658,-0.256286132,-0.130516644,-0.605348792,-1.283800402,-0.443015951,1.566140943,-0.008920615,0.084261469,0.376089998,-0.240423283,-0.606361905,0.100913334,-0.063444311,9.99,0
844.0,1.274559354,0.048752283,0.67617689,1.056448227,-0.202604284,0.554412908,-0.553321061,0.123965909,0.720242676,-0.093524412,-1.859960142,0.194489314,0.951242085,-0.468893342,0.616747314,0.662803929,-0.965324519,0.581730618,0.039529671,-0.058657916,0.035809314,0.326667731,-0.264367049,-0.971458028,0.71536266,-0.157523745,0.070832402,0.022330312,1.0,0
28692.0,-29.20032859,16.15570143,-30.01371249,6.47673118,-21.22580965,-4.902997397,-19.79124841,19.16832739,-3.617241786,-7.870121943,4.066255073,-5.661492423,1.292950145,-5.079845681,-0.12652274,-5.24447152,-11.27497259,-4.678436529,0.650807371,1.715861824,1.809370933,-2.175815203,-1.365104108,0.17428636,2.103868072,-0.209943999,1.278680971,0.372392714,99.99,1
123442.0,2.00365417,-1.186923224,-1.131955332,-0.890872071,-0.817551753,-0.632011652,-0.60868048,-0.116090463,-0.327894993,0.922988318,0.529046462,-0.25630388,-0.589732058,0.097365364,-0.663706047,1.204142112,-0.054861659,-0.800461075,1.015206902,0.109363262,0.267842835,0.573758989,0.028807818,-0.323441285,-0.099406701,-0.168991023,-0.041806454,-0.056125996,99.85,0
32833.0,1.179691995,0.422333732,0.783282183,1.224408663,-0.572820703,-1.174679855,0.198270272,-0.265736898,-0.142958875,-0.05332168,0.328795053,0.978236527,0.94780753,0.174005293,0.891622085,0.028935001,-0.344745931,-0.631633606,-0.498214221,-0.081135898,-0.179876978,-0.493196321,0.150851814,0.895118461,0.328869995,-0.667379196,0.030573413,0.038357599,9.99,0
163157.0,-0.369197637,1.494134642,0.665531834,2.27346333,1.673477219,0.533162336,1.145621221,0.083295072,-2.193612609,0.893024307,-0.592294132,-0.571453032,-0.255033849,0.518417047,-1.35863687,1.386746229,-1.617334879,0.797803301,-1.191964941,-0.178437238,0.295435041,0.725227194,-0.475712519,-1.053232966,0.116848809,0.13372806,0.091756436,0.132636139,2.28,0
154709.0,-0.542760437,-0.429543373,0.230229806,-1.466918341,-0.126093256,-0.691633496,1.205223168,-0.154578061,-1.631472852,0.089392596,0.529322764,0.216977733,-0.27444086,0.453505516,-1.257066347,-1.141983296,-0.64310814,1.188731783,-1.330419568,-0.208002008,-0.310845748,-0.883994347,0.660232682,-0.084285715,-0.982545391,-0.253086264,0.090586591,0.220782298,193.24,0
36776.0,-0.176283788,0.557518829,-0.201497785,-1.059673837,3.023477999,3.231972927,0.488702901,0.626473064,-0.420125747,-0.282679282,-0.321439052,-0.326462469,-0.204391319,0.173592021,0.491566968,0.461707059,-1.28702935,0.353013523,-0.557812262,0.022163487,0.019175836,0.03572497,-0.260339226,0.986981801,0.241888391,-0.530041227,-0.112572234,-0.179450807,2.75,0
83099.0,-0.486063882,0.86020685,1.70770684,1.504547604,-0.109514411,-0.583658363,0.359188556,-0.069427855,-0.551018328,0.101920765,-0.485292151,-0.711069062,-0.874788291,0.480085482,1.952061369,-0.496713198,0.224181265,0.304006794,1.446631501,0.052147747,-0.012085387,-0.07270151,-0.246315916,0.367179712,0.25939079,-0.158521827,-0.064023915,-0.000269684,20.03,0
29062.0,-1.237879655,-0.076571004,2.651566215,3.50840249,-3.36322479,2.96567288,0.935118653,-0.429874659,0.123140047,0.086447128,0.101544129,0.208725855,-1.07529565,-0.866283995,-1.71228687,-0.227558655,0.58305383,0.922497084,1.407879311,-0.035770105,0.940979343,0.783328848,0.112269784,0.590705101,-0.229949085,0.453280605,0.501398489,0.009913896,556.33,0
162057.0,-1.090888166,1.145428288,1.200465777,1.178494319,-0.231727651,-0.334305082,0.391122693,0.080833748,0.970252388,0.612331811,-1.089852902,-0.005934567,-1.207177736,-0.314011256,-0.834452538,-1.092700901,0.496635385,-0.755435458,0.929220946,0.128176492,-0.493151903,-0.937162256,0.264765093,0.297739604,-0.760960971,-1.023342723,0.448410265,0.460054548,10.04,0
143055.0,1.837395286,-0.088286894,-2.268945143,1.007227035,0.989485149,-0.377806302,0.775139942,-0.252736162,-0.360622281,0.484794363,0.51380984,0.51967411,-0.396747015,1.059708791,-0.346201692,-0.084922091,-0.801845134,0.230438552,-0.017088637,-0.020673768,0.209570537,0.376056413,-0.138268162,0.216634167,0.455206457,-0.515871076,-0.062162289,-0.052196815,120.4,0
94952.0,0.842025259,-0.365518406,-2.464063331,4.820885964,0.775505434,-0.614784605,1.3680244,-0.526261742,-0.121356447,-0.357616193,0.637766685,-2.81888227,2.360595414,-1.10869894,-1.449951095,1.573739874,2.202651544,0.800471467,-2.103582903,0.944915098,-0.110621879,-1.257800026,-0.324418363,-0.420020001,-0.219501078,-0.268872636,-0.144582319,0.10446406,571.48,1
25849.0,-0.555377845,0.962236559,-0.429750506,-1.153076335,2.477524818,3.261875082,0.1429931,0.938068628,-0.313702415,-0.144777336,0.014088056,-0.32470203,-0.074392594,-0.328991315,1.117332108,0.700407395,-0.493603876,0.311065967,0.252059715,0.361853793,-0.349063162,-1.029027902,-0.015216363,0.931792261,0.051103506,0.093217076,0.355797102,0.156059162,16.89,0
78358.0,-1.035181413,1.117097149,1.619649263,1.281573988,-0.026690749,0.258318874,0.155227005,0.641014517,-1.039483886,-0.479550586,1.182449877,1.142462863,0.010371288,0.52419058,-0.459787198,-0.97066743,0.664576532,-0.233701667,1.031588367,-0.017573988,0.079617839,0.244664749,-0.266534444,0.260637512,0.422824054,-0.161819184,-0.017668941,-0.020308114,8.31,0
162198.0,-0.528155677,1.446500619,-1.049820701,0.844707545,1.635511217,-0.075646702,1.417581637,-0.02344706,-0.717420008,-0.149107308,0.607261828,-0.06489892,-0.650520586,-0.870400192,-0.719587895,-0.359206675,0.914366055,1.005379976,0.984245754,0.246814945,0.000622793,0.374777088,-0.198077802,0.094912277,0.151834626,-0.386281485,0.583224336,0.316988583,47.68,0
59518.0,1.006174542,0.081533721,1.529571786,2.772444779,-1.031759558,-0.114296969,-0.502388774,0.124017626,0.034980803,0.544034895,-0.643890749,-0.0800164,-0.378607061,-0.194696407,0.170695504,0.717705115,-0.428783726,0.029679864,-1.200871469,-0.07955992,0.152794979,0.412499332,-0.047360872,0.724171152,0.315816696,0.081930332,0.026133118,0.046000536,55.6,0
102676.0,-5.552122171,5.678133913,-9.77552798,8.416295394,-4.409843819,-1.506235355,-6.899838797,3.750442897,-3.879792558,-6.86416436,7.05106509,-10.13752919,2.815439815,-9.909168054,-0.262229551,-5.022557177,-8.522974872,-2.012939062,1.525732441,-0.064780137,1.128472231,0.228484047,0.286257667,-0.536294098,-0.104924889,0.420919229,-0.297556885,-0.946184387,119.74,1
59606.0,1.181214994,-0.034054777,0.194495887,0.551489266,-0.047601375,0.113685128,-0.031617585,9.88e-05,0.115126327,-0.066997273,0.457567115,1.391480567,0.966654738,-0.101025712,-0.950170345,0.114820492,-0.571237113,-0.057446165,0.801928495,0.047801655,-0.20292093,-0.465567547,-0.14372107,-0.43764428,0.553061079,0.296366503,-0.027554002,0.002302999,41.33,0
51337.0,-1.84055137,1.074372461,0.34822464,-0.486998281,1.324373725,0.709237377,0.881401788,0.421399358,-1.06190654,-0.577921698,-0.093950834,0.721597214,0.880709426,0.522290964,-0.169988463,0.663400901,-1.091967332,-0.062987463,0.048015963,-0.482848473,-0.377256401,-1.112480403,-0.064143422,-1.744688182,0.63358995,-0.723170226,-0.339581862,-0.112257636,54.0,0
163220.0,-1.893380614,-1.894393663,0.604349699,-0.948153245,-0.032527274,-0.905924558,2.047539333,-0.573166378,-1.701279283,-0.196782848,-1.078467319,-0.649191712,0.046564352,0.046675342,-0.321680489,-1.846301711,-0.044391624,0.857054075,-0.624087659,0.886967343,-0.217698146,-1.11000813,0.919149737,-0.023474956,0.776690905,0.571202934,-0.405304915,-0.131720473,471.6,0
42841.0,-2.023452388,0.006255942,0.710477619,-4.413976763,-1.706943132,-0.561195335,0.457627941,-1.776394742,0.994598201,-0.721266207,1.256105489,1.819173359,0.867658386,-0.46938175,-0.740440419,-1.870991645,-0.469612401,1.688992769,-1.032741376,-0.953168809,1.075613784,-0.377980051,0.216985295,0.533610875,0.311428446,-1.0737008,0.920135399,0.352527818,202.58,0
164905.0,-0.927300691,0.684356142,1.611731167,-2.358364961,-0.175528181,-0.787358859,0.563894831,-0.243617384,0.973373424,-1.513024722,-0.593850856,0.84134269,1.051599096,-0.356496906,1.131942077,-0.666530531,-0.237624298,-0.129716464,1.370456292,0.015705666,-0.178543755,-0.473037364,-0.242175197,-0.088313889,0.344768704,-0.387333094,-0.327473572,0.067936743,4.54,0
8980.0,-2.923582528,-2.65328706,3.471480814,4.289432103,0.308936514,0.620977993,-0.619557804,-0.231190907,1.867537292,0.417259622,-0.240217199,-2.52165919,2.007314937,-0.15944981,-1.117593031,-0.49234352,1.058011453,0.586229779,1.055600899,0.162397299,-0.170474035,0.612179208,-0.258584336,0.472739668,0.119726919,0.432774744,0.046089616,-0.369593277,413.21,0
101188.0,1.303501308,-2.257829478,-1.06032101,-0.605285422,-0.56130929,1.449881363,-0.828534016,0.318133989,1.270891608,0.155876873,1.747669553,-2.359472337,1.1317797,1.370439494,-0.977416014,0.473882072,1.508062047,-2.074937345,0.053293782,0.567736911,-0.050422251,-0.631038089,0.106805871,-1.726141199,-0.824083692,-0.537316383,-0.048027002,-0.012415943,388.04,0
4582.0,-1.351081219,1.064695052,0.825628848,-1.032768224,1.96102982,4.11964232,-0.371524419,0.924081396,2.370317226,0.476904251,0.476923741,-2.678310933,1.507074308,0.527733411,-0.437268233,0.132547389,-0.072348532,0.569434065,0.232416072,0.674333995,-0.47170146,-0.395687439,-0.239931226,0.96107234,0.162805028,0.220572857,0.014107509,-0.379803267,9.2,0
121530.0,1.989321836,-6.2e-05,-1.471223167,0.53322914,0.211415679,-0.435045996,-0.199235761,0.041783415,0.505525905,-0.21996068,1.141011146,0.356398309,-0.898260055,-0.724007866,-0.202408281,0.595203951,0.397351095,0.642856567,-0.077214988,-0.211503854,-0.042488413,-0.041556525,0.221208691,0.602706183,-0.193119083,0.213684784,-0.040246444,-0.034781334,1.69,0
77971.0,-0.838081073,0.120463934,1.288306044,-1.97848967,-0.450137581,0.008846546,-0.557880842,0.509976433,-1.128386098,-0.352753139,-1.893073167,-0.999452835,0.939885387,-0.434410546,0.490145128,2.145425506,-0.554877015,-0.304843968,0.201108681,0.126580919,0.445959548,0.969984897,-0.379885507,-0.962872098,0.30031988,-0.115585442,-0.024717295,0.007407837,29.99,0
132008.0,1.893719811,-0.599079967,-2.82173005,-0.706476959,2.3710703,3.229062748,-0.338958477,0.711204512,0.47748919,-0.010243729,0.05791662,0.288815762,-0.11456456,0.68323592,1.210626271,-0.237929821,-0.602429424,-0.120286351,-0.406063307,0.003423643,0.307919934,0.744487326,-0.034650287,0.742718505,0.258396725,-0.089860244,-0.013255497,-0.049484528,86.0,0
165903.0,2.043167083,0.384031643,-1.811558103,1.216583602,0.693471375,-1.196102391,0.779182688,-0.451324194,-0.220421876,0.352721517,-0.373424435,0.365552743,0.035616405,0.784550405,0.224619609,-0.557014475,-0.288505817,-0.615673488,-0.579699415,-0.256920965,0.148214644,0.514874488,0.068615858,1.091083495,0.435987849,-0.538333218,-0.032461955,-0.052488191,6.7,0
118580.0,-1.152925854,0.749622902,1.157737532,-0.144794476,0.528027496,-0.596444285,0.824946731,-0.304849608,-0.008564322,-0.474913108,-0.776982453,0.676952432,1.099677571,-0.38050846,-0.066143963,-1.296288154,0.312565654,-0.432495226,1.35319564,0.059070689,0.057718476,0.635453922,-0.794163129,0.12091177,0.78090198,0.415528206,-0.594752964,-0.560914198,10.0,0
52483.0,-1.251768026,-1.004910398,1.318345579,-0.980450005,-0.789735343,0.888839629,1.043663161,0.275020627,0.476402969,-1.245965134,-0.416645309,0.297228139,-0.512088568,-0.41331749,-1.607709734,0.679012448,-0.800964444,0.494280588,0.376239019,0.718838888,0.081808406,-0.330964069,0.694661138,-0.708334439,-0.257658433,0.755403013,-0.072981226,0.140282889,358.31,0
59148.0,-0.828493386,0.484886204,0.810934361,-3.154617411,0.059484618,-0.899475875,0.69156239,0.027993765,1.885670815,-1.610820815,-1.82054033,-0.169750479,-1.267226454,-0.258146328,-0.794881672,-0.317321107,-0.559409897,-0.044148912,-0.190189174,-0.056019088,-0.109829707,0.059541187,-0.36959657,-0.436662851,0.35917164,-0.223560507,0.437490518,0.233962208,3.71,0
36532.0,0.867517605,-1.633480301,0.925683544,-0.410749763,-1.962040005,-0.19441953,-0.991386307,0.031093696,-0.118996178,0.516536167,-1.012873935,-0.54970067,0.113927478,-0.280017615,1.573982201,-0.473754765,-0.434079367,1.847869343,-1.10419263,0.045506273,-0.043564604,-0.199648564,-0.184183975,0.075788159,-0.099990566,1.11337689,-0.052672282,0.066564651,260.44,0
157310.0,0.136177664,-0.180948734,0.431026918,-1.25255077,-0.315371078,-0.981730844,0.273607991,-0.12779251,-0.78507146,0.232128861,-1.57831716,-1.129707137,-1.242692901,0.183990172,-0.223792769,-1.404584854,-0.139702535,1.240218724,-0.975083774,-0.584708423,-0.256928036,-0.316725725,0.071302311,-0.063589756,-0.527800583,0.552142294,0.00779267,0.037673604,29.95,0
138743.0,2.124372196,-1.157695492,0.399585764,-0.757362256,-1.765010916,-0.325931434,-1.659857531,0.083598373,0.595595614,0.672185449,-0.772039076,-0.276042454,0.687143997,-0.935153108,0.636841401,1.582757376,-0.061235462,-0.810284772,0.108906933,-0.022778831,0.428837498,1.39034039,0.207484535,0.02981586,-0.421019151,-0.088156816,0.063418572,-0.032812764,0.02,0
55715.0,1.295087388,0.060840418,-0.230662389,0.055357712,0.552440141,0.77668046,-0.196321443,0.224927879,-0.008837021,0.07914612,0.056132057,0.252817887,-0.088728938,0.480427837,0.775722535,0.738885555,-0.989067177,0.141681705,0.467399799,-0.096141511,-0.298517917,-0.88512593,-0.052961591,-1.732309433,0.324657359,0.215972809,-0.022626662,-0.013351483,1.98,0
96113.0,0.141591066,1.084147728,-0.319929809,-0.352795777,1.002843326,-0.752168522,0.834840676,-0.152249431,1.329042325,-1.188000038,0.064150086,-2.952503041,1.116706717,0.521196574,-0.907551929,0.36019287,1.090004613,0.161994614,-0.386858785,-0.048193833,-0.503434677,-1.087610698,0.106978254,0.396589714,-0.446574234,0.082246107,0.190743827,0.076131151,4.49,0
165653.0,2.067450821,-1.691398529,-0.694376664,-1.468332364,-1.609112058,-0.674068057,-1.14264413,-0.133836246,-1.374972243,1.689341581,0.773585328,-0.022981654,0.385792699,-0.282789579,-0.827990383,-0.325091621,0.256363493,0.4256223,0.038583465,-0.255086917,-0.047686409,0.165978597,0.177086749,0.063026302,-0.326140401,-0.21256322,0.001483926,-0.040486393,102.0,0
72562.0,1.125407025,-0.653027202,1.085422632,0.174866389,-1.381237612,-0.110897059,-0.894782171,0.336592091,1.318286863,-0.220454847,0.480759405,-0.051913124,-2.581289098,0.138479129,-0.728822905,0.195781485,0.035142809,0.164969812,0.765942875,-0.181325985,-0.197811586,-0.514730126,0.078545064,0.349527359,0.014951727,0.93084533,-0.057790522,0.00264055,30.0,0
151713.0,-0.784862065,0.343165332,-1.13668043,0.011518714,-0.146869918,-0.983879345,1.139716436,0.279017127,-0.384556256,-0.992053785,0.97886515,0.18063321,-0.78899179,-0.129244355,0.050250056,0.397620152,0.420490055,1.385015262,-0.003319603,0.449216138,0.510029414,1.026128588,0.385433478,-0.033814133,-0.281314235,-0.169637427,0.182633927,0.08669223,229.0,0
81372.0,-0.885254089,1.790649232,-0.945148961,3.853432747,-1.543510075,0.188582114,-2.988382756,1.344058551,-2.294534709,-1.88617599,1.904283593,-4.002414031,-0.936955588,-2.801915423,0.798328053,-2.348739926,-6.426734307,-0.827308425,1.732381758,0.370040521,0.746159905,0.550802012,-0.034882342,-0.567608404,-0.528317953,0.258782457,0.506892695,0.176735549,7.57,1
65533.0,-0.628444326,0.910546256,-0.637448896,-1.126018432,2.369640906,3.175336023,0.034556078,1.244649114,-0.948579885,-0.659844478,-0.330408824,-0.028469069,-0.045982686,0.793761345,0.759349571,0.520258352,-0.654127775,-0.191848872,0.606765609,0.003722925,-0.37341796,-1.491019829,0.226276574,0.950541788,-0.577120971,-0.217261104,-0.028829771,0.077673952,21.14,0
2423.0,-0.322782045,0.731608633,0.902574371,-2.155407027,0.454528559,-1.208933937,1.193645953,-0.436663024,0.800036226,-1.162134882,-0.710536027,0.297745303,0.317844774,-0.039148957,0.870953195,-0.456669335,-0.77708891,0.150068157,0.083488288,0.074902402,0.032816231,0.499560869,-0.363005729,-0.096746285,0.154804421,-0.810028671,0.241138481,-0.017775726,1.0,0
127273.0,-0.137233836,0.49408184,-0.748447735,-0.04058218,2.944515679,4.101693928,0.119319554,0.973255905,-1.12335391,0.517164362,-0.709063983,-0.527810919,-0.386376248,-0.08633087,-1.322968279,0.503241836,-0.415636072,-1.028253644,-0.896448317,-0.091169209,0.076760991,0.143328418,-0.050743379,0.818626299,-0.575990019,2.283483383,-0.217145845,0.020490877,19.95,0
81339.0,-6.548495675,6.318219288,-3.575768379,-0.217462459,-1.971167153,-1.692515023,-0.480911941,1.646228128,3.447558049,6.788811433,-0.522671899,0.59943762,0.057220995,-0.179383596,0.935612809,-0.739545433,0.165649865,-0.363381104,-0.262249962,2.517477693,-0.607703385,0.297008219,0.383982302,0.300678946,0.315710919,-0.583457026,-0.134197131,-1.291812176,1.79,0
79498.0,1.18933619,-0.420635658,1.008918951,-0.789657103,-1.284366002,-0.625543684,-0.696322654,0.121866964,1.603844756,-0.900395103,1.379131628,1.299990629,-0.531761064,0.133744071,0.597458313,-0.288060568,-0.300462288,0.662136381,0.771323865,-0.1449944,0.048478046,0.333907462,-0.018512864,0.549446435,0.430394887,-0.715414047,0.087675394,0.026385391,1.0,0
63686.0,-1.67860832,0.932735921,0.455573206,-3.121151212,-0.5168671,-1.161732076,0.062195548,0.895112059,0.336791706,-1.969498133,1.3834006,1.519991311,-0.218365222,0.954801859,-0.088115009,0.159621672,-0.366188832,-0.179498333,-1.052569533,-0.335636323,0.18808386,0.286616566,-0.072396436,0.237968875,-0.008272511,-0.357576007,-0.063450738,0.013469645,12.52,0
137350.0,1.987063452,-0.315996576,-1.321528276,0.270513812,0.015952944,-0.506291239,-0.033625261,-0.008395217,0.570175568,0.26142746,0.585247353,0.179137106,-1.818153894,0.779722738,-0.689133338,0.03564231,-0.348940056,-0.156502028,0.500046459,-0.260874682,-0.209424578,-0.634600051,0.315034158,0.730853018,-0.276283439,0.22409286,-0.097140422,-0.066323028,22.81,0
138709.0,2.14881265,-0.074116297,-2.573259763,-0.337781672,1.000894324,-0.596483884,0.502468301,-0.201749263,0.256163141,0.229731252,0.094146853,-0.291479288,-1.828870097,1.31278697,0.016979649,-0.166077354,-0.654421309,0.370748603,0.64479294,-0.302968354,0.126097226,0.365870107,-0.086475997,-0.105701879,0.457918061,0.247134039,-0.104046286,-0.094672768,1.89,0
40589.0,1.46622722,-1.237043434,0.760214243,-1.352673929,-1.814018347,-0.380353583,-1.46499825,0.104802903,-1.318543801,1.440263864,-0.609560719,-1.806562949,-1.284394653,-0.102869762,1.294443032,-0.356146411,0.757493892,0.083925715,-0.78553638,-0.482352611,-0.05803322,0.206717203,0.057140611,0.027775035,0.207464812,-0.067165303,0.057435889,0.018892885,6.0,0
142220.0,-1.791870803,1.180291141,0.261683033,-0.964070173,0.036960259,1.495879177,-0.69312827,1.431770986,0.510528463,-0.683217625,-1.289372684,-0.104913491,-0.665821133,0.343362624,0.826158836,-0.280336005,0.510979964,-0.887007665,-1.294921248,-0.202474016,0.334079454,0.967350744,-0.124330854,-0.524028021,-0.181874463,0.696400953,-0.02938734,0.124806735,18.93,0
128386.0,-1.066768105,1.133932729,-1.234039807,-0.992832072,0.974399876,1.172810794,0.017871656,1.155250325,0.084536037,0.063230089,0.829825333,1.122359733,-0.22307141,0.660180351,-0.517356233,-0.708376291,0.37570769,-1.531776338,-0.86034643,-0.023712911,-0.118215131,-0.037203927,0.303612427,-0.667558994,-0.764732212,0.21214944,0.112298146,-0.149701956,8.12,0
138914.0,-0.498075957,-0.277880782,-0.127614839,-1.887307098,1.256383309,-0.631402136,0.57694464,-0.17996316,-1.298167174,-0.012047021,-2.118778659,-0.725720116,0.247184478,0.014882559,-0.850864954,-1.456002237,-0.547124045,1.41224064,-1.218663083,-0.380438511,0.059920485,0.549941746,-0.317369311,0.096333288,0.251915529,0.878264729,0.040437371,0.147516232,29.45,0
63534.0,1.157976724,0.380804555,-0.2507143,1.001454572,0.486424085,-0.163111131,0.450275988,-0.090764093,-0.690298201,0.194303331,1.369261889,1.224791699,0.640966718,0.63548611,0.145605512,-0.204732645,-0.456637923,-0.304337909,-0.266118043,-0.068303366,0.084197554,0.267992932,-0.198632592,-0.281141457,0.799663401,-0.252612163,0.002304226,0.000224157,28.61,0
144224.0,1.828146208,-0.644690966,-0.41813752,0.416310475,-0.863071846,-0.803366738,-0.346491566,-0.114209529,1.08158504,-0.028354541,-0.833535244,0.179632977,-0.311179816,0.053542576,0.572305543,0.439415107,-0.46498088,-0.437509269,-0.065617488,-0.03556754,-0.212190112,-0.734132519,0.368945642,0.02705287,-0.697151309,0.22172916,-0.05934685,-0.02853074,98.99,0
85883.0,-1.105063675,1.676528765,-1.936717258,-0.889241398,2.628959767,3.377082312,-0.969974215,-1.737478407,-0.774977193,-1.032211116,0.03106383,-0.221267922,-0.376085646,-0.577517494,0.789519035,0.885699574,0.473868405,0.779212402,-0.023027599,0.576323714,-1.314396787,0.039953873,0.171697482,0.882350597,-0.161698635,0.197247346,-0.695610307,-0.209260948,0.76,0
128562.0,1.996393024,-0.287216647,-0.481323445,0.276471178,-0.398574376,-0.322079994,-0.494710154,-0.008501929,1.173267079,-0.138416387,-0.823707517,0.445144008,0.305932919,-0.005516793,1.026005618,0.400208376,-0.736610256,-0.01601056,-0.142983189,-0.166551276,-0.136549813,-0.32762984,0.381855779,0.619082596,-0.408194916,-0.636683176,0.028165369,-0.022643182,13.02,0
28042.0,-0.664202092,0.825378638,1.058997364,0.309483932,0.215459614,-0.635906515,1.617639431,-0.837273563,0.389417818,1.225299277,0.316963525,-0.770409391,-1.365200751,-0.138558449,1.389191121,-0.908910799,0.067078921,-1.14469379,0.322089075,0.177076413,-0.479166115,-0.679428218,0.249000201,0.343634448,-0.668465805,-0.047386654,-0.470550221,-0.418612476,68.0,0
161741.0,-1.105573628,1.164044646,-1.100459557,-1.348259981,1.514087667,-1.114720075,1.832211878,-0.580638039,0.040158323,0.932513396,1.117527065,0.867777901,0.390877255,0.278603494,-0.792653518,-0.601410566,-0.863096162,-0.045134968,0.105803334,0.238163221,0.094724466,1.039286815,-0.035231307,0.832026078,-0.115221005,0.018196529,0.47323138,0.279165554,30.82,0
76857.0,1.140207954,1.156431079,-1.471577967,2.076278405,0.774809059,-1.002531952,0.264947929,0.013162261,0.248835339,-2.100666513,0.763204841,-0.944916479,-1.419034471,-4.683619696,0.519282301,0.908454083,4.133666669,1.306204525,-1.094716474,-0.125097258,-0.387894981,-0.866811936,-0.12158264,-0.356108586,0.634572811,-0.306311023,0.094086818,0.121064728,1.0,1
30402.0,-0.523103934,0.468020336,2.113821397,0.951574794,0.929104386,2.310070138,0.51761814,-0.077864311,1.014845766,0.573697072,-0.701383356,0.50865544,-0.003237372,-1.435171805,-1.821743762,-1.218269432,-0.050715477,-0.119127956,2.259996828,0.349477511,-0.570236048,-0.597954551,-0.445293188,-1.690439584,0.047046649,-0.390960195,-0.300960043,-0.516387589,24.94,0
139881.0,1.87246761,-1.3661056,-0.855755793,-0.606119525,-0.784460922,0.369161176,-0.89854001,0.160000556,-0.1625381,0.931633537,-0.005722675,0.173417605,-0.234335091,0.106963199,-0.153789283,-0.634546057,-0.702099779,1.690433756,-0.293039759,-0.312455188,-0.549089814,-1.41553345,0.361612147,0.021601449,-0.756929603,0.20831345,-0.052553269,-0.026872652,140.41,0
59378.0,-0.839034699,1.173926909,1.206227676,-0.089576672,-0.328748873,-0.637185956,0.24493247,0.513263662,-0.810420551,-0.369566422,1.134802655,0.753335217,-0.076059675,0.675435438,0.120657105,0.523192669,-0.470823301,0.196956928,0.297143998,0.024321064,-0.126169614,-0.505372781,0.041535461,0.306175274,-0.199705228,0.055903622,0.133415552,0.041584431,11.99,0
30841.0,1.26210252,0.306258534,0.527578576,0.612358904,-0.410994914,-0.97295021,0.11217415,-0.247922653,-0.068395548,-0.08754296,-0.091462279,0.76753817,1.067180403,0.089390336,0.949644764,0.268706778,-0.467494683,-0.633262595,-0.122244341,-0.046007076,-0.24938365,-0.683385519,0.127376582,0.395281726,0.243631385,0.092397094,-0.024054931,0.020502415,1.29,0
152251.0,1.277991466,-1.486203866,-2.168921023,0.213322068,0.125914118,-0.108472776,0.604366298,-0.247492423,0.092389841,0.129531947,0.482793368,0.757721318,0.472347954,0.607707071,0.039255901,0.48772726,-0.98070718,0.501213755,0.173518286,0.738581076,0.474059411,0.467956357,-0.384638444,0.195316444,-0.015754671,0.726611111,-0.177937032,-0.005413928,429.0,0
74993.0,1.200322468,0.264401055,0.399294967,0.630906544,-0.470657188,-0.880684462,-0.057687354,-0.032137129,-0.141399253,-0.094366946,1.702115196,0.640772242,-0.552402877,0.052001567,0.450701353,0.64642346,-0.14457284,0.21041569,0.019248179,-0.120236672,-0.230650381,-0.733433728,0.150717757,0.477375769,0.136933252,0.06665072,-0.030756205,0.021137102,0.89,0
30461.0,1.334221132,-0.577756411,0.11070992,0.009477669,-0.639170119,0.009695382,-0.516674099,0.062287639,-0.399454946,0.630974613,-1.426073578,-0.745139407,-1.207335716,0.131136682,0.016008809,-1.958263214,0.497149908,0.557332045,-0.693092028,-0.626435295,-0.541122776,-0.941635486,-0.000568117,-0.487664911,0.418769659,0.436314285,0.000335031,0.002063242,14.0,0
41870.0,-20.9069081,9.843153223,-19.94772605,6.155788648,-15.14201316,-2.239565648,-21.23446315,1.151795066,-8.739670371,-18.27116817,4.677349297,-9.583566437,1.035165824,-8.199690029,-0.326518882,-8.376438821,-18.48546032,-7.589973959,1.126640365,0.396654845,-1.977196194,0.652931885,-0.519776859,0.54170173,-0.053860761,0.112670774,-3.765371009,-1.071238312,1.0,1
95559.0,-16.30865006,11.61480054,-19.7393863,10.46386628,-12.59914566,-1.202393318,-23.38050782,-5.781133005,-7.811022382,-16.30353766,5.573625273,-13.63521612,-0.483236244,-7.352792243,-2.392684189,-8.728142394,-17.59885355,-7.455956329,0.169740706,2.106033871,-4.884982624,1.140910436,1.392952631,0.348996605,-2.167509751,-0.798753538,-2.942775073,-0.462679619,1.63,1
50153.0,-7.646180569,4.01394904,-4.748102513,2.829530267,-3.860231387,0.577528714,-2.718908782,4.875865591,-1.125351333,1.305435701,-3.043303989,0.452079174,0.026782521,3.307312607,1.61507165,1.498708574,1.570865387,0.288661677,0.600345368,0.207636095,-0.141731631,-1.144734019,-0.550483599,-1.340267292,0.285451167,0.158334741,0.136487824,-0.08426935,90.24,0
143781.0,-1.058927286,2.392897665,-3.26574923,4.886516419,1.393033032,0.080462009,0.436547771,0.729025394,-2.186594152,1.261919077,0.897468865,-0.262189358,0.349000546,-2.108117913,-0.339189949,0.899235497,2.595880431,1.731088653,1.086905592,0.113172377,-0.090711842,0.037939408,0.038202962,-0.03608005,0.318314356,0.554019936,0.070629077,-0.323045144,21.94,0
66426.0,0.994033506,-0.740768477,1.45961888,0.013114312,-0.76648828,1.892175435,-1.433285482,0.775518993,1.455372735,-0.623680787,0.157148929,0.833494277,0.061432509,-0.631758336,1.39442237,-0.973513479,1.081142671,-1.927743976,-1.493104083,-0.185832017,0.241453849,1.11368451,0.076800478,-0.836274921,-0.146505662,1.337001938,0.063118875,0.006892095,12.0,0
133465.0,1.092187346,-1.936114695,-0.742690698,0.626054153,-0.861825449,0.735219282,-0.367658464,0.162170071,0.974413173,-0.035394433,0.367724024,1.024158632,0.624076663,-0.098819872,0.121401469,1.045670075,-1.132820137,0.805713962,-0.02596605,0.80935399,0.309958069,-0.03719045,-0.129509845,0.232608784,-0.633778383,0.095432772,-0.084776616,0.03749113,462.51,0
122834.0,-1.157021593,1.478851439,-0.780224865,-1.851001196,1.197738254,-0.283354161,1.101882242,-1.236614539,1.343541217,1.303098032,0.39140733,0.159070767,-0.70954294,-0.053024647,-0.342740213,-0.130568811,-1.385307091,0.7943376,-0.276640945,0.325315205,0.921986995,0.956279097,-0.072309193,0.170469075,-0.395345831,-0.65932333,0.478907336,0.151383441,6.84,0
52193.0,-5.414385514,4.458891314,-0.115776836,-2.543394307,-0.989684185,-1.090523988,0.816536756,-0.356462548,4.562951999,7.165618632,2.060886927,0.202624914,-0.989389546,-1.904010065,0.448379173,-0.072583467,-1.226213135,-0.233976905,-0.862540935,3.06348706,-0.782210114,-0.468363409,0.169162964,0.456350485,0.52815824,0.7133825,1.80568725,0.831047145,3.76,0
143125.0,1.993582359,0.155986321,-1.766848207,0.562845111,0.202723946,-1.441883503,0.320338606,-0.392983225,0.543491687,-0.543019065,-0.223937016,0.201203876,0.247378461,-0.871319253,0.931169199,0.168854366,0.519194519,0.430422993,-0.530584788,-0.136208486,0.215742924,0.755877804,-0.043149163,-0.077374104,0.236618731,-0.102133192,-0.001569079,-0.023963046,31.52,0
152516.0,-1.035559326,0.522028262,0.947606198,-1.21163849,1.718840412,0.053075432,1.227767707,-0.472017025,-0.089401632,0.054997922,-0.359246485,-0.443859161,-0.838605674,-0.068493169,-0.636331196,0.302728271,-1.229245077,0.253086483,0.978623141,-0.037050079,-0.411119243,-1.007196159,-0.537417988,-1.400893876,0.547636201,0.294492666,-0.816480424,-0.312773314,1.98,0
149805.0,-3.289578538,-3.309484101,0.963227733,-2.524136677,-1.752655593,0.532555992,-0.657470558,0.635306919,-1.721368159,0.474011453,-0.029873109,-1.213695287,-0.312902921,-0.274949614,0.145369665,1.2906929,-0.482775629,1.735689588,-0.907649888,-0.102179768,0.113656607,0.243659795,-0.471523493,0.3717846,0.330508356,-0.105630539,0.444594803,-0.414690767,457.95,0
48184.0,-1.282103066,0.156339434,1.352965277,0.255523577,-2.362790371,1.198594308,0.887356956,0.392508011,-1.666066276,0.106728517,0.246403487,0.074482848,0.04048905,0.16951148,-0.078401654,-1.270163192,-0.008083762,2.404972217,0.163797482,-0.434295022,-0.128962302,0.11707421,0.032143281,-0.020793799,0.44792818,-0.084782862,0.024209861,-0.08721379,360.0,0
148677.0,2.057012743,-0.315957048,-2.789350974,-0.775407402,2.497458913,3.164336172,-0.396948479,0.71527157,0.448162604,0.032064496,0.062130052,0.285047288,-0.143648009,0.695136797,1.166145484,-0.285832498,-0.586832471,-0.179587745,-0.356351358,-0.166351368,0.243464887,0.74413349,0.038125241,0.73750952,0.303058639,-0.087826246,-0.001086888,-0.065005861,3.5,0
35866.0,-2.044488689,3.368306217,-3.937111391,5.623119731,-3.079232039,-1.253474118,-5.778879593,1.707428158,-4.467103123,-6.06779815,3.839787711,-8.277840948,1.493914908,-8.416681212,0.792297928,-7.862658826,-14.57083663,-5.185385533,2.414389569,1.112027619,1.483594216,0.834310713,-0.14848562,0.001668855,-0.038995731,0.389526402,1.300236456,0.549940374,7.61,1
55096.0,1.146414975,0.084860695,0.115365422,0.546089933,-0.189005951,-0.515849588,0.111341837,0.007252693,-0.251905555,0.123131748,1.642201665,0.57705925,-0.969169302,0.829121889,0.425168883,-0.112231109,-0.135505103,-0.396383998,-0.257793637,-0.156364633,0.036250206,0.051763989,-0.023519407,0.237135157,0.403078995,0.368172571,-0.048061516,-0.004217383,23.0,0
49543.0,1.215719913,-1.523018476,-0.435099798,-1.24208628,-1.062366101,-0.487783064,-0.393751942,-0.350807551,-1.884332274,1.27969808,-1.345754899,-0.673111228,1.195659284,-0.501312002,-0.377968831,-0.744130961,0.538335275,-0.09514243,0.301435576,0.112990594,-0.139311085,-0.282423115,-0.368192312,-0.417443917,0.742084362,-0.034606314,-0.016816152,0.035917801,207.69,0
165576.0,2.044023979,-0.319559624,-0.834349009,-0.107529915,0.077354941,0.361398584,-0.566147321,0.13641242,1.107106182,-0.072717335,-0.144791667,0.937902048,0.57629329,0.12590615,0.475250356,0.744439643,-1.370819172,0.825537279,0.587403701,-0.175759547,-0.147720231,-0.290170862,0.173810327,-1.495563311,-0.217148037,-0.854195115,0.059192321,-0.050891305,1.0,0
136085.0,1.971018847,-2.14367252,-0.296916533,-1.614479759,-1.841522162,0.331092936,-1.790841417,0.187499303,-0.777304428,1.614521931,-0.018634697,-0.483259822,0.263995644,-0.598472212,-0.192760024,0.406291827,-0.202380436,1.094639876,0.022105017,-0.143025912,-0.012897217,0.144439544,0.131877913,-0.83642793,-0.572247665,-0.212087146,0.035943803,-0.024315231,150.0,0
161259.0,-1.008330282,-0.621022834,1.31616325,-3.098941666,0.963631407,0.194366352,-0.24166221,0.272612328,-0.783712623,-0.653334971,-0.426301063,0.589763922,0.794089004,-0.377784126,-1.232325186,-1.070143606,-0.751870451,1.432988448,0.11114947,-0.252687981,-0.765745208,-1.909275426,-0.112178916,-0.384526156,0.3218407,0.250562185,-0.037280748,0.048995579,1.88,0
144566.0,1.923503526,-0.854775479,-0.064300348,-0.619913179,-1.252115875,-0.669216159,-0.868745069,-0.020329594,1.846518839,-0.481653939,-0.680878187,0.616323077,0.333512741,-0.323486437,1.102250178,0.304241582,-0.454607778,-0.057443579,0.050394579,-0.073016483,0.066131659,0.309364216,0.277337269,0.039344603,-0.611815927,0.533092002,-0.017814972,-0.034432557,50.0,0
60783.0,-3.039592153,-2.638292167,-0.690945275,-1.025754321,-1.196498786,0.500869736,1.615983474,0.09112961,-1.062380566,0.262916277,1.331015671,-0.078742355,-0.488878535,0.083112986,-0.888089758,0.644949997,0.634803328,-1.841930175,-0.355404206,0.375294873,0.303710212,0.962661623,-0.098586441,-0.190693959,-0.399994311,-0.314367611,0.697628591,-0.507878005,629.64,0
93298.0,0.098603118,1.276276838,-0.953992484,-0.173651358,1.305906163,-1.339805444,1.628356923,-0.620362519,0.588535248,-1.291754967,0.796993204,-2.083299338,2.518845334,0.429479855,-1.500205201,-0.392579632,1.465998432,-0.097024399,-0.61550143,-0.123400047,0.001214042,0.358850322,-0.18894204,1.093253045,0.142173297,0.526475299,-0.208694875,0.002341574,40.85,0
165682.0,-0.649018602,0.015345651,2.061564903,-2.252806448,-1.140437488,-0.367159622,-0.590172546,0.204624617,0.074056758,0.197631532,-1.083937844,-0.731147425,0.386678276,-1.139728668,-0.12212473,1.79687538,-0.407262758,-0.631480791,-0.53491649,0.267644617,0.426648546,1.431265252,-0.184185911,0.074382705,-0.341465807,-0.198226215,0.539724314,0.297439305,11.99,0
123454.0,1.152164982,-2.267714954,-3.268580804,-0.066991663,-0.164110729,-1.114992645,1.251379485,-0.701973201,-1.090587124,0.789697404,-1.351096961,-0.771819237,-0.709783666,0.97141542,-0.159964899,-2.086741012,0.163413931,0.926269415,-0.758719975,0.526214998,0.220130965,-0.124676264,-0.584101369,0.655044311,0.305677775,0.936821226,-0.243061652,0.012760295,592.8,0
127183.0,-0.048268123,0.80057722,0.056642153,-0.134804984,-0.223176911,-0.804544695,0.320210607,0.288734829,0.182704698,-0.831548576,-1.139630359,0.25302042,-0.085818483,0.425014956,0.184288653,-0.242027749,-0.138288907,-0.078553274,0.129658323,-0.249884673,0.144922067,0.423109755,0.124055667,-0.023216746,-0.671035953,-0.429461769,0.00592336,0.024543607,23.73,0
72081.0,1.25829876,0.365696817,0.307259012,0.690394555,-0.357495878,-1.067589263,0.093873755,-0.210222566,0.0144903,-0.285872643,-0.050117453,0.298034391,0.348663264,-0.312276481,1.080859452,0.474265817,-0.014212071,-0.31256665,-0.196955956,-0.074389859,-0.287037997,-0.82049949,0.127927567,0.343112255,0.221230283,0.094423119,-0.022132291,0.030891811,0.99,0
140271.0,-3.828823322,-0.611115225,-0.648530084,-1.200212236,-4.394386594,2.746755209,2.986384104,-3.014856162,-0.636039776,0.32247122,0.234856964,0.051906674,-0.232500452,-0.293977671,-0.862555462,-0.517593023,-0.335237538,1.210963656,-0.100042682,-2.687447127,0.810103937,-2.585168975,-0.668216894,-0.268380594,0.060230261,0.277281354,0.3878079,-0.128134653,901.8,0
73660.0,1.275464115,-0.738865487,0.014585546,-0.70958607,-0.589353642,0.123026084,-0.640669173,0.227932379,-0.754265727,0.710797571,1.35321031,-0.582111824,-1.917472323,0.414177379,-0.228692614,0.21468379,1.037619936,-1.852980688,0.388584645,-0.104106895,0.243270126,0.683011061,-0.103308229,-0.283856085,0.546548753,-0.018051346,0.006625245,-0.015335251,20.0,0
81466.0,0.814675142,-0.925192412,0.795418582,-0.080996414,-0.252376801,2.202613606,-0.95633739,0.786891259,0.913886262,-0.524771951,1.599420423,1.62278477,0.056474668,-0.268912569,0.104287045,-1.089075611,0.971980764,-1.981278841,-0.704674649,0.018721335,-0.022523188,0.096791912,0.066133441,-1.248202781,-0.195222751,1.062564202,0.01590904,0.003675887,107.08,0
76580.0,-1.207786531,-0.059282527,2.080145702,-3.069917152,-0.514427823,-1.070229412,0.786777121,0.029492322,0.558022532,-2.029028718,1.505946805,1.171631344,-0.010888903,0.097294637,0.080854925,0.539020339,-1.078380863,0.436390575,-0.727655282,0.109791136,0.118720172,0.016781064,-0.00114194,0.531848364,0.421884911,-0.36066101,-0.038720025,0.059621011,110.26,0
109699.0,1.866807194,-0.36048216,-1.442334191,0.834879002,0.251124106,0.27096766,-0.422541035,0.016296409,2.365572165,-0.853914514,1.190325935,-1.698754369,1.455383393,-0.089568399,-2.539418701,0.073566422,1.444691084,1.096592327,0.274959881,-0.048025675,0.043832539,0.623346966,-0.160909641,0.231848444,0.236945182,0.781718515,-0.071425995,-0.040674091,75.95,0
66948.0,-0.273553716,0.883067882,0.353246548,0.508820754,-0.072627623,-0.866252015,0.527469746,-0.168751294,1.10073612,0.065164336,-0.475766503,-0.323373836,-0.738723293,-2.000135494,-0.400990803,-0.000991998,0.969480186,0.160331393,-0.136332053,0.31532223,-0.268573596,-0.110723909,0.018102663,0.292166,-0.218472587,0.271345106,0.268045835,-0.035701689,29.56,0
134708.0,-0.270306987,-0.626204174,1.281868801,-1.671916056,0.120483908,0.046170907,-0.163020569,-0.035377213,-0.966035784,0.449527294,0.896214769,-0.069238209,0.482231285,-0.616381857,-0.604926559,0.973873723,-0.102407243,-0.543575838,1.047371974,0.418461344,0.487906828,1.400411304,-0.025279567,0.753823926,-0.531176597,-0.163000598,0.004144386,-0.0305525,49.9,0
51505.0,1.30176128,1.021444359,-3.188484612,0.469033099,3.353209208,2.431700058,0.185558344,0.622515687,-0.556347288,-1.48595917,1.021632833,-0.73532503,-0.334617553,-3.207508425,1.27599083,1.369712103,2.215773821,1.79750089,-0.464266773,0.079838121,-0.265072345,-0.82378323,-0.242604597,0.674594821,1.011946389,-0.278739763,0.041110757,0.090049408,1.79,0
158520.0,1.892868318,-0.063576278,-1.850766671,0.190190706,1.235760643,1.181304234,-0.164828523,0.376975735,0.508029179,-0.563751806,0.311207478,0.404796818,-0.185779737,-0.690546326,1.318763362,-0.925479779,1.668493305,-2.21188277,-1.476481375,-0.303749995,-0.250924745,-0.473545278,0.463323944,-0.871000674,-0.571768023,0.304235411,0.007536009,-0.046229305,1.29,0
160870.0,-0.644277679,5.002352426,-8.25273876,7.756914712,-0.216267318,-2.751496118,-3.358857315,1.406268091,-4.403851717,-5.945633973,4.475904673,-7.607261464,-0.16072312,-13.01074937,1.094381819,-2.864039118,-2.871341529,-0.18061356,0.64770888,0.816557859,0.58772752,-0.605759173,0.033745546,-0.756169511,-0.008171625,0.532772006,0.663969505,0.192066835,0.77,1
54589.0,-3.227654785,0.785060701,0.872626076,2.017447678,-0.602913845,-0.510692873,-0.394084658,1.188412821,-1.026685899,-0.547328068,-1.619552332,-0.07111787,-0.815199459,0.772870545,-1.080375084,0.923328506,0.065315266,-0.433431895,-1.042945383,-0.910944317,-0.198921496,-0.911330408,-0.672514668,0.406554995,0.261511065,-0.29444451,-0.437395634,-0.437684351,103.22,0
31939.0,-1.590415263,1.939307718,2.705369484,2.696827239,-0.261922536,1.470913263,-0.265664061,-1.526925829,0.341831001,1.953605041,-0.545946577,0.118086393,0.277738157,-1.1695173,0.172419685,-0.953636166,0.618978376,-0.652740292,0.735399955,0.486652935,1.186629367,-0.566997194,0.014534411,0.058558676,0.160962143,0.207440894,0.446325225,-0.094006615,0.0,0
149711.0,1.354915915,-1.874975407,-2.993672012,-0.237245441,-0.085583653,-0.975802803,0.976084268,-0.537428777,-1.357237653,1.020255556,0.568240606,0.013430592,-0.818095401,1.143165664,-0.899814544,-1.980463912,-0.006288077,1.310006968,-0.516812438,0.255438468,0.20579368,0.107366107,-0.447497251,0.837073545,0.294791307,0.918783215,-0.220603083,-0.018550224,456.88,0
358.0,-0.424665607,0.554293424,1.374234118,-0.447451226,0.288247577,-1.082535591,0.969034687,-0.347445945,-0.109677746,-0.258586842,-0.328432759,0.315485393,0.755611995,-0.301423238,0.280566235,0.311837758,-0.813543198,-0.384037607,-0.822537835,0.24034429,-0.023295757,0.103502074,0.024513196,0.425008017,-0.227745622,0.182264367,0.076720325,-0.098667099,41.64,0
54187.0,1.127524014,0.398174486,1.102323087,2.872728255,-0.652198534,-0.468619865,-0.080550856,-0.019942064,-0.166498904,0.532797375,-0.61279818,0.118986711,-0.644103957,-0.070507195,-0.889939284,-0.041039928,0.070685073,-0.643759853,-0.813099903,-0.230790972,-0.052387899,0.028347978,-0.00482223,0.919251534,0.540965364,0.046772909,0.007371815,0.023999986,0.0,0
121252.0,0.724586728,-2.950914606,-0.202269251,1.22284508,-1.755300834,1.401191873,-0.800486281,0.355558782,2.798462887,-0.788058559,-2.233325789,0.514813823,-0.367914645,-1.068991309,-1.130950717,-0.196024886,-0.01160646,0.40633902,0.154260212,1.003363103,0.44188485,0.439508672,-0.421899453,0.339517185,-0.358706535,-0.222321645,-0.009326266,0.083245495,621.45,0
79444.0,-1.013692836,-0.20773004,2.518243757,-1.011532429,-0.40475819,0.307663749,0.586401195,0.077897075,0.410924232,-0.952966025,0.466249894,0.6727707,-0.271340622,-0.703139647,-1.521757702,0.269788742,-0.554262582,0.088164952,0.342221855,0.322538872,-0.122540296,-0.317732546,-0.007046338,0.062063116,0.191374219,0.825463941,-0.233939498,-0.169686553,126.12,0
158932.0,-1.084876297,0.694334053,0.501129635,-0.754979308,0.034454327,-1.041727952,0.610995639,0.34218809,0.187972935,-1.122045954,-1.416671428,-0.069143257,-0.911908988,0.4566563,-0.622792666,-0.384926808,0.04474464,-0.3546913,0.206905565,-0.001909723,-0.072130133,-0.25739386,-0.095549221,0.036453177,0.141168452,-0.072634343,0.194396622,0.07862231,42.83,0
132985.0,-0.461039381,-0.321174046,1.219952221,-3.131184315,-0.236845079,-0.350055348,-0.022974768,-0.01666148,-2.16903119,0.438617307,-1.661540698,-1.87772935,-0.647844223,-0.379284785,-0.648535026,-0.30746252,0.232565838,0.185823605,-0.538012147,-0.394146802,-0.209694668,-0.310743815,-0.407153637,0.426972382,0.736619628,-0.135006681,0.006803626,0.04524238,5.0,0
93742.0,-3.291125093,4.401194152,-8.394211623,4.453579569,-4.790054518,-4.240182082,-9.219000996,1.974029957,-2.912942709,-13.54016824,9.41303954,-18.04759657,-0.728186554,-15.39304483,0.349485049,-13.30388758,-21.29790578,-7.262310795,2.27422551,1.490869142,2.102343468,0.597370315,-0.328086184,0.445752402,0.585280581,-0.399005422,2.116004442,1.050743804,1.0,1
66643.0,-2.099590513,-0.243966091,1.092569719,0.589933293,0.497962575,-0.124984759,1.797874759,-0.729531758,-0.170542126,0.686160158,1.695629505,-0.001011635,-1.082121949,0.092383961,0.450846787,-0.360202398,-0.515078664,-0.147581358,-0.051543649,-0.931935463,-0.20371189,0.561643986,0.446027463,0.216870457,0.17535549,-0.464804895,-0.643977716,-0.151497371,153.25,0
111092.0,2.102773999,-0.0593397,-1.464467444,0.340276738,0.239854216,-0.761354679,-0.06205207,-0.249493404,2.343160005,-0.413601968,-0.369507482,-3.315460597,-0.149870916,2.269959321,0.391443567,-0.123432283,0.188166069,0.709922028,-0.268401949,-0.382353037,0.073682781,0.516900516,0.013415021,0.384169946,0.302621024,-0.469026797,-0.035891295,-0.060230989,1.0,0
152157.0,1.940737406,-0.550331009,-0.52628316,0.377905238,-0.487533252,-0.164175954,-0.530767713,-0.09650923,1.143178192,-0.042958208,-1.419046767,0.728208268,1.418330327,-0.525858258,0.277207238,0.458515356,-0.796493991,0.145198654,-0.060646441,0.005298069,0.214957394,0.802603953,-0.015392997,-0.552720774,-0.119087197,0.65904264,-0.02203489,-0.043565462,59.9,0
102318.0,-1.020631666,1.496959122,-4.490937118,1.836727058,0.627318468,-2.73556861,-1.546273642,0.459821576,-0.682741406,-4.363102193,4.28702088,-5.403768357,1.260262309,-3.087742907,-1.317488063,-3.537056284,-3.172027522,-0.529885085,1.01162645,0.443488532,0.773630966,0.860618181,-0.304666448,-0.155499583,0.412166291,-0.220079647,0.392337584,-0.020089487,22.04,1
57456.0,1.36504337,-0.4007446,-0.514835625,-1.779599245,-0.032888387,-0.255502028,-0.19586727,-0.003561127,1.504157731,-1.043229828,-1.297999016,-0.399786167,-0.941023764,0.522244003,2.237158835,-0.290326403,-0.320269929,-0.030458858,0.908645295,-0.127630689,-0.155760824,-0.376421095,-0.153524423,-1.312942439,0.552039991,0.027253491,0.005625862,-0.00377355,13.0,0
64244.0,1.150802938,0.164624837,0.590962502,1.007105446,-0.132460173,0.301021394,-0.306162615,0.178341005,-0.099573913,0.161536726,1.234125617,1.017686658,0.418327796,0.300571482,0.653335367,0.32418195,-0.6796313,0.280487001,-0.553344678,-0.119552918,0.223914901,0.727295679,-0.147590984,-0.274291477,0.565342652,-0.197209377,0.050674696,0.011736158,4.4,0
58131.0,1.066165064,-0.437601866,1.888159149,1.89565335,-1.636571475,0.257980703,-1.0857674,0.374760962,1.884190267,-0.344976422,-1.420372299,0.105332075,-1.750021844,-0.757256757,-1.478668114,-0.564329737,0.528667948,-0.182715494,0.082883563,-0.273305413,-0.084334367,0.187216383,-0.029945148,0.722979652,0.460110743,-0.257887621,0.097613863,0.038742424,10.0,0
82468.0,1.236103474,0.291621209,0.188299759,0.500905822,-0.157327207,-0.561305437,-0.025535672,-0.033587457,-0.198959074,-0.11230385,1.332425805,0.795077203,0.160778635,-0.103003667,0.421693955,0.772507905,-0.373200255,0.308007273,0.21505363,-0.061075565,-0.257811072,-0.781130454,0.076608828,-0.037960514,0.22844574,0.097419638,-0.02760647,0.017267692,1.98,0
152860.0,-0.898907186,1.515100713,-2.956700197,-1.476694277,3.620448641,2.94712089,0.661690699,-0.464219541,-0.378264133,0.072446482,0.294806339,-0.418814667,-0.439830017,-0.605337163,0.582252621,-0.292131246,0.652191163,-0.041950233,-0.028117209,-0.396703586,1.032335031,0.247784911,0.151857111,0.639380055,-0.889060177,0.430329329,-0.673487029,0.235761544,7.86,0
70507.0,1.237315425,0.299824118,0.66177626,0.692468382,-0.589211912,-1.166550713,0.107908762,-0.259055327,-0.063827087,-0.083044179,0.173951302,0.780807226,0.828694153,0.14535573,0.945330932,0.180687385,-0.336760061,-0.719010939,-0.246063892,-0.06690508,-0.229267945,-0.637552433,0.169874564,0.72205505,0.193069862,0.072391886,-0.024931911,0.023593168,1.98,0
134769.0,-0.967767137,2.098018632,-5.222929466,6.514573243,-4.187674068,2.11417835,0.948701404,-2.448426895,-3.203666083,-3.074034313,1.051486303,-3.474862967,0.5733713,-5.254253463,-0.326388327,-1.848598114,-2.421535619,-0.833344853,0.952141057,1.14720392,-0.843268389,0.796738518,1.314312347,-0.352886653,-1.77070558,0.098133359,0.956768781,0.162777346,925.31,1
45572.0,-0.534100141,1.147961995,1.451292844,-0.089502891,0.07317155,-0.777647865,0.771139038,-0.130074448,-0.28412735,0.188701383,1.731666681,0.437906084,-0.328281509,-0.43971064,0.257068627,0.429422356,-0.263378718,0.282495408,0.098249352,0.293299555,-0.285235338,-0.559985026,-0.032547658,0.472955838,-0.204206243,0.019114128,0.184891211,-0.073869933,2.69,0
67748.0,-1.423701942,-1.124629965,1.253387036,-2.332597247,2.031428254,3.848330871,-1.799708243,1.095589954,0.658850481,0.624494194,-1.025197377,-0.570088775,-0.157124444,-1.73570042,-1.66998263,0.917737733,0.04484073,-0.919511522,0.889471295,0.142911169,-0.042962584,0.581744897,-0.631763864,1.097824037,0.233866919,-0.187236945,0.42011789,-0.07220415,2.0,0
32113.0,-0.83285932,-0.953411326,1.747778851,-2.039585327,-0.855954881,-0.421738818,-0.223842805,0.088710796,-2.740255514,0.977416981,0.691824724,-1.099707371,-0.528854297,0.00929219,-0.107261781,-0.104739279,0.248515751,0.638881692,0.547319367,0.084515508,-0.327776694,-1.062927692,0.249281551,-0.106761074,0.076244746,-0.478191572,0.006851109,0.075448652,121.3,0
120494.0,0.053902046,0.485357789,0.783254927,1.177407969,0.309305471,-0.610115247,0.914115127,-0.402816936,-0.128200567,0.0919952,-0.824585897,-0.523104274,-0.823571407,0.379934366,1.303741559,-1.631981188,0.720953678,-0.083404073,2.983176628,0.358787727,-0.158313796,-0.204752849,0.048062758,0.028913106,-0.581948455,-0.162815693,0.030769326,-0.034621104,49.72,0
85573.0,-1.756711851,3.266574254,-4.153387897,3.924525614,-1.753771843,-1.005786779,-4.313217176,1.560711903,-3.295673668,-6.213355249,4.522991975,-6.652844053,-0.124685234,-8.604486202,0.110359315,-5.945480612,-9.338937794,-2.390192588,3.184152356,0.874720103,0.911427442,0.053061281,-0.367700954,-0.776337756,0.292093831,0.025999714,1.0629682,0.501148168,1.0,1
39163.0,-0.363913378,0.853398619,1.648195267,1.118933915,0.100882448,0.423852,0.472790185,-0.97244029,0.03383294,0.629035565,1.257912676,-0.161243888,-2.001477039,0.260307951,0.18995303,-0.8440191,0.17361927,-0.0215235,0.81026717,-0.192931824,0.68705513,-0.094586419,0.121531166,0.146830214,-0.944092387,-0.558564207,-0.18681431,-0.257102838,18.49,0
156279.0,-1.303422737,-0.154738323,1.903174594,-0.615211666,1.603051952,1.170242846,-0.206759331,0.396206137,0.430061912,-0.681622126,-0.35244485,-0.394069301,-0.85945001,-0.023107998,2.074333856,-0.8004226,0.273133852,-1.149172502,-0.701136428,-0.181260295,-0.135205989,-0.162314257,-0.287511571,-0.472007609,0.010116271,-0.359141854,-0.083337678,-0.186077858,6.52,0
120679.0,-4.580965119,-6.139264824,-0.261000216,0.898963521,5.542885263,-4.802441618,-2.30827758,0.17986095,0.337605753,0.076163108,-1.249082131,-0.050892696,-0.245416163,0.700795534,0.335490027,-0.019116327,-0.573113859,0.246978751,-0.442530078,2.036089899,0.955217649,0.713316305,1.628509984,-0.103122591,-0.561335294,0.595073908,0.119009935,0.441829178,242.8,0
130371.0,1.340296853,-0.852614474,-3.003432531,0.704195168,0.566854022,-1.308689942,1.31927709,-0.626187313,-0.196905115,-0.510995925,-0.209041029,0.18954498,0.562275982,-0.602139447,0.435092867,0.132947551,0.628828734,-0.056895172,-0.331470534,0.706033794,0.251224383,-0.08936953,-0.318858348,0.720428027,0.133733134,0.537143862,-0.178010102,0.026437445,410.41,0
84779.0,1.337469318,0.505097359,-0.456759599,0.906652584,0.475345973,-0.706144559,0.555873717,-0.320590919,-0.271316304,0.037286083,-1.05578679,0.115203445,0.474043939,0.447572846,0.706968365,0.012082985,-0.636549009,-0.137307302,0.061210881,-0.108010232,-0.048779283,-0.0605034,-0.252442125,-0.42551281,0.97607637,-0.245431455,-0.00675395,0.003054587,1.0,0
84747.0,-0.809676056,1.176577139,1.176098501,1.273235913,-0.238786685,0.167044394,0.044876298,0.737581054,-0.560326607,-0.118156526,0.914781946,0.468205412,-1.357209779,0.769038057,-0.411438677,-0.909475752,0.688229112,-0.075607621,0.941066463,-0.055589165,0.05645388,0.313815362,-0.092554783,0.217940871,-0.166288668,-0.247519723,0.297323363,0.124779329,1.47,0
153409.0,2.205033465,-0.875970138,-1.58508186,-0.469303326,-0.238255334,-0.087310334,-0.562729933,-0.023802148,-0.165950438,1.064839354,-0.8693333,-0.415588688,-1.312359009,0.350791715,-1.267168675,-1.446546256,-0.33188978,1.830089247,0.07635891,-0.708034895,-0.275692573,-0.104382318,-0.039970696,-1.093643789,0.155928742,0.780566279,-0.057093625,-0.092205665,1.0,0
123264.0,0.123138848,0.143102322,-0.593683528,-1.441890227,1.556261691,4.027628079,-1.319969446,1.667411394,0.515550521,-0.635205738,-0.378123007,0.13625228,0.161661215,0.113097578,1.315515115,1.139371253,-1.045111611,0.536848815,-1.185157814,-0.230295209,0.394195796,0.950321529,0.270106433,0.712414107,-1.200004169,0.15988642,-0.01135253,-0.030545071,6.54,0
170299.0,-0.009761313,-0.869176301,0.507315815,-2.187764291,-1.334672383,-0.514625112,0.612190825,-0.20885826,0.130685039,-0.797275321,-0.893295857,0.55765774,0.817092118,-0.302419398,0.560851146,-2.695690601,0.542322305,0.957866253,1.129291528,0.060964042,-0.534127453,-1.151007501,0.72818944,-0.080927172,-0.80361372,-0.560600646,0.103237027,0.104397234,209.77,0
86094.0,-6.082871337,6.097841604,-4.115674464,0.807319725,-3.136752351,-0.428550461,-4.769572169,-4.053988594,-0.415132787,0.510324715,-1.410122514,2.044450785,0.054769066,3.118940613,0.238181579,0.362841043,1.781444144,0.0943124,-0.253600393,-0.246021897,3.629527432,-0.733481466,1.517810668,0.580185584,-0.1513974,-0.364539929,0.326454887,0.249767053,0.89,0
154366.0,2.117031344,-0.047153821,-1.372856792,0.236403116,0.24864383,-0.777115613,0.186789986,-0.302724508,0.550301661,0.066460074,-1.365467632,0.340961908,0.478712783,0.173784377,0.063836637,0.100732224,-0.577658195,-0.659181162,0.427907367,-0.183541951,-0.335944587,-0.813972221,0.244565079,-0.708088279,-0.188147283,0.2417074,-0.069715946,-0.067095535,0.99,0
83642.0,-0.4287726,0.324750582,1.251976767,-1.505746336,-0.079777106,-0.323707025,0.271197488,0.10219288,-1.214782722,-0.640369762,0.375286335,-0.442827118,0.108940045,-1.474186544,-0.206568771,0.574875443,1.691463207,-2.203945746,-0.78010104,0.006868389,0.118274738,0.373115301,-0.000716706,0.014428309,-0.381390215,-0.476727249,0.16218434,0.156130196,20.13,0
164829.0,-3.548909865,0.299800067,0.697533922,-2.266900339,1.937392654,0.301222861,-4.900354852,-4.573204044,0.697498788,-2.140447357,-0.485452682,2.327310853,0.476956031,0.391928628,-1.964709266,0.907758237,-0.4785015,-0.166983033,-0.31047854,0.428118929,-2.806352235,-0.523472378,-4.9220329,0.107358579,-0.790064616,0.178952599,-0.124953179,0.02501676,176.0,0
117649.0,2.080869902,-1.017533872,-0.382672604,-0.855621896,-1.155673193,-0.49207304,-1.040381728,-0.029551416,-0.217025779,0.88029852,1.095439596,0.556736243,0.67348974,-0.38745661,-0.548915182,1.236018471,-0.058097269,-0.84118869,0.620775587,0.030517132,0.400178791,1.215456709,0.12268723,0.072047294,-0.192462373,-0.110658074,0.011320388,-0.05429218,24.99,0
44151.0,0.895659283,-0.995167445,1.078410131,0.446763201,-0.684881845,2.131188447,-1.311334554,0.81407958,-0.557801577,0.679726865,1.641892058,0.777315806,-0.447139113,0.085368291,0.890126877,-2.232683464,0.838189766,0.029269901,-2.444035322,-0.551505337,-0.176535637,0.011538144,0.142969152,-1.085914575,-0.125232426,-0.290695674,0.141119663,0.030251594,84.0,0
27413.0,-0.505474452,1.142594766,1.058713764,0.828256246,0.935527063,1.254145739,0.424021615,-0.690460041,-0.310235478,0.344150337,0.171206809,0.611965087,0.25281335,-0.107541982,-0.422521454,-0.777542003,-0.104366603,0.137622575,1.441126556,0.090083672,0.649452213,-0.037816293,-0.259861938,-1.128485662,0.035836503,-0.191638453,0.302591514,-0.033686595,2.99,0
144382.0,-0.168122384,1.073881667,-1.59763893,-0.698368968,1.773725174,-0.99624723,1.47555185,-0.27936353,-0.146973455,-0.625455423,-1.637123911,-1.356975277,-1.63400447,-0.498355242,-0.486589093,-0.024398119,0.490555212,0.342365712,0.044183629,-0.079948763,0.09325051,0.393650496,-0.243001962,0.023751095,-0.40854898,0.55351471,0.24394325,0.312981588,16.4,0
140439.0,-8.107687512,7.257029137,-6.27710418,-2.181846562,-2.433265491,-2.020741725,-1.681943361,3.548825228,2.444645636,4.987281019,-0.250121741,1.738224622,-0.31778155,1.965662579,-0.731111831,0.069773261,0.494794265,0.134938728,-0.491715603,1.868753578,-0.07871941,0.452495322,0.456798944,-0.458819723,0.963202687,0.122896135,0.818140095,0.279510951,0.77,0
150708.0,0.060298318,0.346049523,0.812056817,-0.334784156,0.032012923,0.245169194,0.403692403,0.02236835,0.286805001,-0.596544526,-1.077990402,0.670066126,1.535030582,-0.5813426,0.003070397,0.048836769,-0.548998582,0.065116161,0.000260119,0.126646028,0.373723835,1.237484322,0.186088273,0.696739257,-1.307534395,0.410216975,0.254862087,0.283815234,64.99,0
53101.0,1.039726526,-0.540560652,-0.456205747,0.293220057,1.489314139,4.033004948,-1.013980015,1.042341752,0.572717853,-0.063424193,-0.48369986,0.163444197,0.069151112,-0.100381284,0.781142405,0.622454582,-0.918497195,0.664852892,-0.143144977,0.182484892,0.127598986,0.177726308,-0.207179223,1.024693667,0.630966739,-0.237195477,0.052357918,0.045602705,100.0,0
134733.0,2.012511976,-0.055115662,-1.245330381,0.272995414,0.230933875,-0.609707723,0.207338915,-0.220927746,0.423373835,0.013327145,0.694154904,1.6857424,0.978552652,0.260382906,-0.852008758,-0.204911419,-0.667519213,-0.197014997,0.668118263,-0.149816532,-0.199295278,-0.37717417,0.181837021,-0.402258306,-0.001667041,-0.539438492,-0.009090073,-0.061492044,12.62,0
75913.0,1.188868047,-0.271829587,-0.849841,-1.195896091,0.421837759,-0.299788598,0.443027207,-0.194096672,0.896273226,-1.043512198,-1.012599784,0.52091973,0.530753925,0.477663774,1.75622829,-0.601576522,-0.352301163,-0.566118576,0.943855761,0.103976693,-0.375610826,-1.17450401,-0.133182889,-1.358247659,0.607767174,-0.909215287,0.027943704,0.021648161,99.97,0
60483.0,1.284282577,0.296941104,-0.059010627,0.507194181,0.041972259,-0.581428032,0.1059343,-0.167323867,0.053331369,-0.295737917,-0.777614066,0.08078101,0.605647462,-0.37993304,1.132165885,0.714738251,-0.323139931,-0.050144026,0.111301968,-0.005827591,-0.330345902,-0.974268577,0.008526381,-0.488565637,0.329969393,0.143980572,-0.025732771,0.025623437,17.99,0
31548.0,-0.36645405,0.522454757,1.713541592,0.409082976,-0.563412343,-0.590431191,0.670415646,-0.033707924,0.086853428,-0.67753994,-0.727060322,0.013788508,-0.645054347,-0.189332017,-0.582328359,-0.517640796,0.24410005,-0.427727314,0.194471509,0.005292157,0.030512605,0.17938482,-0.057242815,0.759180977,0.112448097,0.377467826,-0.011576716,0.022367716,59.99,0
90107.0,0.337590716,1.03706303,-0.152525676,-0.260347658,0.989339916,-0.457186688,0.405494716,-1.110705517,1.021793369,-1.430537352,0.537304182,-1.875199845,2.681678448,0.445602849,-0.929082155,0.270929643,1.139583226,-0.261661072,-0.630420438,-0.226089635,0.258690027,-1.413917886,-0.127841706,0.482935826,0.604036226,0.195594542,0.103778675,0.255755994,3.27,0
166950.0,1.985761989,-0.332452798,-0.265696609,0.487491202,-0.659825558,-0.51185144,-0.527850897,-0.116684193,1.317008819,-0.196729239,-0.936164622,1.008502509,1.214199812,-0.420403833,0.366725141,0.065159162,-0.612047986,0.111942914,-0.185738652,-0.148205669,0.196705037,0.87965262,0.088074994,-0.055615046,-0.041105098,-0.209667022,0.04858354,-0.035428518,9.99,0
51912.0,-1.15767789,0.079900557,1.790681549,-1.968302899,-0.589607689,0.137941542,-0.641184096,0.551861764,-1.028029193,0.331933987,1.008512478,-0.237295524,0.075838937,-0.32158343,0.074462798,1.660639907,-0.220644733,-0.594240888,-0.282045165,0.156500989,0.482099209,1.359236373,-0.271783559,-0.269524826,0.06342624,-0.189033924,-0.06223967,-0.139961514,9.5,0
102619.0,-2.488362885,4.359019108,-7.77640985,5.36402677,-1.823877232,-2.445140136,-4.964220921,1.48489016,-2.947898858,-7.175349722,7.343652109,-10.17899554,2.142150631,-8.983052168,-0.473746033,-8.143342262,-9.7856772,-3.086519505,3.379713336,0.792274684,1.32567239,1.021226205,-0.266476205,-0.370880445,0.365535186,0.081372024,0.184983041,-0.211582456,1.0,1
41708.0,-1.52585377,0.421973661,-0.215249867,-0.353292127,2.981779086,3.83004471,0.275236363,-0.55799347,0.467083327,0.77077315,-0.446806073,-0.20367142,-0.328863851,-0.573953133,-0.20614466,-0.365472874,-0.716322962,-0.010374086,0.585534432,-0.442467005,0.517391469,-0.472215855,0.154333649,0.987283537,0.477232942,-0.472956143,-1.072504448,-0.155612566,5.0,0
110756.0,1.94056265,-0.218742627,-1.287881183,0.203481177,0.797645441,0.941990547,-0.326466713,0.24809077,1.746220141,-0.2323566,1.808188032,-1.85173942,0.723903323,2.141377279,-0.482710825,-0.580725615,0.844205056,-1.120973011,-0.589912172,-0.393653328,-0.360408628,-0.628867865,0.35766597,-1.718637166,-0.513683739,0.274728183,-0.05841008,-0.095879754,0.89,0
54737.0,-2.26935544,-0.287324088,0.858746161,0.892669088,1.280134305,-0.980456691,0.355263579,-0.403044106,0.634792637,1.874926076,0.947766067,-0.453049892,-1.560801805,0.098582452,0.795254004,-0.097916649,-0.745362649,0.719131091,0.849615497,-0.056088507,-0.290719216,0.339030737,-0.560596454,0.028574678,-0.156293691,-0.345279455,0.372224692,0.360663467,76.99,0
163626.0,1.785225499,0.444829365,-0.785228492,3.780726834,0.415759882,-0.347946608,0.445329201,-0.268065502,-1.249046739,1.471995474,-0.892515559,0.159395225,1.025787704,0.217559247,-0.331809345,0.849277576,-0.934815111,-0.372805628,-1.869400493,-0.073862827,0.30756272,0.775856974,-0.01234472,0.007221162,0.100063857,0.130522768,-0.04813841,-0.035583923,83.44,0
44566.0,-3.827549097,-2.475685402,1.983598527,-0.823582316,-2.139190527,2.115440698,-0.562775314,-1.346054497,0.957670555,0.229859504,0.079877748,-0.210406609,-1.016605632,-1.725686259,-2.222542907,0.991493666,0.662178746,-0.878637513,0.773903367,-1.680884093,1.337696368,0.93297766,0.100296703,-0.174034976,0.650002343,0.048269369,-0.172627692,-0.219930179,353.2,0
48304.0,-0.628115658,1.079368913,1.760851735,2.651623968,0.012205954,0.432123653,0.424373643,0.217187264,-0.876038342,1.627138945,1.175315682,-1.279000763,-2.977474279,0.807814544,1.1521347,-0.141313339,0.122384596,0.367577351,0.596600684,0.222427478,-0.034515315,0.144329552,-0.015250354,0.144371035,-0.632417067,0.104687287,0.372376623,0.026260162,38.03,0
156508.0,-11.52171185,9.654525089,-9.368721423,-0.983805576,-6.521961966,-2.304209407,-6.099733854,8.252838511,0.976392483,2.731320319,-1.477849273,3.690072726,0.572233457,5.115545499,-0.549531552,1.528861884,2.389038461,0.947493377,-0.561311558,0.799089398,0.536635361,0.732826969,1.127417145,-0.059779875,0.76678051,-0.088046256,0.561913933,0.504720325,19.99,0
60321.0,-0.437125817,1.11748881,1.39415335,-0.066973374,0.262830742,-0.279660915,0.605166728,0.141500177,-0.826465192,-0.416764326,2.063751729,1.302416802,0.994309151,-0.394763722,0.318680546,0.179417641,0.051888164,-0.283682329,-0.243308098,0.149249839,-0.160074168,-0.34134662,0.012900941,0.200809472,-0.256701844,0.068128216,0.265587411,0.088824916,2.58,0
36246.0,-1.828793892,1.56490482,0.109518115,-1.25236966,-1.025078889,-0.739266362,-0.63243071,1.393182427,-0.448886173,-0.816936422,1.026256165,0.690739819,-1.123946685,1.337710846,-0.046846196,0.715711583,0.018718104,-0.23620439,-0.856246416,-0.469579246,0.188257531,-0.015736359,0.175348685,0.226540373,-0.34272877,0.738503321,-0.597470867,-0.11980496,0.77,0
118328.0,1.606519451,-1.218101582,-0.113623003,0.431898549,-0.904797762,0.851972734,-1.104800467,0.389977585,1.348644206,0.100600406,0.286826971,0.611391367,-0.146652594,-0.176608418,0.395473438,1.137072905,-1.110656811,1.083022049,-0.21956148,0.18247686,0.338603119,0.694727774,0.065344516,0.249629556,-0.548820602,0.293960029,-0.014812436,-0.009579302,178.8,0
33154.0,1.181318452,0.213797993,0.707625322,0.696257561,-0.558917604,-0.829697365,-0.010596026,-0.096779593,0.015884965,-0.108065901,0.46937161,0.591704432,0.129449391,0.313788279,1.252660041,-0.141700848,0.053081785,-1.156326257,-0.677244649,-0.148756164,-0.196179942,-0.53739677,0.233492368,0.59917642,0.071437078,0.091610637,-0.012178091,0.02069579,0.89,0
128687.0,1.905273955,-0.172030959,-1.67257513,0.511639881,-0.055077751,-1.18981756,0.137286705,-0.233747465,1.134612274,-0.849077091,-0.621986358,-0.078921314,-0.86005511,-1.285320435,0.007814653,-0.019538921,1.156210899,0.045743971,0.064805852,-0.120574418,-0.218658236,-0.520620664,0.142751788,-0.216267402,-0.115863843,-0.084857197,-0.01919291,-0.014036146,67.3,0
96952.0,-0.91903926,1.47936382,0.352940205,-1.280660134,1.229641956,-1.545664689,1.946748155,-0.615050212,0.500681432,-1.240962203,0.227021748,-2.398015394,1.950754205,1.914443414,-1.003585726,-0.543582441,0.217422306,-0.264631315,-0.666757281,-0.052716858,-0.035507702,0.252363873,-0.63396829,0.029249763,1.374192522,0.244713216,0.022368533,0.060376267,19.92,0
55227.0,-1.022809085,1.221111461,1.56150646,-0.179216327,0.628805295,0.352223581,-0.299073613,-2.840343704,-0.469130795,-0.432589568,1.262492793,0.442781003,-1.157983521,0.513300005,-0.041218572,0.269974621,-0.754773417,0.022487944,-1.166026413,0.499409741,-1.227278882,0.651893285,-0.271396046,-0.028264359,-0.485686192,-0.74675105,-0.347129277,-0.272188981,2.95,0
124959.0,1.675801913,-0.614282431,-1.891992017,0.427247761,-0.033636114,-0.694667234,0.124961957,-0.060580355,0.97867198,-0.709976,0.736436375,0.182900898,-1.531302762,-0.950792065,-0.589086255,0.296604007,0.851963919,0.726799577,0.422210964,0.072497969,-0.127339895,-0.564763063,0.013028612,-0.540390233,-0.172370996,-0.095412379,-0.047579935,-0.009818708,173.03,0
19523.0,1.281653954,0.182434616,-1.042888613,0.271991496,2.264791263,3.432196006,-0.53456176,0.717504701,1.137363778,-0.247366092,0.756891009,-2.506830862,1.643452432,1.902821016,0.386855025,0.446917722,-0.240621297,0.648758845,-0.307467413,-0.048859461,-0.129987237,-0.240233092,-0.138117772,0.946842427,0.808337339,-0.304617182,-0.007138407,0.009851005,9.9,0
79006.0,0.969122808,-0.328320554,0.087273174,0.977973399,-0.144379181,0.281390593,-0.07784767,0.130440983,0.094469292,0.163636641,0.092965375,-0.026586372,-0.815391398,0.586275389,0.61349992,0.969481994,-1.16185991,0.936364797,0.220082413,0.143111724,-0.027091509,-0.473276177,-0.239294447,-0.888816496,0.449134764,-0.435516129,-0.005582349,0.032662084,150.0,0
26314.0,-0.480929329,1.213670905,1.343370817,-0.023137791,0.120581476,-0.961380713,0.921558609,-0.289395447,-0.067848118,0.004486992,-0.085492814,-0.125263081,0.158832835,-0.721784286,0.933134583,0.277619421,-0.108347386,-0.190721659,-0.117899111,0.312892961,-0.346610495,-0.679673487,-0.045495858,0.33309279,-0.13377422,0.04806506,0.193823573,-0.067108785,8.99,0
65030.0,1.193545289,0.264032547,0.166056791,0.44809249,0.054756579,-0.084323877,-0.084671573,0.089249382,-0.244887123,-0.16453167,1.600964368,1.028556323,0.420037852,-0.130264754,0.643004024,0.46703014,-0.110894285,-0.175092871,-0.145030428,-0.075330197,-0.227112731,-0.643839426,0.102908245,-0.341778989,0.165169705,0.126221397,-0.009263441,0.014419495,1.79,0
165209.0,0.322402535,1.012633624,1.168389315,4.672320061,-0.91423076,0.970585368,-0.920112,0.765090725,-0.784908555,1.478164374,-1.847919407,-0.909545173,-0.292833901,0.120061267,0.963987852,0.784506845,-0.176462995,1.110893702,0.59946108,-0.038541779,0.527875233,1.547412764,0.537423989,-0.140692395,-2.750974676,0.066952073,0.377769139,0.35903953,34.14,0
82481.0,-0.440116429,-0.119501215,2.264673535,-0.31523171,-0.036773291,0.035185124,-0.011679548,-0.232311884,0.507758947,0.18978612,0.90690964,0.416076184,0.055675518,-0.657602993,0.25289198,0.078178227,-0.577235282,0.67959397,1.256405806,0.157592566,0.119332665,0.832971182,-0.275139494,0.128411105,-0.797705406,1.07141644,-0.279206789,-0.330865833,24.99,0
39926.0,-1.910539464,-1.794978188,2.136792493,0.639943485,1.699862409,1.828488729,-0.410550878,0.403333721,0.431411467,0.10434589,1.808635428,1.259380196,0.657272845,-0.77087721,0.81789392,-1.311802692,0.593792638,-1.394029323,-0.228412465,-0.121143047,-0.000436451,1.104180064,1.415945612,-1.305330171,-0.699204797,0.425407361,-0.00208024,-0.429306793,39.0,0
53628.0,0.027062328,-0.981077133,0.239777789,-1.648320139,-0.188106887,0.427912515,-0.319732619,0.172967119,-2.655570405,1.474930882,0.058366103,-1.496618028,-0.752542263,0.287054069,0.472455392,-0.632466729,0.578493012,0.387705381,1.481301433,0.030912672,-0.417695227,-1.16938182,0.349323818,-1.440410057,-0.4510063,-0.366109587,0.021384165,0.002527827,105.0,0
4146.0,1.16263152,0.276831777,0.735607755,0.705765507,-0.250839291,-0.264955758,-0.199330788,-0.01997121,1.035494199,-0.315248762,2.853379167,-1.236410889,1.927569194,1.888705199,-0.181420702,0.112727979,0.404668141,-0.302890948,-0.468730186,-0.156208461,-0.313790505,-0.657069671,0.189025425,0.160977476,0.067916728,0.055184885,-0.042154524,0.001360963,1.98,0
2240.0,-0.4846566,0.859968348,1.222425594,-0.133610138,0.312531735,0.258786743,0.377860215,0.431774927,-0.44802445,-0.395267075,1.694402805,0.018381155,-1.442179202,0.111181698,0.857824579,0.056850439,0.402226628,-0.37041305,-0.517638805,-0.016096003,-0.168375502,-0.463224982,0.06646033,-0.378331728,-0.384018808,0.118320006,0.263222234,0.078762626,9.99,0
121483.0,1.878500566,-1.98552158,-0.602580555,-1.510100038,-1.604321917,-0.234967166,-1.135642885,-0.10654405,-1.406308376,1.566447681,0.673598493,0.540726266,1.696944964,-0.613164169,-0.720284627,0.009767317,-0.047790822,0.319062476,0.199326489,0.046183032,-0.24549704,-0.631930676,0.234252017,-0.364754905,-0.627293917,-0.507489353,0.005939195,-0.012669983,203.0,0
50879.0,-0.684060716,0.985100274,1.282391172,-0.410617346,0.305796125,-0.140417876,0.784880282,-0.134383634,-0.421871861,-0.474585797,-0.576791864,0.076266132,0.310946896,-0.033823537,0.623482067,-0.947308138,0.493365107,-0.89376087,1.039885569,0.062497619,0.011181263,0.112462176,-0.383430271,-0.174390846,0.331004215,1.280577589,-0.287475598,0.030995814,8.2,0
152763.0,-0.930572079,0.531565352,-0.210885194,-2.065843068,-0.073162805,-0.69525426,-0.048518863,0.141609644,-0.292014563,1.016415593,-1.325936296,-1.144627577,-0.478222608,-0.316733243,-0.406986097,0.937376656,0.124226915,-1.20621356,0.503538578,0.26012312,0.175578207,0.752133348,-0.164388659,0.589064701,-0.605957086,-0.335451093,0.29715316,0.036496775,3.95,0
71896.0,-0.92992799,1.067342459,1.055343118,-1.410512883,1.25004585,0.795662657,0.854961848,-1.536291827,0.145337491,0.80728092,0.892250554,0.794365408,1.458446924,-0.781895185,0.445506873,0.017706317,-1.076861138,-0.291543025,0.778789185,0.064559037,0.571912844,-0.572178237,-0.198007044,-1.284306585,-0.30319749,0.740009408,-1.302403063,-0.626533337,1.0,0
57807.0,-1.053863114,0.238877311,2.097945799,0.574881153,0.72532911,-0.438980452,-0.022803894,0.221623306,-1.054536083,-0.175144845,1.851499911,0.90749747,0.302000249,0.452658051,0.988306588,-0.373438147,0.104841526,-0.25805078,0.934458177,0.300296371,-0.044240607,-0.358786168,0.028588779,0.230033298,-0.094461279,0.27429533,0.026672179,0.079721926,1.29,0
472.0,1.017054969,-0.185048783,1.181666067,1.073490204,-0.550586426,0.971826768,-0.806451931,0.484792244,0.517268097,-0.060123955,1.446990443,1.19801346,-0.070890784,0.006577366,0.432215271,-0.149872874,-0.090841394,-0.195277245,-0.870040664,-0.164292863,0.239286567,0.875847991,-0.053457579,-0.269918491,0.328906924,-0.217332072,0.096207619,0.020796223,17.57,0
75115.0,-1.516032377,-1.080347719,0.780025649,-1.766299898,1.984093368,3.840699095,-0.141098299,1.143460992,0.371474847,-1.298063488,-0.80342838,0.03404421,-0.214555896,-0.501748672,-0.652739776,0.383802504,-0.570644346,0.006866363,0.302247347,0.672523724,-0.063262637,-0.73388591,0.344123628,1.038169681,0.417815323,0.867479856,-0.110347943,0.076392578,210.1,0
129721.0,2.009834909,-0.278974562,-0.801430647,0.450797613,-0.43487039,-0.892674115,-0.193769589,-0.172977558,1.177018924,-0.095874826,-1.09846658,0.065809169,-0.588542118,0.241864815,0.505159106,-0.042855229,-0.445753453,-0.027606913,-0.026042403,-0.257887204,0.020579553,0.213946922,0.150698145,-0.124258061,-0.059470288,-0.330155024,0.006647991,-0.045846602,15.0,0
164320.0,2.040568766,-0.875623915,-1.395101391,-0.560215664,-0.513844351,-0.766122728,-0.298601143,-0.245329546,-0.823257455,1.120138144,0.471904699,0.365702429,0.210203407,0.462571859,-0.144360536,-1.127111375,-0.588775802,1.726809618,-0.626042784,-0.459709829,-0.067682146,0.206513111,0.020053463,-0.302852123,-0.085437909,0.788979697,-0.07859435,-0.066281717,72.94,0
165515.0,1.957085217,-0.18051727,-0.992337498,2.859857036,0.288165355,0.748362904,-0.303455469,0.166517433,-2.004529828,2.403861951,-0.494294907,-0.635141201,-1.077239846,0.491732374,-1.743163955,-0.402109495,-0.769262705,1.368282529,-1.531439549,-0.654025608,-0.601592715,-1.450338702,0.344829409,0.041902255,-0.308228971,-0.317540628,-0.036269906,-0.044092808,47.43,0
129476.0,-1.955615405,0.815097329,-0.81022549,-0.578852003,0.702466089,-1.132035117,0.13832332,0.452947886,-0.240464025,-0.700668638,-1.304598284,0.178312202,0.160576361,0.876955034,0.373309252,0.055866697,-0.360952178,0.202565656,-0.224767265,-0.657758542,0.399178813,0.962334598,-0.327853305,0.728262464,-0.049524113,-0.25320835,-0.529481758,0.025332606,2.39,0
88654.0,2.085624198,-0.173201092,-1.484456161,0.068067091,0.363346084,-0.316573116,0.02933997,-0.094656859,0.42773117,0.257201179,-0.040285264,0.52281068,-0.345666201,0.511777621,-0.530247243,0.412564677,-0.880581178,0.020779445,0.822461771,-0.20709935,-0.308764561,-0.817090647,0.205413718,-1.0506984,-0.210472673,0.243101297,-0.079692131,-0.081067674,4.49,0
35169.0,1.257654987,0.340836854,0.302405271,0.695052014,-0.391007094,-1.078977259,0.07057203,-0.190966521,0.066378699,-0.275741911,-0.104025328,0.116274084,0.002491067,-0.243244511,1.118328258,0.488840724,0.007530803,-0.272024482,-0.196716015,-0.096686797,-0.29064225,-0.847749076,0.132756712,0.33921665,0.208809928,0.095235919,-0.024381681,0.030206686,0.99,0
81030.0,-0.342847527,1.147492925,1.292832858,0.059396714,0.040039722,-0.965250782,0.74717502,-0.090408473,-0.438662639,-0.523430723,-0.168505554,0.06544487,0.396702099,-0.484695729,0.863776581,0.371806508,-0.009571222,-0.169828784,-0.092030019,0.138216028,-0.259215512,-0.667310244,-0.011334155,0.335889826,-0.149299623,0.071149213,0.246389793,0.098992165,6.84,0
115751.0,-0.716092159,0.98344756,-0.427757941,-0.021702413,0.866821253,-0.781380371,0.675377878,-0.107144642,0.020816944,-0.183915746,0.739362025,-0.768474448,-1.908893452,-0.429448948,0.741592088,0.069328147,0.566674957,1.541044275,0.913880062,-0.15351001,0.267207606,0.920044426,-0.45839219,-0.489807853,-0.302167513,-0.00775334,0.120258662,0.237111017,29.97,0
11884.0,0.096896905,-0.752231509,1.557937404,-1.927411845,-1.597998159,-0.701332879,-0.987673021,-0.962989792,-0.531499889,0.509441594,0.162231252,-4.13846915,0.635215382,1.366457588,-0.332782343,0.138900664,1.019345852,0.324741274,-1.254310716,-0.465754149,0.2650244,-1.45617899,-0.082270609,0.23184498,0.705570257,-0.488913202,0.083971535,0.196573004,100.0,0
35390.0,1.203528865,0.164713477,0.608042396,0.558308031,-0.573444383,-0.799122927,-0.076648712,-0.038550145,-0.1408409,0.120104615,1.566776611,0.817144792,-0.385041557,0.563381414,0.379972444,0.466732047,-0.566356004,-0.042637383,0.097649152,-0.126964223,-0.199272601,-0.641512398,0.156694343,0.514459714,0.140648378,0.066461052,-0.036300897,0.009581374,1.29,0
159741.0,-0.417379173,0.701994415,1.541207867,-0.313006238,-0.036767299,-0.247325177,0.353685253,0.029487181,0.42095184,-0.69828008,-0.933246336,0.76972503,1.380741902,-0.54633154,0.259076833,-0.266491963,-0.434066603,0.187587494,0.091257436,0.17210486,0.254949282,1.107543611,-0.248229501,-0.018057185,-0.163820189,-0.150807871,0.454683512,0.238001948,12.99,0
20023.0,1.128406691,-0.380881452,1.113631803,-0.628590676,-1.02097071,-0.100833771,-0.842917056,0.169121857,2.862439129,-1.324292188,2.571884555,-1.046281923,1.231487431,1.571058429,0.097816488,-0.614870151,0.702359555,0.471586855,0.20542082,-0.188862181,-0.06622076,0.267848,0.01147891,0.181394876,0.335283475,-0.725926779,0.076298909,0.018750273,11.85,0
78135.0,1.021873043,-0.383294677,0.777363254,0.632150826,-0.826068498,0.017732424,-0.491005149,0.267750097,0.502772953,-0.025999393,1.277460466,0.404536606,-1.548638496,0.428533308,0.128090172,0.018634248,-0.015631691,-0.150191567,-0.201836219,-0.11262987,0.058092352,0.114300011,-0.007141033,0.24734089,0.182624926,0.476534877,-0.023561647,0.011506149,59.89,0
140363.0,0.697390608,0.920463655,-0.983066318,0.441747015,1.43582982,-0.349617092,1.405621972,-0.594220257,-0.620746447,0.358704639,-1.175333156,-0.730614698,-0.152815567,0.737250452,1.690723947,-1.656994609,0.366163112,0.150465049,2.979409058,0.257815507,0.212836036,0.990386432,-0.260454889,0.110081605,-0.68791587,0.506653532,0.069927799,0.010637394,7.99,0
143347.0,1.980624555,-0.30597714,-0.926040962,0.020188081,-0.209743793,-0.517681411,-0.254294614,0.054208596,0.490713932,0.282968674,0.947489118,0.204022676,-1.456402894,0.821362178,0.35679172,0.714985877,-0.747384693,-0.103483123,0.312512479,-0.221899105,-0.417942584,-1.404060983,0.584829127,0.671221182,-0.795076345,-0.031959529,-0.089320822,-0.051173464,20.56,0
154803.0,0.062369387,-0.758506966,0.723815491,-2.003222586,0.341875133,-0.357187845,-0.315699957,-0.041597318,-0.336237231,0.391120279,-1.609191127,-2.097244664,-1.405665153,-0.295133626,0.69134701,1.725185132,-0.457247091,-0.737810353,0.564824816,0.179903381,0.031116042,-0.137804081,0.190007573,-0.005162567,-0.805922941,-0.574045441,-0.096060666,-0.133124666,23.4,0
16058.0,-3.139048519,-2.108732161,1.423983501,0.897638181,1.328705494,-1.727243395,-0.098676116,0.023311397,1.204285738,-0.102915486,2.232440666,-2.582466943,0.194001542,1.939390059,-0.223137146,0.476008037,0.151155779,0.617250082,0.245895998,-0.310318957,-0.459510389,-0.577041925,2.270691309,0.356378925,0.24593353,0.055079839,-0.160888501,0.671351547,7.99,0
145097.0,-5.953703195,5.569520329,-3.494337889,-2.944161922,0.608216192,-1.034850705,1.786003589,-0.3548867,5.03429098,8.622481745,1.131969207,-0.113828182,-1.209569939,-1.508818687,-0.153085899,-1.210716085,-1.309707162,-0.198986281,-0.472207848,3.466154016,-0.810654198,0.519473068,-0.111872705,0.140380946,0.817169985,-0.091990608,0.84864175,-0.692597021,1.46,0
168447.0,1.978344869,-0.391649682,-0.446791832,0.242484804,-0.490648975,-0.176111957,-0.60959677,0.123754173,1.150591493,0.027092998,0.353078904,0.718272305,-0.55237294,0.259785992,0.055735226,0.556736398,-0.928909156,0.533329987,0.398106647,-0.247158778,-0.168420972,-0.391065182,0.311134781,-0.555155643,-0.41612544,-0.609801267,0.02695345,-0.047405925,5.0,0
42836.0,-0.04018443,-2.945298038,0.551378285,0.136727666,-2.112744272,0.627532305,-0.336271616,0.119987045,-0.352595982,0.225187199,1.160237878,1.409064163,0.779180146,-0.431423518,-0.938661234,-1.680423918,0.47021066,0.755268326,-0.721507324,0.844161772,-0.102083853,-1.023880277,-0.374373826,0.311548136,-0.32107964,0.840325008,-0.112016113,0.122923495,659.2,0
52826.0,-1.060412592,-2.045966142,0.9891279,-1.175654782,-2.226070698,0.63170836,0.809864908,0.095995914,-2.765027435,0.993914413,1.169161179,-1.275479345,-0.915442948,0.238158648,0.711786688,-0.692717988,0.913557071,0.489587063,0.793651096,0.895947718,0.036618017,-0.561007612,1.372891125,-0.130340561,-0.630145779,-0.407079329,0.003718221,0.179583094,502.0,0
149236.0,-1.370975773,-0.025464613,-2.774906916,2.650530185,4.511309291,-3.289343682,-0.118841442,-0.014279445,-0.932772844,-2.637441745,2.858776502,-0.553179939,-0.758491998,-6.455029103,-0.154020882,1.323832975,5.580209252,3.293687594,-0.137693582,0.701291827,-0.048061088,-0.59935003,0.072192995,-0.60035142,0.371330624,-0.370950985,0.011970249,0.145895339,1.0,1
56944.0,1.240790326,0.188729519,0.393967498,0.427187517,-0.262913451,-0.478403355,-0.050024063,-0.035618611,-0.18762764,0.104453119,1.180490247,0.933334247,0.260826727,0.42147843,0.358776916,0.597554594,-0.793121423,0.065007937,0.296194076,-0.073193173,-0.227939408,-0.69550304,0.083238079,-0.008329231,0.23081091,0.097865362,-0.03349266,0.005406552,1.79,0
170017.0,0.218767233,-4.273977583,-2.002037857,-1.26954657,-1.272158303,1.39123165,0.141149504,0.150241883,0.455452616,-0.335387146,0.819004103,1.381021519,0.546614398,0.197250186,0.361392428,-2.338335647,0.54813721,0.155535854,-0.72294358,1.252813275,-0.114367216,-1.675558601,-0.311817713,-1.633847892,-1.126235295,-0.181004402,-0.119093616,0.095335548,947.02,0
140428.0,-1.007861743,1.494068021,-1.297658812,-0.618694505,0.599099092,-0.78918589,0.523311785,0.302053319,0.146108462,0.013816135,-1.954041141,0.067237282,0.706479641,0.553705204,0.483012638,-0.033533852,-0.670631331,0.46589851,0.41418589,-0.072615494,0.319476568,1.179095761,-0.056739941,-0.959357431,-0.554057785,-0.197685501,-0.053524335,0.039123658,5.31,0
123369.0,1.620356863,-1.394379429,-0.294483448,-0.12289787,-1.477329058,-0.61174732,-0.573176775,-0.079954961,-0.11867869,0.598533699,1.32838471,1.477993871,0.729792667,0.066988909,-0.170977872,-1.489898415,-0.283844673,1.354504473,-0.809560962,-0.217934462,-0.353726632,-0.854099444,0.335403169,0.406653182,-0.646799842,-1.051464396,0.046958033,0.008155074,207.95,0
74923.0,-0.39649174,1.001964558,1.247619214,-0.345685937,0.420982211,-0.09114543,0.609471949,0.112923629,-0.653315947,-0.152523554,0.621707915,0.558790707,0.453542322,0.216983987,0.168216263,0.618949495,-0.965187873,0.368165606,0.61254949,0.15747295,-0.226628645,-0.604721164,-0.141462109,-0.506282143,-0.101671989,0.103832456,0.262850123,0.103181851,2.69,0
122806.0,0.00447271,-1.226083988,0.698292513,-2.148509244,-0.635621337,0.307387132,-0.831186163,0.276348855,-1.866877452,1.242323156,0.033478049,-1.177256215,-0.72566677,-0.178843698,-0.401436718,-0.271644501,0.282822567,0.85931074,0.92966201,-0.082604624,-0.171661817,-0.35867424,0.526703389,0.185658329,-1.505737305,-0.53282883,0.252726324,0.260664389,79.95,0
64737.0,0.703209403,-1.384672827,0.974169474,0.696492496,-1.28301791,1.117703712,-0.961500154,0.446113172,-0.552077638,0.717602044,1.125186742,0.631994362,-0.216763358,-0.005595482,0.32068752,-1.561328575,0.184279847,1.243753328,-1.751558568,-0.159079064,0.002651675,0.139732309,-0.154731054,-0.316671746,0.115715745,-0.221450105,0.0764764,0.062557259,235.5,0
55360.0,-12.49007919,-6.277960936,-1.815732305,0.328322738,-1.586099309,0.067350892,1.119208635,-1.560072074,2.550666581,4.032740387,1.20417365,0.098617839,0.860409132,-2.619497434,-0.461107234,2.180584316,-0.565269737,-1.610573737,2.009799324,-7.593307967,-2.269178075,0.90786759,0.96381944,0.332894219,1.134113501,-0.573916222,-5.28506158,3.731441206,130.99,0
34145.0,1.194137572,0.246672625,0.632157741,0.643156829,-0.408058972,-0.697696719,0.025653456,-0.116697163,-0.057617528,-0.12524271,0.383745591,0.831084579,0.743503714,0.186694153,1.204460651,-0.108606297,-0.054763157,-1.159808164,-0.603882823,-0.102844022,-0.202415202,-0.528574099,0.200141334,0.408814664,0.118068276,0.10232777,-0.008876756,0.020038214,1.98,0
142757.0,-2.563429901,1.781912552,0.316441092,-1.071176555,0.223184229,2.977821852,-2.045340674,-3.48142957,0.694326279,-0.625701115,-0.638229284,0.459649841,-0.651994485,0.327613733,1.013418005,-0.795248152,1.196166925,-1.528848914,-1.934472537,-1.244432698,4.913646878,-0.33950537,0.508012801,-0.715504317,-0.250779815,0.774863499,0.535977451,0.124129717,19.38,0
72858.0,0.307454997,-1.089231346,-0.080013216,2.884927295,-0.364473847,0.385787621,0.634556649,-0.089325652,-0.286705449,0.330979616,-1.70600623,-0.298074921,-0.262945224,0.07152063,-0.542181064,0.504702406,-0.473772253,-0.2505885,-0.417156002,0.793360781,0.003824839,-0.954861648,-0.494170724,-0.445698697,0.417813059,-0.0889087,-0.091141689,0.095541899,478.35,0
136637.0,1.949694287,0.721507027,-0.752698471,3.724854295,0.49776149,-0.502678225,0.403227735,-0.288257349,-1.269557746,1.522703014,-0.940125862,0.109518417,0.944750535,0.236088875,-0.417835745,0.860418807,-0.969109565,-0.338598969,-1.751947413,-0.233765477,0.239385103,0.74709567,0.052260477,0.060224817,0.155403339,0.126673716,-0.040178766,-0.049939493,4.58,0
160791.0,2.132386021,0.70560782,-3.530758736,0.514779311,1.527174698,-1.716268269,1.13279093,-0.574214355,0.128903891,-1.000805052,-0.191190537,-0.32379419,-0.572455951,-1.422063853,0.314684199,-0.387162054,1.734741604,0.610975988,-0.221267208,-0.211167179,0.163739122,0.70391044,-0.245076157,0.460049174,0.920280993,-0.216585742,-0.026218564,-0.025001296,1.0,1
157402.0,1.991915515,-0.186481636,-1.592635225,0.291314638,0.123925621,-1.070827416,0.377921411,-0.278967217,0.209189826,0.260193295,0.858796217,0.794525829,-0.76269115,0.725252423,-1.034768035,-0.421180855,-0.188574765,-0.425080694,0.416712513,-0.219162521,0.031005973,0.197020279,0.073723946,0.072319408,0.07090271,0.654723699,-0.113784299,-0.085604108,27.77,0
33348.0,-1.18140244,0.474829933,1.263292585,0.809397115,-0.558126103,0.4141033,0.179775004,0.609009424,0.084729878,-0.663870277,-0.047134444,0.845888052,-0.508227225,0.007418575,-1.841792439,-0.230261986,-0.042761438,0.451854328,0.752550775,-0.289001306,0.068762894,0.420109397,0.196741143,0.004385972,-0.097527813,-0.40764379,0.01970911,0.030174715,94.34,0
93888.0,-10.04063146,6.139182715,-12.97297189,7.740555445,-8.684704528,-3.837429167,-11.9077019,5.833273001,-5.731054244,-12.43894491,6.989885613,-16.21861039,0.253303366,-8.728645065,-0.147529091,-14.12985452,-20.68502755,-8.484449057,4.851255137,-0.082275225,2.823431432,1.153005013,-0.56734285,0.843011622,0.549937645,0.113891876,-0.307375,0.061630641,1.0,1
137143.0,-0.766930995,1.455399641,-0.50234971,-0.412393181,0.5791155,-1.131809822,0.988087504,-0.166161555,0.212990736,0.039130339,1.166248748,-0.138011112,-1.128415316,-0.753569415,0.143970622,0.133266012,0.314272305,1.300389734,0.10695125,0.113916924,0.265821758,1.136541231,-0.262169613,-0.02111133,-0.500218148,-0.241699349,-0.147713456,-0.150219807,10.31,0
80293.0,-2.03110815,2.040095209,0.054260525,0.664309764,-0.578442343,0.352365892,-0.593080051,1.618277716,-0.919700975,-0.035525887,1.276072675,1.345520486,0.320158291,1.27543183,0.800013438,-0.347819231,0.576576455,-0.162777704,-0.151025239,0.036001543,0.317259234,0.859032325,-0.017991287,-0.280100267,-0.087686546,-0.208174751,0.283879099,0.110953486,14.9,0
43179.0,0.338125184,1.028620476,0.053923893,0.713679145,0.866031469,-0.643509781,1.154996101,-0.402977619,-0.240495357,0.436773724,-1.285098425,-0.688799605,-0.442702797,0.341863,0.815898673,-0.370630491,-0.524301862,0.189214818,0.706906938,0.105203047,0.019535004,0.437759351,-0.129762671,-0.453607239,-0.645541924,-0.390104547,0.272747862,-0.002496067,0.74,0
58411.0,1.011360617,-0.604236158,0.948250097,0.14242492,-1.336394839,-0.538623568,-0.63802178,0.1428871,0.54609138,0.009219347,1.301844944,0.117131517,-1.36675556,0.43803964,0.908467359,0.877946312,-0.599961755,0.684119374,-0.100003794,0.047060354,0.24711984,0.439632691,-0.074391087,0.595540912,0.043735866,1.070750656,-0.077900634,0.019766612,98.0,0
128904.0,-0.531198666,0.44797071,0.617818728,0.841721653,1.191343349,0.972092681,0.244429638,0.472445852,0.29534374,-0.083138179,-1.129153432,-0.466471193,-2.215072084,0.2453449,-1.838404436,-0.714561902,-0.005500775,0.513596415,2.022133673,0.098968993,-0.32765956,-0.71749784,-0.183626087,-0.375120244,0.070563262,-0.620342739,0.410230298,0.207222265,6.0,0
90778.0,2.0542051,0.405820299,-1.896872688,1.322186171,0.946791161,-0.879301131,0.660595637,-0.476600086,1.170087406,-0.00898712,0.058737634,-2.560220383,1.273746468,2.290481458,-0.42220958,-0.420647866,0.296441973,-0.121936375,-0.601726429,-0.28875395,-0.031622125,0.192593907,0.014787835,0.533342444,0.455945586,-0.54674393,-0.065535851,-0.062536207,20.0,0
131534.0,-0.680475455,0.427643748,1.157367469,-0.645935539,0.452564037,0.738042462,0.442205925,-0.01102864,0.626663447,-0.061164014,0.237275818,0.684661714,0.562538797,-0.536005447,-0.26169727,0.103932938,-1.025446126,1.074729845,0.644028268,0.0747109,0.243749988,1.228832598,-0.182017799,0.247787318,-0.143787326,-0.170259246,0.089815129,-0.036251986,41.0,0
145482.0,-0.853129087,-1.612034469,-0.007755053,-0.488229323,1.944068463,-0.783141429,-0.866389924,0.349402388,0.897758342,-0.390716857,-0.195290063,0.415589181,-0.436220985,0.312727314,-0.161536326,0.559042079,-1.352751435,1.427592277,-0.111846332,0.295914794,0.640030229,1.360214001,0.610001155,0.058965625,-1.817115797,-0.941769717,0.350522274,0.406279014,55.0,0
59777.0,-8.257110817,-4.81446074,-5.36530689,1.204229864,-3.347420097,-1.331601475,-1.967892799,1.295437817,-1.674415243,-3.426052253,0.14456269,-4.28352931,-0.240895042,-3.657490404,0.923104768,0.844221069,-3.948311852,-1.807515992,0.105878827,-1.233987257,0.436390207,-0.077552723,-3.091624356,-0.390200886,-0.288688941,-0.340004217,0.039819105,-1.00790031,319.2,1
50544.0,0.25982685,-1.572413007,0.693048572,1.792015687,-1.53941655,-0.133692033,-0.032738399,0.025518786,0.877726039,-0.255935293,-0.94757052,-0.408246653,-1.251170991,0.128775744,0.796927477,0.411782023,-0.324783325,0.471245179,-0.62623033,0.728453538,0.391372184,0.168835851,-0.484477182,0.386605777,0.285157756,-0.28742634,-0.030009391,0.114437059,474.3,0
72201.0,1.046071037,-1.176071974,-0.481985747,-0.350913448,0.969377279,4.076979827,-1.314378963,1.011065921,-0.525241922,0.709612563,-0.669259534,-0.090513343,0.36652209,-0.211825277,0.622748659,-0.859665784,-0.651883944,1.853137312,-0.837544423,-0.114835673,-0.350786973,-0.882819504,-0.077087784,0.958639297,0.376679912,-0.396671242,0.067070224,0.062142183,154.0,0
123532.0,1.937432282,-0.125546996,-0.900542576,1.046415854,0.24217634,0.29786284,-0.216882243,0.155316967,0.541414665,0.316907016,0.197925757,0.657138281,-0.616985124,0.420865888,-0.583907809,0.453494458,-0.886158756,0.111279634,0.367521285,-0.215848004,-0.443101743,-1.304708176,0.42276249,0.071013866,-0.371933759,-1.180813007,0.019375533,-0.036091466,25.0,0
142363.0,-1.218992048,0.843750184,1.019640716,-0.253715799,1.349088794,-0.544658575,1.32555196,-0.091258561,-0.926391934,-0.625038826,0.322413917,0.472101539,-0.333885595,0.455017758,-1.35181345,0.163746403,-0.963841644,0.125427861,-0.326148366,-0.188568896,-0.106016248,-0.393019327,-0.325442036,-0.384986567,1.021907426,-0.74167525,-0.123620172,0.05930151,22.85,0
160243.0,-2.783865487,1.596823576,-2.084843989,2.512985584,-1.446748566,-0.828495614,-0.732262192,-0.20332886,-0.347045718,-2.16206139,1.966123457,-3.127455945,0.506574101,-5.926131041,0.931090796,-2.499307194,-3.712751867,-1.142133437,0.626240856,-0.51500092,0.20356342,0.293267882,0.199568288,0.146867632,0.163601885,-0.624084666,-1.333099759,0.428633994,156.0,1
24898.0,-2.002938989,-0.977752595,1.726859674,1.300981044,1.212844014,-1.196797276,-0.031954289,-0.122483763,0.740609132,-0.457793104,1.243175424,-2.073450337,2.382824474,1.547484888,0.913566085,-0.5590248,0.995890957,-0.516061074,0.480418498,-0.227406135,-0.345033691,-0.230652761,1.691310399,0.322482997,-0.337089714,0.190743257,0.200860658,-0.018223058,1.98,0
152636.0,1.907151876,-0.12159361,-2.083975122,0.131639779,0.992184441,0.582827827,-0.139480548,0.274722567,0.538228505,-0.407347284,1.220109378,0.179414217,-1.171963964,-0.256414684,1.135057202,-0.233132654,0.80785119,0.000965718,-0.968248697,-0.318155727,0.280649028,0.975429878,-0.023948132,-1.725884323,0.04985459,0.013181771,0.03298706,-0.05878381,15.59,0
133893.0,-0.97607963,1.215745787,-1.143969459,1.17981727,1.088528043,-0.253066406,1.678688724,-1.164296703,-0.598946504,-0.501405786,-0.641665823,-0.324277304,-0.117442986,-1.102583084,-0.074710948,-0.605750696,1.319235396,0.333419827,0.571061695,-0.225192583,0.715359206,0.1323466,-0.053862387,0.571056401,0.117964199,-0.396802932,0.497075587,0.28604001,176.9,0
164637.0,-0.029727646,0.917382367,0.337104535,0.680406037,0.580831704,0.667973548,0.689782148,0.022346927,-0.788310381,0.261191047,0.271232202,-0.032299211,-0.471511694,0.574628723,0.529402174,-0.950842078,0.341093199,0.424711691,3.528849871,0.248980523,-0.162144965,-0.393176377,-0.154439806,0.125601644,-0.360099342,0.70978755,-0.014472023,0.115075757,35.75,0
136634.0,1.640667366,-0.815252295,-2.341772964,0.062668026,1.185177047,1.22909759,0.291759921,0.229133313,0.213276949,0.07470236,0.713777278,0.712526051,-0.661121808,0.789051061,-0.203841583,-0.966090544,0.267123546,-1.328635941,-0.359009847,0.048688453,0.144954557,0.243500106,-0.047172819,-0.891143531,-0.038189785,0.62557464,-0.0932804,-0.068530046,179.12,0
11039.0,-0.935285645,-0.186732822,1.976471102,0.088022417,0.656211515,-0.358153626,-0.238618526,-0.092606665,1.05623438,-0.224304296,2.581812294,-2.14172116,1.253693986,1.625225651,0.51097878,-0.27739604,0.685883044,0.221133067,0.921032303,0.105130909,-0.135072715,-0.055319328,-0.004215073,0.015310753,-0.808779466,0.924097013,-0.232296334,-0.044235065,20.7,0
111013.0,1.72429031,-0.772928979,-0.037166026,0.497206754,-0.248898565,1.622358153,-1.302213715,0.619088551,2.531517562,-0.306544614,1.91243327,-1.942451187,0.563086691,1.658137492,0.263123184,0.018991642,0.65129548,-0.35126724,-1.318159522,-0.302780563,0.001561349,0.330831313,0.337597211,-1.499118604,-0.831507396,0.229439191,0.014732384,-0.06003764,53.24,0
109951.0,-0.35998575,1.171370406,-0.036014611,-1.021126208,1.853069532,-0.231842052,1.121803365,-0.198194171,0.866316592,-1.7663844,-0.625979811,-2.688507968,2.396410192,0.275581006,-1.272824377,0.703825314,0.543589668,0.289048183,-0.437254842,-0.080382997,-0.48845388,-1.163215065,-0.203852218,-0.457655191,-0.086888103,0.078337132,0.029886243,0.147957726,1.98,0
95628.0,-17.51890913,12.57211785,-19.03853832,11.19089466,-13.55472071,-0.411923613,-23.18939651,-5.301412218,-8.630390306,-16.25561175,5.70211148,-13.81240409,-0.306815323,-7.013607372,-1.182290354,-9.360179193,-16.66836938,-7.147467777,2.162098646,2.52851233,-4.969477722,0.976124822,1.841247934,0.334417748,-0.720128461,-0.232603423,-3.021992473,-0.478158235,1.63,1
63439.0,-0.367676112,0.195394629,1.87906287,-0.091469491,0.708310626,1.922099682,-0.115912701,0.632933802,0.366330957,-0.420825756,1.688224543,1.071432625,-0.30491947,-0.240835243,0.20932725,-0.743849467,0.108634372,-1.151584782,-2.353453403,-0.285899972,0.433241944,1.68260055,0.084211852,-1.018166428,-1.360565428,-0.531908775,0.188438722,0.003423067,1.18,0
163181.0,-5.238807736,0.623013014,-5.784506592,1.678889307,-0.364431872,-0.477294698,-4.276131504,-0.695172912,-2.971644386,-5.529131231,1.779504503,-4.836159014,-1.208991875,-2.901189811,0.281878306,-5.53954432,-7.290960213,-4.897766036,-0.308608992,-0.203269802,-0.326139919,1.509238687,-0.215966267,-0.245726907,0.893041277,0.865758089,0.854657017,-0.964482422,39.98,1
138736.0,-1.278370427,-0.449735829,-3.625216758,-4.371713336,0.249135469,-1.634394698,1.210765272,0.31041671,-0.213336131,-1.000191125,-0.20126716,0.91231432,-0.316652666,1.493353543,-1.40089246,-2.378437538,-0.27864753,1.78531706,-0.738631449,-0.627853681,0.237002066,1.178950498,0.108554376,0.256616404,-0.639700342,-0.918226206,0.559398733,0.081972819,165.05,0
62975.0,-1.426464959,-0.142626546,1.117815444,0.455986486,-1.108564571,0.076572468,-0.204782215,0.393619585,-1.092933762,0.43330188,-1.559801916,-0.220874079,0.668020594,-0.112898684,0.508735251,-1.499332489,0.148024728,1.854025727,-0.138809626,-0.360813607,-0.1789119,0.081992862,-0.326534485,-0.095847705,-0.085719853,-0.1511071,0.387208718,-0.091027969,158.0,0
48962.0,0.839170411,-1.384975791,1.538945426,1.273680424,-1.937821484,0.56156274,-1.065230553,0.207015663,0.502929509,0.324338237,-1.610847391,0.693371496,0.453616515,-1.213158443,-1.825095786,-2.073382396,0.588745133,1.002608476,-0.58704391,-0.166722458,-0.375476696,-0.530196306,-0.159551143,0.407627835,0.378495772,-0.298840623,0.09534325,0.076352314,200.0,0
160630.0,-1.009775702,0.753124138,-0.579845711,-0.273118127,2.006317321,0.106649967,1.071672383,-0.063977133,0.25650114,-1.334615793,0.287303376,-0.229042066,-0.233932252,-2.999051313,0.053394014,-0.734577729,2.685936994,-0.710089374,-1.482307212,-0.095812992,0.054311576,0.914782198,0.02340579,-1.173153869,-0.19922787,0.736835268,0.031788817,0.074416279,12.31,0
146491.0,-0.664064553,-0.985510171,0.034253853,-0.066561853,1.62161976,-0.937437599,0.662068919,-0.241055903,-0.191887351,-0.073440335,0.484821275,0.762645742,0.158406348,0.16617443,-1.006501211,-0.274474609,-0.585024483,-0.125199323,0.822887446,0.540668442,0.015945434,-0.22686937,0.516902172,-0.46374643,-0.746480697,0.19850662,-0.174319742,-0.107456594,127.61,0
126341.0,-0.22895057,0.445544244,-0.454991485,-1.423019277,-0.424341094,-1.416272669,0.197796711,0.209481331,-1.085370849,0.359511706,-1.657354097,-1.274309333,-1.522022897,0.856184943,0.040981576,-1.287161221,-0.107384327,1.476139463,-1.250821626,-0.665262013,-0.003822741,0.424138671,0.078179267,0.02372272,-1.078063978,0.599196984,0.312134244,0.236610548,9.0,0
32747.0,0.347110581,-2.02481976,0.792326095,0.872814594,-1.465670768,1.316002237,-0.694864121,0.437164488,-0.278723884,0.452106203,0.896349401,0.891849532,-0.374782326,-0.163284006,-0.656357337,-2.024766432,0.583907127,0.771184284,-1.299442797,0.179601328,-0.193869571,-0.725979174,-0.204344641,-0.328860016,-0.01647301,-0.454113101,0.048395369,0.093114431,413.4,0
160777.0,-3.029018398,-3.184886028,-0.470793983,-0.202733448,4.717780135,-3.420586429,0.039727406,-0.287628374,-0.428837372,-0.299575613,0.138644814,-0.258515945,-1.92770224,1.234478751,-1.176321581,-0.646359037,-0.690985364,0.494926579,-0.113645047,0.977304138,0.695631296,0.858606101,0.251760388,-0.333205722,1.09608795,0.000506295,-0.323059866,-0.060857579,131.84,0
169450.0,-0.688266884,1.138649209,-0.495103473,0.899796162,0.900568449,-0.498841366,0.843246753,0.3453624,-0.975443428,-0.040650438,0.078488729,0.371194209,-0.753292345,1.107450336,-0.963052332,-0.772662585,0.028190214,0.352208414,1.159184676,0.038190484,0.211637203,0.637707905,-0.254150157,-0.392569548,0.048029367,-0.371099213,0.307366876,0.125364098,23.15,0
163977.0,2.12219951,-0.561868209,-1.599926531,-0.182585763,-0.304422519,-1.331184458,0.199509862,-0.534877245,-0.786576068,0.878862719,-0.983053902,0.439261468,0.895095468,0.125194515,-0.6745402,-2.10551981,0.148701904,0.411969336,-0.583960588,-0.516854316,-0.364002941,-0.418321188,0.116455118,0.086336449,0.076792191,0.553111254,-0.073567736,-0.063340508,45.49,0
127538.0,2.052796989,0.602223268,-2.391071783,0.762209732,0.575450695,-1.772894657,0.388405663,-0.418902145,0.482546436,-1.204896755,0.175313748,-0.146655567,0.186346136,-2.577094101,1.053191987,0.779909428,1.736134102,1.266286208,-0.676540536,-0.139233042,0.095680411,0.489911513,-0.057512076,-0.233308771,0.272866277,-0.099476219,0.021326781,0.007640892,1.0,0
42723.0,-1.174586347,1.464917965,0.95409742,0.919724557,-0.426499424,0.109198123,-0.239347615,0.946282788,-0.809869837,-0.628140629,0.337298504,1.370840441,0.644686084,0.550321538,-0.845796134,-0.154587116,0.097146311,0.331019211,1.307028804,-0.187432524,-0.016594423,-0.177340968,-0.053387423,-0.039341115,-0.107863177,-0.493186928,-0.21027714,-0.014460395,1.9,0
28136.0,-1.626642879,1.639999556,1.074068879,0.678635432,0.401180423,0.07696724,0.865015272,-0.540919873,0.211736094,1.261250625,-0.407646572,-0.431034914,-0.150168102,-0.204752814,1.693958632,-0.822954361,-0.058914489,-0.281119976,0.580029155,-0.022413486,0.156227232,0.43020717,-0.23643693,-0.274964809,0.050440127,-0.289233151,-1.12138652,-0.035926625,15.95,0
31145.0,-0.678175897,-0.349194824,0.888694404,-1.186263494,-0.626939847,0.47494952,0.92355966,-0.008831427,-1.900629702,0.250702891,0.207404422,-1.148143005,-0.391018582,0.161750399,0.358462937,1.225514177,-0.057554342,-0.073746419,2.08832819,0.774623783,0.375661846,0.51597652,0.024768101,-0.843833044,0.66007665,0.067065016,-0.039991199,0.057776117,245.45,0
122806.0,1.947279869,-0.559172977,-0.695414168,0.161528997,-0.186140064,0.391960103,-0.633828807,0.094240151,0.891480919,0.133876321,0.00599915,1.234087611,1.197702242,-0.2803101,-0.369634185,0.663646911,-1.085233554,0.628729724,0.318167533,-0.024309047,0.217068715,0.804744754,-0.042264441,-1.002280739,-0.110281506,0.655830264,-0.024797984,-0.061938454,43.99,0
126491.0,-1.720609193,0.872650937,-0.047758399,-0.84013176,-2.4886534,0.293947965,-1.699028122,-0.431430236,-0.689228492,-0.235536978,-1.337935119,1.105489417,2.298926397,0.173434012,1.036579036,-0.558739069,-0.107704028,2.069730448,-1.23611515,-1.267216353,1.663820408,0.207917327,0.318328317,-0.086689399,-1.051624427,-0.351974487,-0.174051228,-0.165560911,122.1,0
36170.0,-5.685013418,5.77651621,-7.064976729,5.902715452,-4.715563831,-1.755633324,-6.958679143,3.877795187,-5.541528828,-7.502112191,3.676703187,-7.642983067,1.689865123,-8.299659531,0.646996365,-6.79279506,-12.07593206,-4.882179643,2.626624525,0.299488632,1.128641074,-0.962959729,-0.110045084,-0.177733241,-0.089175416,-0.049446723,0.303444582,0.219380439,111.7,1
73796.0,-0.90851159,1.100466443,1.275332849,-0.150761076,-0.130304484,-0.034058693,-0.009754505,0.625148402,-0.306841726,-0.600366325,-0.949830255,-0.226657695,-0.154698614,0.374221509,1.230489803,0.263078178,-0.163377136,-0.149835116,-0.318540115,-0.028780261,0.088993247,0.256963993,-0.156944782,-0.411727132,-0.136715152,0.379826757,0.217106543,0.103078834,1.0,0
94583.0,-0.503404014,1.65152073,-1.05825166,1.049725729,0.959159881,-0.26607007,0.666247516,-0.511602317,1.501322748,0.350234764,-0.098491035,-2.91541207,2.579073138,0.350792304,1.399781555,-0.788526586,1.631181382,1.395805026,2.315737411,0.250187176,0.114419771,1.014226122,-0.095367552,-1.142264341,-0.805631037,0.159592878,0.035064772,0.397450845,18.5,0
67493.0,-0.595524239,-0.25981574,2.71183712,-0.618163136,-1.239841971,0.827394577,-0.723121566,-0.074144369,0.880009187,1.073405398,-0.986081153,-0.944263688,-0.854518725,-1.842934014,-0.836288894,-0.289542682,1.217009078,-1.545802641,1.433198072,0.262947942,0.19181009,1.230458351,-0.143406846,0.135218106,-0.594234717,-0.108117717,-0.352415776,-0.235761816,6.9,0
89792.0,1.966825591,-0.304963472,-0.196222445,0.510318305,-0.66019261,-0.500723736,-0.508894674,-0.125727068,1.237513159,-0.2186001,-0.677319495,1.315485036,1.632558957,-0.495066935,0.354153337,-0.057470704,-0.527643383,-0.080094973,-0.316259048,-0.130545044,0.21743929,0.967147505,0.107656602,0.053804916,-0.060694602,-0.215190952,0.054879939,-0.033529619,9.99,0
62775.0,1.290905248,0.252133761,0.188202964,0.51690344,-0.151448395,-0.740926469,0.147647494,-0.219373457,0.002287601,-0.067713032,-0.645863366,0.331713553,0.637295996,0.185348898,0.932570263,0.335012639,-0.572333196,-0.407967956,0.076726184,-0.051666032,-0.228764539,-0.63992118,0.009893265,-0.098754367,0.394659098,0.20260532,-0.034543339,0.011853313,7.87,0
58295.0,1.236503739,-0.043744501,-0.287866671,-0.191726654,0.022472712,-0.528374637,0.209126498,-0.09257826,-0.178234041,0.034327143,0.701723918,0.346500751,-0.551438093,0.709120024,0.286008887,0.589505222,-0.714910482,-0.158560686,0.872031189,0.004775105,-0.429229885,-1.445108051,0.065732608,-0.504674025,0.143609021,0.654269613,-0.117746972,-0.00919117,47.99,0
63971.0,-0.37656417,1.081250114,1.265301899,0.011545457,0.197812834,-0.518706277,0.616717097,0.077000443,-0.367803087,-0.548209644,-0.024354202,-0.101243387,-0.104750197,-0.361215912,1.16752679,0.099080659,0.298576115,-0.564005715,-0.447675437,0.062401398,-0.240306738,-0.590787973,0.01049474,0.017583894,-0.241524615,0.102318446,0.261835389,0.094160616,0.89,0
38871.0,-0.419590573,0.983356923,1.137108293,-0.17258024,0.404432069,-0.002368263,0.523479387,0.244988384,-0.603814684,-0.38418085,1.37669407,0.466740812,-0.151183058,-0.178668501,0.49449647,0.393671358,-0.070766523,0.044796506,-0.036082347,0.104218639,-0.204511577,-0.541974838,-0.020509912,-0.366327747,-0.224558333,0.105046129,0.254115676,0.081480061,8.99,0
149518.0,2.105142943,-0.151638026,-1.662135737,-0.06386185,0.685597887,0.144739993,-0.01031549,-0.012778097,0.369257448,0.24121196,-0.053882881,0.637512127,0.01606658,0.427012122,-0.518232918,0.441369448,-0.945176033,0.035018245,0.855011257,-0.158422588,-0.31614807,-0.856428525,0.232301786,-0.356378349,-0.171733096,0.2116715,-0.08211458,-0.07434019,1.98,0
132333.0,-1.44889283,-1.522893127,-3.720053815,0.345004222,-1.736497974,0.341937792,4.828922985,-0.334548006,-0.971179584,-0.999491385,-0.010686438,0.185214491,-0.518614298,1.591972193,-0.850823315,-0.829199364,-0.304782684,0.988414987,0.8970737,2.03887503,1.168225893,1.7943764,2.268002816,-0.557803278,-0.59260362,-0.421190496,0.11321217,0.397377381,1026.72,0
155190.0,-1.041687159,0.449211113,1.625506809,0.200309606,-0.015867502,0.172288842,-0.635327223,0.777899633,0.156955931,-0.840691197,-1.376405723,-0.201657293,0.018005144,0.089138142,1.058689897,1.084348962,-0.976429845,0.954792202,-1.171934868,-0.121046853,0.438437202,0.964442991,-0.111445964,0.570911865,-0.424289853,-0.681068992,0.11304439,0.061050218,3.9,0
19331.0,-1.026870591,1.037664366,1.702194586,-0.862341791,-0.575049966,-0.641653565,-0.114476282,0.565196734,0.970535049,-1.039223536,1.824078641,-2.382715027,0.405337744,2.107436402,-0.676836478,1.003629636,0.07375229,0.626688379,-0.459010607,-0.15089679,-0.222875468,-0.596692943,0.030923545,0.251742108,-0.430119212,0.604679589,0.093773172,0.082602474,4.99,0
69351.0,-0.393883167,1.112113477,1.754497344,0.694201781,-0.004946567,-0.868115156,0.945530588,-0.206875672,-0.838405939,-0.456747675,-0.021420841,0.699803576,1.262783765,-0.022859477,0.596715788,-0.045097908,-0.429825273,-0.265393511,-0.399901946,0.04416701,0.0752365,0.222098955,-0.103465925,0.720442742,0.079408069,-0.489588876,0.074824118,0.074050292,25.98,0
37329.0,1.138498687,0.004648351,1.011495287,1.291157539,-0.605391535,0.165780133,-0.468455575,0.142021429,0.728891119,-0.222263237,-0.546831205,0.697682947,0.315945816,-0.319045759,0.267699962,-0.407161134,0.071813299,-0.494900366,-0.59334258,-0.160700012,0.118017771,0.644445482,-0.10943175,0.126091591,0.592503571,-0.186811086,0.079832145,0.026473376,3.68,0
131109.0,-0.940170945,-0.285990909,0.045159887,-2.617099634,2.320813387,4.100633017,0.288304364,0.12349925,1.568665106,0.219977502,0.061826845,-0.213567481,-0.187574348,-0.96998882,1.130613706,-0.544233629,-0.693065029,0.000879648,0.523898606,-0.082990038,0.151293886,1.034613519,-0.406916374,0.822107827,-0.597652723,0.690137021,-1.106775634,-0.354226731,87.0,0
151286.0,2.334569709,-1.45704032,-1.498321819,-1.937092624,-0.569963929,0.327553766,-1.233445948,0.069819137,-1.310890756,1.760695311,-0.378658256,-0.905422453,-0.300078665,-0.102525702,-0.663629999,-0.112435029,-0.040218719,0.740434184,0.511420045,-0.429551728,-0.197810818,-0.14120771,0.135371386,-0.450267254,-0.077108194,-0.139292722,-0.003449575,-0.067776715,15.0,0
102343.0,-3.287249261,1.946977014,-1.106755023,1.242025802,-0.979166067,-0.432292446,-0.428912601,0.566941514,1.215737896,1.190325279,1.743185237,-1.69355833,1.572454922,2.308145137,-0.037000567,-0.886819366,1.49904685,0.383394038,2.995353692,-0.589827459,-0.241357795,-0.294140949,0.246366125,0.057172992,-1.214920369,0.198765505,-3.121664634,-1.548883925,1.98,0
50300.0,-1.723654482,0.913809243,0.890465251,0.183662442,0.15900803,0.359490519,0.68211408,0.563178836,-0.450223601,-0.512932381,0.538607027,1.010084234,-0.098843481,0.279675131,-1.403405712,-0.141230299,-0.22689917,-0.267418605,-0.508267654,-0.239464908,0.003607817,0.139147998,-0.071735103,-0.310094337,0.4367425,-0.459150994,-0.012098278,0.114178336,87.0,0
129429.0,2.00404326,-0.399443704,-0.62360083,0.165074222,-0.340930086,-0.218547772,-0.484263129,0.000929556,1.044227502,-0.011656299,-1.074386558,0.223635919,0.116754463,-0.069634266,0.590612328,0.532849706,-0.627886718,-0.357420343,0.087276771,-0.12190541,-0.279550682,-0.780756457,0.42637634,0.458893652,-0.596422331,0.213892217,-0.048384106,-0.036807113,25.0,0
68864.0,1.272582291,-0.798158161,-0.372348537,-0.560934805,-0.620324825,-0.554744084,-0.130651362,-0.250118638,-0.705510165,0.587509128,-1.541584506,-0.472915353,0.003770403,0.054145813,0.064745057,-1.524855997,0.02980162,0.92727544,-0.17649074,-0.290750922,-0.447886222,-0.919199134,-0.192260844,-0.399346866,0.498699901,1.13401699,-0.090727395,0.006184917,106.24,0
56806.0,0.016827808,2.400825547,-4.220359821,3.462217464,-0.624142188,-1.294302586,-2.986028314,0.751882725,-1.606672299,-5.974925438,3.264922152,-5.095031624,0.307807541,-10.01810606,0.273282637,-3.562533517,-4.377105684,-1.792634943,0.080280773,0.590418383,0.285831618,-0.771508089,-0.265199774,-0.87307715,0.939776316,-0.219084743,0.874493632,0.470434222,1.0,1
88066.0,1.95967144,-0.005240639,-1.790626401,1.228259085,0.509371743,-0.702332998,0.512435825,-0.216790247,0.139690228,0.454753431,0.132573571,0.257651106,-1.412998556,0.936046667,-1.108573219,-0.312853056,-0.509286526,0.197726116,0.282296371,-0.28014071,0.076293949,0.280861948,-0.083590686,-0.430660223,0.444689165,-0.487441783,-0.035655365,-0.072498943,40.48,0
34755.0,1.27260782,0.338677049,0.289716398,0.628699194,-0.258561453,-1.045336113,0.252781113,-0.334642386,-0.195152295,-0.065595822,-0.089366579,0.910513331,1.44102217,0.057107858,0.782976895,0.065598315,-0.433129222,-0.502058113,-0.210476441,-0.018107126,0.015159995,0.148235504,-0.081279866,0.462576958,0.574845756,0.392906653,-0.032488995,0.012421959,4.48,0
8086.0,0.511633464,-1.453857741,0.67419734,0.563777955,-1.287542235,0.002028095,-0.277390492,-0.111823141,2.353456407,-0.940096542,-0.124036624,-2.154650331,1.945834026,1.026639294,-0.366410188,0.324104071,0.483893379,0.11343881,0.092829326,0.697523414,-0.067203669,-0.620216458,-0.329859331,-0.077772901,0.016736374,0.941466797,-0.133586946,0.072047182,393.48,0
65656.0,1.346575198,-0.627765383,0.732565669,-0.69580113,-1.174406351,-0.456386318,-0.880557636,0.050005737,-0.500804532,0.581179462,-0.137071064,-0.896930907,-0.572409172,-0.091904004,1.280537442,1.101362379,0.472736747,-1.686353256,0.124007467,-0.003691088,0.06203638,0.074160583,0.116974617,0.056942802,0.152416811,-0.334686945,0.033740169,0.020575835,10.57,0
8451.0,0.31459659,2.660670277,-5.92003738,4.522499605,-2.315027286,-2.278351654,-4.684053936,1.202270265,-0.694695511,-5.52627806,6.662436831,-8.525464925,0.742745447,-7.67866801,0.593070459,-4.478136595,-5.844266479,-1.102730795,2.177385687,0.562705643,0.743314023,0.064038356,0.677841675,0.083007823,-1.911034464,0.322188398,0.620866539,0.185030355,1.0,1
70850.0,-1.279071844,-0.52289968,0.956814256,1.436997575,-0.720919636,1.184802002,1.804789388,0.190040798,-0.694621252,-0.52330493,0.570666965,-0.074913738,-1.379904622,0.526304848,-0.238806729,-0.777760728,0.330113179,0.261505454,1.109110763,0.941297336,0.268799377,0.101398348,0.763215637,-0.366820922,0.30544025,-0.192684425,-0.022537416,0.126171779,437.95,0
154309.0,-0.082983465,-3.935918924,-2.616708986,0.163310075,-1.400951828,-0.809419405,1.50157984,-0.470999587,1.519743199,-1.134453811,0.713877646,0.979674835,-1.339031266,0.984993219,-0.382470968,-0.934615796,-0.052419435,0.511161784,0.731998749,1.878611603,0.70267204,-0.182304776,-0.921016986,0.111635488,-0.071622212,-1.125881096,-0.170947427,0.126221383,1096.99,1
41505.0,-16.52650657,8.584971796,-18.64985319,9.505593515,-13.79381853,-2.832404299,-16.7016943,7.517343904,-8.507058637,-14.11018444,5.29923635,-10.83400648,1.671120253,-9.373858584,0.360805642,-9.899246541,-19.23629237,-8.398551995,3.101735369,-1.514923435,1.190738695,-1.127670009,-2.35857877,0.673461329,-1.413699675,-0.462762361,-2.018575249,-1.04280417,364.19,1
82890.0,1.178138846,-0.769673744,0.09519512,-0.482896014,-1.08420871,-1.091157562,-0.144470907,-0.331602442,-0.983941878,0.636879034,-0.466479762,-0.04883514,0.544815369,0.134159713,0.835936579,-1.32458071,-0.026514289,0.86950873,-0.796103766,-0.222231354,-0.313523259,-0.672168498,-0.061891114,0.434744531,0.240693486,1.02703772,-0.086457334,0.025739358,125.95,0
157087.0,-1.707974527,1.666731354,2.657062615,4.577957465,-1.137647741,2.621454027,-0.909544709,1.116710424,-0.075030002,1.662847857,-2.074588444,0.393821935,1.430784448,-1.486721155,-1.099139919,-0.296094196,0.673247245,0.387002429,1.531440437,0.652347668,-0.037002587,0.701349152,-0.291042277,0.650917032,0.440744359,0.667841109,0.696193607,0.287325963,75.64,0
78213.0,1.333515704,0.232074888,-1.70853354,-0.070690885,2.556840818,3.062608867,-0.033860737,0.647437746,-0.400604261,0.108141563,-0.146367134,0.006935717,-0.117289365,0.718209372,0.876823668,0.112263781,-0.808417901,0.08259008,0.119971699,-0.036844788,-0.051408673,-0.243188267,-0.179800896,1.009995574,1.009941414,-0.280493858,-0.005882825,0.003857153,1.0,0
133057.0,0.565418344,-0.496596012,0.025333441,-2.677878278,-0.182925947,-0.183197859,-0.248990884,-0.10947111,-1.91182171,0.916040442,-1.770420966,-1.162433272,0.833071938,-0.656324304,-0.616056288,-0.379928234,0.103277067,0.181322274,-0.084581771,-0.359072021,-0.15531177,0.016306497,-0.066604552,0.06893689,-0.258109841,-0.227313841,0.048664267,-0.000101238,5.0,0
69766.0,-1.301836454,1.693687153,0.467844214,0.761573827,-0.534435045,-0.275302792,-0.200419233,1.092239473,-0.7598751,0.007843924,1.089716141,0.344264703,-1.329835171,1.373287699,0.63712559,-0.205633034,0.316116771,0.303265685,0.223809073,-0.08022617,0.237940969,0.601199536,0.001913181,0.197234961,-0.272671269,-0.303851299,0.279144971,0.144311047,3.0,0
75040.0,1.308926685,-1.270468769,0.766866881,-1.511980014,-1.37907533,0.490717336,-1.423705577,0.236930797,-1.973879028,1.471998701,1.756027931,0.331568269,1.172068798,-0.377348146,0.572817219,-0.572942776,0.646312283,-0.183559456,-0.890804572,-0.263950071,0.074105546,0.625986458,0.011935541,-0.261358861,0.175420836,-0.067551972,0.079977677,0.01731869,43.3,0
47758.0,1.240292226,0.310604504,0.170499319,0.484876417,-0.104524003,-0.522215864,-0.007549911,-0.046037668,-0.237919081,-0.120530046,1.330104035,0.926874038,0.453576021,-0.162694817,0.394789488,0.775725685,-0.40991887,0.291744561,0.234451766,-0.041118276,-0.258275586,-0.768373477,0.066224546,-0.086837587,0.245562704,0.099977538,-0.025831212,0.017301922,1.98,0
35421.0,-0.514075413,0.521429972,0.975464309,0.71435788,-1.010751067,-0.969588867,-0.208582919,0.264945445,-0.284858863,-0.097360173,-0.167916204,0.186417042,0.296406253,0.418314355,1.774302938,-0.15940626,0.390316726,-0.10632761,1.531423463,-0.002990214,0.074559329,0.171013655,0.631423843,0.755639627,-1.77469595,0.778228507,0.007138868,0.158194098,41.6,0
147438.0,-1.52662438,-2.859256673,-3.514533267,-3.411676257,-8.935669998,4.750355675,9.089580147,-1.96037883,0.835323293,-2.026797512,0.77777159,0.207806561,-0.301386205,-0.436648276,-0.48669199,-1.280763136,-0.838677544,1.589233367,-0.120683687,-1.990438772,-1.137159117,-0.49993308,0.772818824,0.778304713,-2.152091044,-1.715640286,1.580033439,-0.620616601,2155.27,0
74262.0,-2.250534809,2.365754878,-2.955491179,0.089790598,-2.830744567,-0.844461639,-0.174061561,-0.407138138,0.174216294,-2.998926256,2.605168575,-3.677716614,-0.961254636,-4.629480997,1.942181613,-4.180378884,-4.605686468,-2.557184137,1.589582202,-0.486537142,0.256559618,-0.466245243,0.291104927,0.242566553,-1.279093712,-1.123534337,-0.630976513,0.326839204,311.28,1
84225.0,-0.517218946,1.311406891,2.623447213,2.278206912,0.00109462,-0.535575527,0.926658612,-0.213001534,-1.337717959,0.519448526,-0.130137295,-0.792166721,-0.907344339,0.21582533,0.867361975,0.191542987,-0.206909568,-0.313728697,-0.220826569,0.039476257,-0.216050993,-0.601207498,-0.105784,0.843794918,-0.052373712,-0.191395202,-0.116538133,-0.136179595,4.99,0
28201.0,-0.446041731,0.701825587,1.990115759,0.498265271,0.471333916,0.439736046,0.438612421,-0.015440885,-0.085916647,-0.186482776,-1.794063984,-1.251875184,-0.701060968,-0.028749469,1.770929273,0.482091501,-0.862586052,0.869624474,0.935130821,0.159436802,-0.142145476,-0.335017707,-0.383193573,-1.059413322,0.279729497,-0.317482482,-0.071412822,-0.145321435,15.96,0
28185.0,-0.696501644,0.260185626,1.221571969,-1.814876753,-0.035500217,-0.851632866,0.636667795,-0.048297397,-1.499824748,0.060537383,-0.217875692,-0.902991074,-0.36346315,-0.007502911,0.1692748,0.807922145,0.410833942,-2.21681982,-0.133955893,0.250573197,-0.112549368,-0.507716707,0.090431197,0.019540407,-0.015742585,-0.634838408,0.289462269,0.161047831,49.0,0
53049.0,-1.994154868,-0.817220166,0.758526956,0.854451884,-1.208572421,0.046238528,1.09316219,-0.109246779,0.781559775,-0.413366852,-1.101085109,0.366515201,0.09129315,-0.724385781,-1.002852429,-0.330066329,0.147463625,-0.461432323,0.542905369,-0.875566276,-0.297792827,0.366335148,0.97492056,0.45003393,0.016781649,0.313342067,-0.331238976,-0.172191298,274.67,0
135952.0,-0.281673689,0.832544487,-0.433767885,-0.929556723,2.452556722,1.36433237,1.245565379,-0.360411752,0.27526768,0.231989864,1.601909002,0.83935979,0.864085297,-1.868202696,-0.107871283,-0.474404787,0.414902767,-0.998746332,-0.833165359,0.127401072,-0.337102245,-0.332823592,0.030794948,-1.045684626,-0.622115617,-0.094583079,-0.753485614,-0.565518096,1.79,0
165791.0,2.022669634,-0.047355936,-0.893336943,0.506216013,-0.310178167,-1.36389233,0.183409866,-0.338590483,0.504254059,0.06236054,-0.313129885,0.620668812,0.036510761,0.2963957,0.051992766,-0.286335611,-0.084361224,-1.099019545,-0.08196991,-0.239125401,-0.255142722,-0.595937996,0.396598781,0.401605285,-0.367227209,0.175203915,-0.06687029,-0.056050053,2.69,0
107773.0,-0.464632792,0.725136453,2.08003412,-0.268131991,0.391532795,0.122894456,0.480153542,-0.162192218,1.68105088,-1.127974997,-0.454311694,-3.247891802,0.97380462,1.375154448,0.787716587,-0.090349275,0.145115561,0.762421835,0.736630305,0.044725954,-0.353715104,-0.606254029,-0.353659378,-0.840911842,0.319393661,-0.678953308,-0.085891185,-0.154487296,11.27,0
16057.0,-0.596246139,1.25706433,1.955107934,0.743799909,0.651814675,-0.235691878,0.868243338,-0.185393449,0.424832531,-0.17477872,2.062327729,-2.308946426,1.118910791,1.87783684,-0.184930276,-0.062549755,0.175942707,0.464427977,0.975216923,0.214845412,-0.634021008,-1.440348883,-0.124136863,-0.13930698,0.093783238,-0.766471299,0.115173203,-0.097334358,0.01,0
136322.0,1.984049821,-0.117593843,-1.50671364,0.638294911,0.077635511,-0.641769133,-0.16442087,-0.063502345,0.919988607,-0.397215439,-0.894621429,-0.643746866,-1.183628364,-0.903293698,0.559352445,0.619691755,0.509404336,0.394201501,-0.224581927,-0.166766469,-0.125811073,-0.350033636,0.207355128,0.457317377,-0.215253994,0.197662008,-0.042296649,-0.018411087,34.95,0
76191.0,0.065110581,-0.003449733,-1.321292881,-2.857691178,2.380924093,2.757840093,0.172381929,-0.210547655,0.466257708,-1.401240519,0.019705259,0.478307538,-0.284939955,0.813247845,0.992689259,-0.166996245,-0.822046817,-0.124738003,0.299371239,-0.016542616,0.465402974,-1.495673213,-0.216145331,0.962478828,1.138621609,-1.020981311,0.136602585,0.221887912,102.38,0
100135.0,0.095422987,0.740574315,-0.155997892,-0.797756749,1.037810946,-0.026687476,0.640008603,0.062236935,1.38088392,-0.54943458,0.152459275,-3.202226235,-0.209114449,2.062558087,-1.519978381,0.566840153,-0.308965204,0.713423934,0.531978326,-0.156354779,-0.472528777,-1.062431412,-0.077482894,-1.508916396,-0.42825475,0.173855961,0.201831091,0.062702196,1.79,0
60218.0,-0.785879803,-0.392977687,1.767099621,-0.453079714,-1.077049649,0.335929407,0.476328972,0.042607742,-1.414323297,0.16506636,-1.470259946,-1.133936021,0.00858728,-0.059442282,1.544297952,-0.990115445,-0.252925629,1.887546569,0.110147405,0.18159964,-0.322698386,-0.921662169,0.324458613,-0.509850297,0.036779898,0.501228034,-0.013467127,0.091730696,218.5,0
54943.0,-0.459970074,1.021037143,1.496320149,-0.236093071,0.595934876,-0.373882785,0.793408419,-0.13014096,-0.758895157,-0.60368472,-0.933001047,0.375535401,1.562815239,-0.132938996,0.768459279,0.35648411,-0.753754782,-0.226389272,0.407732241,0.107401033,-0.212470472,-0.620030741,-0.198548776,-0.430356481,-0.021086104,0.120749223,0.054859504,0.097334549,1.29,0
124656.0,-0.857272537,2.249222333,-3.238828769,-0.223307622,1.339509205,-2.818636505,1.158017952,-1.117995859,0.300884423,-1.281876817,0.700996918,-0.97848129,-1.351820997,-3.603190625,0.381290791,0.778779631,3.260476,1.414205971,-1.170173244,-0.122353585,0.651544056,-0.183811759,-0.185513013,0.10008181,-0.132968673,0.050323607,0.178270224,-0.115248151,7.59,0
84361.0,1.07251497,-0.712845917,0.326936226,-1.272596835,-0.928702325,-0.497221071,-0.31934589,0.118573028,1.529937375,-1.067173206,1.509192372,1.182451141,-1.27320584,0.419618373,0.211984205,-1.032022861,0.416887837,-0.442436626,0.998274853,-0.068384295,-0.161986772,-0.395282832,0.027328607,0.246773849,0.281671144,-0.176290293,0.010588903,0.012887421,68.0,0
108442.0,-0.50265355,0.526850954,0.927485264,-1.255892367,2.657335145,4.176539189,-0.122877437,0.844716462,1.362212338,-1.119550314,1.021989236,-2.599040667,1.486849397,1.449820734,1.021453955,-0.346785747,0.211773055,0.40095941,0.417281911,0.137858345,-0.312049336,-0.562018466,-0.265568737,0.597592714,0.30131847,-0.707000696,-0.060582501,-0.15238611,2.12,0
29526.0,1.102804325,2.829167999,-3.932870265,4.70769144,2.937966855,-1.800903718,1.672734122,-0.300240349,-2.783011088,-1.88484244,3.79256536,-1.460471123,-1.312776276,-7.077360606,-0.299466317,2.493227604,6.244987102,2.971749364,-2.679950242,-0.030879972,-0.106994396,-0.250050304,-0.521626533,-0.448949514,1.291646482,0.516326674,0.009146281,0.153317636,0.68,1
64290.0,-2.155366162,-2.374211227,1.125698995,-1.453643492,0.715010982,-0.757306069,-0.015502353,0.224706869,-1.52340291,-0.063484082,0.955660993,-0.60382773,-0.645739429,0.181373498,-0.258171695,1.303883465,-0.069437252,-0.808213292,-0.180895079,1.048130764,0.688649885,0.803431656,0.637065735,-0.330469627,0.442058188,-0.220039183,-0.098143097,0.12405631,294.03,0
125544.0,-0.005599063,0.207253864,0.144248438,-2.248942384,-0.139648222,-1.372742919,0.637917841,-0.2070061,-1.341307008,0.421996414,1.278108848,-0.019104194,-0.116762767,0.125115156,-1.27689314,1.036870037,-0.215506959,-0.97989011,-0.36070781,0.058170173,0.649197955,1.912827504,-0.053915967,0.538271085,-0.820521655,-0.257853174,0.454910455,0.299293109,22.34,0
48847.0,1.030298748,-0.282781272,1.311810189,1.664724665,-0.863849823,0.76808713,-0.724873814,0.491367782,1.173689815,-0.207983448,0.554481921,1.053168964,-1.677896638,-0.277905762,-2.279046561,-0.950398179,0.671892691,-0.768514917,0.397013941,-0.297117859,-0.367945304,-0.671493418,0.116289719,0.183378317,0.326211255,-0.53439104,0.080297723,0.016944243,6.0,0
132604.0,1.944788903,-0.523954032,-0.307421823,0.49394571,-0.560171953,0.185431606,-0.696608151,0.228089069,1.585634226,-0.156143336,0.037167809,1.065312346,-0.779836877,-0.121814979,-1.406219343,-0.181209173,-0.312693982,-0.041800368,0.815454712,-0.295220584,-0.353822245,-0.70747146,0.336066098,-0.518180431,-0.35617611,-0.639897102,0.042680573,-0.051079038,1.0,0
154025.0,-2.107323246,-1.055981641,-3.239831174,1.256911914,-1.770404557,1.225075212,6.091977784,-1.652656342,-1.515660119,1.398883984,0.496256018,-0.429770556,0.254078423,0.030294522,-2.014685269,0.965363878,-1.320411329,-0.540081453,-0.444223689,-1.745023171,-0.381854266,1.722382867,1.407378185,-0.112548949,-1.220624405,2.273915954,0.508539287,-0.910357568,965.55,0
67807.0,1.171644031,0.273553088,0.301877406,1.01369717,-0.216753536,-0.633280599,0.143769258,-0.096590243,-0.295993569,0.173288649,1.323119224,0.937609655,0.029934372,0.566493211,0.20873599,0.242579171,-0.683596795,0.333435382,-0.086123685,-0.093876463,0.089770963,0.239901445,-0.126743935,0.345700568,0.655963093,-0.347762601,0.007729204,0.013113966,19.9,0
119462.0,-3.062188768,-1.171785595,-1.209978513,0.23783036,1.492392008,-0.369273789,-0.861668958,0.116672045,-0.278561474,-0.910967877,-0.458021955,0.91315458,0.579311294,1.174030917,1.43849287,-0.964407904,0.811106255,-1.208191932,-1.089305794,-0.524699252,1.347038937,1.099411565,-0.860327759,-0.894497699,-0.840544926,-0.101959085,0.184136937,-0.41602678,4.49,0
79718.0,1.056192775,-1.037457797,0.175963612,-0.202889161,-1.02552204,-0.314703283,-0.386072582,-0.102763397,-0.667963107,0.648883277,-1.350971391,-0.685138735,-0.080836478,0.141219148,1.206227285,-0.738082969,-0.463223493,1.336118782,-0.653099186,-0.133054173,-0.538718837,-1.551969188,-0.022980047,-0.510891538,0.018745593,0.278650294,-0.043684361,0.048682779,190.9,0
128519.0,-4.599447002,2.762539943,-4.656529871,5.201403067,-2.470387712,-0.35761793,-3.767188827,0.061466444,-1.836199863,-1.470645258,2.143930633,-5.839736057,0.153011631,-6.177364566,-0.785415654,-4.510522737,-10.34051286,-4.181177553,-0.376135683,-1.000657722,1.581480357,0.26133272,0.621415022,0.994109927,-0.687853106,-0.337531253,-1.612791046,1.231424735,93.35,1
132573.0,1.915527495,0.034299327,-1.828705921,0.555210069,0.242296714,-1.388426078,0.447539761,-0.467001536,0.433310414,-0.539216175,-0.301452597,0.575512798,1.084020429,-0.928058669,0.803548636,0.206795308,0.28545262,0.435425577,-0.409309369,0.026586555,0.245888044,0.758327786,-0.121004172,-0.141346596,0.279349372,-0.106262549,-0.010658535,-0.016578868,82.61,0
61750.0,-1.624265696,-1.188145655,2.38660421,-2.250401654,0.323835558,-0.806055748,0.174763487,-0.060511406,1.250280039,-1.896790707,-0.09613302,1.112842,1.100930835,-0.737318185,0.852167195,-0.608041489,-0.239663359,-0.409803333,-0.303599971,0.581616126,0.182546321,0.385614328,0.142435492,0.139249278,0.434873543,-0.145351876,-0.164633935,-0.127795128,135.0,0
77195.0,-0.514270451,0.9466926,2.406887877,2.172609889,-0.136061537,0.511503986,0.386298934,0.258460849,-0.849033718,0.102687882,0.640704655,1.179160794,0.476664941,-0.53457738,-2.421366396,-0.032106993,-0.197804457,-0.066466486,-0.108617769,-0.029584118,0.031824874,0.307629143,-0.178754926,0.567506691,0.085729536,-0.01311841,0.076232191,0.059523623,21.24,0
46478.0,1.247941554,-0.798611216,0.327193669,-0.524894117,-1.012499492,-0.256094406,-0.548279132,-0.00690161,-0.707258878,0.680033346,0.543032188,0.633160522,0.036357303,-0.031162297,-0.954901664,-1.439464552,0.01179992,1.119604149,0.058000081,-0.375393555,-0.559263675,-1.13329438,0.026967027,0.037056426,0.191353009,0.909797941,-0.061147865,0.003168721,60.98,0
54577.0,-1.052166751,1.053881334,-0.037709433,0.218378425,1.215559178,4.21680039,-1.222662513,1.941258984,-0.403280227,-0.549587623,-0.86579547,0.106084639,0.188504042,0.452403639,1.002366708,0.359977022,-0.226959333,1.016790105,1.002194969,-0.06817267,0.283353163,0.552911372,-0.119555613,1.027838107,-0.117654347,-0.16369593,-0.153623868,0.016037102,28.9,0
168318.0,1.938740299,-0.03214879,-1.710206022,0.264604924,0.350350718,-0.48705071,0.002194613,-0.04783783,0.697466119,-0.702047141,1.327687405,1.169149816,0.126538406,-1.319923389,-0.777822277,0.121118085,0.853648118,0.406601813,0.334643483,-0.089085994,-0.176705311,-0.339790925,0.198075971,0.598322453,-0.089980373,-0.142124704,-0.01380108,-0.020379083,30.0,0
77328.0,1.324905702,-0.53247948,-0.147650217,-0.752629854,-0.691524059,-0.804534099,-0.178634731,-0.13280479,-1.230412818,0.867230258,0.823040798,-0.055093316,-0.834220324,0.708058998,0.108648238,-1.092866256,-0.232319003,1.089931602,-0.071766867,-0.455674279,-0.727614271,-1.84550145,0.180734761,-0.045195999,0.021220637,0.678506433,-0.097818034,-0.003409474,44.9,0
171322.0,2.018458268,0.108164944,-1.605126537,0.346371713,0.376946205,-0.664809917,0.083194174,-0.098426837,0.229704299,-0.208084452,1.289108786,0.868110006,-0.107658447,-0.625677582,-0.502928999,0.460788479,0.293960803,0.133300166,0.272095484,-0.153998031,-0.301100841,-0.802270545,0.350983935,0.668316089,-0.315145314,0.142735553,-0.066667269,-0.038809025,1.98,0
44814.0,-3.725594195,2.076071436,-0.526957161,-3.024713727,-1.969942684,-1.998376126,-0.862064566,1.410529525,1.129070972,-1.611430964,-0.787377723,0.900760695,-0.47822873,1.144932634,0.569292961,0.543879981,-0.037384044,-0.092214399,-0.986217435,-0.907549262,0.257812865,-0.029757401,0.225949417,0.693188072,-0.005772472,-0.622770285,-1.816601277,-0.347499624,3.92,0
95535.0,1.275596762,-1.422744646,-0.711415298,0.710529548,-0.750603583,0.110061141,-0.317412816,-0.025736101,2.276542921,-0.46260424,1.796977172,-1.625206597,1.480078177,1.747833674,-0.325924672,0.526620952,-0.173499882,1.189771145,-0.406534577,0.481323596,0.323782841,0.462657976,-0.127705316,0.725518865,-0.321431734,-0.375415089,-0.070492055,0.015748696,362.22,0
44461.0,-0.715260182,-0.153615423,1.10764034,-2.330782023,-1.418969284,-0.924031718,-0.690603943,0.521720151,-2.102472003,0.793330609,-0.722345005,-1.856216157,-1.660876656,0.295760546,0.272462327,-0.423165565,0.908949644,-0.218305779,-1.332075131,-0.489369855,-0.067779873,0.035559664,0.111057033,0.304272652,-0.46086304,-0.393037898,0.26990636,0.131205456,15.0,0
93824.0,-3.632808949,5.437263362,-9.136521481,10.30722631,-5.421830295,-2.864815149,-10.63408762,3.01812658,-4.891640321,-11.23504791,8.788783667,-18.55369701,-0.339533408,-15.62318733,-0.188978574,-12.42796136,-20.15904745,-6.888891093,2.586093217,1.354064795,2.309880169,0.978660126,-0.096130144,0.432376723,-0.43562793,0.650892786,1.693607508,0.857685372,8.54,1
131525.0,1.816943786,-0.463745633,0.015588553,1.204295953,-0.655239997,0.403615248,-0.890930965,0.323956644,1.008578969,0.312105599,0.59849815,0.654657852,-0.622687647,0.11071037,0.062324816,0.816181408,-0.990798086,0.8731038,-0.388279129,-0.173729359,0.115789459,0.307501355,0.28038051,0.700894477,-0.393542819,-0.81245785,0.057787342,-0.017459567,45.0,0
151538.0,1.883176539,-0.328223254,-1.161611417,0.478970157,-0.184153933,-1.093285727,0.298734571,-0.341751611,0.503750832,0.018712171,-0.660254244,0.553051486,0.246641492,0.267064155,0.07974677,-0.160164045,-0.238833424,-0.961448638,0.044911435,-0.040131647,-0.227981263,-0.708024509,0.267154364,-0.004018894,-0.340051714,0.191083167,-0.083107156,-0.044773444,89.99,0
149283.0,2.103234698,-0.810162311,-0.769954623,-0.538295031,-0.700644727,-0.326062778,-0.659820517,-0.029167583,-0.405658798,0.959083587,0.251170024,0.672489328,0.187347769,0.104618762,-0.740014826,-1.04814475,-0.463465825,1.050548373,-0.04424617,-0.574232533,-0.84208038,-1.915699903,0.532381845,-0.576292658,-0.751691144,0.064109495,-0.037394999,-0.056833082,17.9,0
121092.0,-0.146887055,0.514336675,0.867177768,-0.687390513,0.212873843,0.040259705,0.599619695,-0.25540022,0.91400849,-0.315416212,-0.903773314,0.243255884,0.406541087,-0.585308915,0.331619797,0.121472205,-0.834711533,-0.178604656,-0.295996399,-0.175500976,-0.140434194,-0.237734679,0.184960592,0.55979782,-0.655725375,-0.782591103,-0.468745335,-0.198375977,34.99,0
127984.0,-3.506749872,2.736614804,0.099534113,-1.553868811,-0.323870677,1.116778854,-2.611414624,-8.751694835,1.660530034,-0.102777391,-1.283836506,1.419651748,0.707720458,-0.366308544,-0.949364702,0.444664387,-0.419267826,0.142954324,-1.770430734,-2.257277812,8.744861437,-1.699702422,1.000091472,-0.192017415,-0.4679125,-0.506179695,0.273921167,0.312065949,8.72,0
96534.0,1.852810953,-0.52242161,-1.269625557,0.458574388,-0.017196523,-0.477080552,0.012608564,-0.294088086,2.427345376,-0.625450423,-0.24752679,-2.090345543,1.502533564,1.503600925,-1.102053009,-0.602842385,0.627609066,-0.062052085,0.091343904,-0.033066354,-0.017673124,0.232873843,-0.030215881,0.666240224,0.168099688,0.115363938,-0.079714151,-0.043616212,116.85,0
142394.0,-3.367769574,0.099249443,-6.148487449,3.401955368,0.458306649,-1.571629715,-1.358707981,0.672409369,-3.188001162,-4.93742666,3.723932534,-4.603176149,1.019179552,-6.6190902,-0.590223956,-4.472547557,-7.165044387,-1.581128191,1.930379709,0.264698704,0.861308008,1.249301388,1.850627159,-0.1174712,1.219815396,0.000250619,1.036011383,0.004366755,320.01,1
35585.0,-2.019000719,1.491269729,0.005221816,0.81725327,0.973252234,-0.639268313,-0.974072997,-3.146928891,-0.003159074,-0.121653218,0.024369606,-1.07381224,-2.002769109,-0.895433621,1.748936301,-0.103527024,2.03119575,0.317598357,0.386760637,-1.029964682,2.839596108,-1.185442841,-0.142811876,-0.086102938,-0.329113254,0.523601226,0.626282771,0.152439938,0.76,1
132635.0,-1.993025262,1.615698528,0.716957886,-0.770974338,-1.665291967,-0.35325138,-1.247836121,1.471072057,0.718394288,-0.589172375,-1.529637471,0.645340496,0.776206212,0.080096592,0.341843405,1.092786264,-0.391658494,0.525252944,-0.699006568,-0.03635169,0.336702954,0.919249332,0.051529548,0.027531579,-0.598974312,0.575265995,0.126962729,0.170870257,10.0,0
155965.0,-1.201397783,4.864535181,-8.328823316,7.652399362,-0.167445106,-2.76769465,-3.176420951,1.62327868,-4.367227625,-5.533443029,4.106404559,-6.331824796,0.671784815,-12.15658658,1.020251785,-2.110863433,-1.558544528,0.195991826,0.502453451,0.59702555,0.532320016,-0.556913022,0.1924444,-0.698588444,0.025002716,0.514967603,0.378105296,-0.053132794,0.77,1
139669.0,2.145495048,-0.616334517,-1.277457659,-0.445749652,-0.516201013,-1.175924682,-0.164682271,-0.458614295,-0.744116083,0.935097309,-0.878310085,0.340701083,1.401989335,0.040041643,0.413222059,-1.432381119,-0.341971994,1.027162954,-0.976023331,-0.480332353,-0.117904939,0.239449762,0.073475388,-0.047858477,-0.025652235,0.795983602,-0.059903307,-0.058508046,35.0,0
125954.0,-1.033193722,-0.309066395,2.531050001,-0.410348227,-0.757523761,1.702948592,-0.453579094,0.46006933,-0.07078569,-0.203239728,-2.533962503,-0.572670776,0.122608377,-1.20129643,-0.799188598,-1.133744074,-0.384391761,2.072535571,-1.017078222,-0.529509354,-0.239030613,0.036180624,-0.409360158,-0.005012967,0.573949746,-0.393334714,0.111529879,0.043221831,116.92,0
104594.0,1.990428086,-0.166271312,-0.149802174,0.542164038,-0.631587359,-0.718309878,-0.565503622,-0.145858625,2.647554059,-0.597171112,0.233899462,-2.120401054,1.463465102,1.565502681,0.403138209,0.145341342,0.146901665,0.227721507,-0.420615139,-0.310653649,-0.265573457,-0.384745084,0.374397245,-0.140580203,-0.414499966,-0.958836776,0.033972186,-0.034249399,2.12,0
26543.0,1.090410854,0.109325764,0.207469263,1.183816474,-0.352156864,-0.940150306,0.322152345,-0.252396426,-0.022379824,-0.021226083,-0.396462728,0.176412323,-0.01762133,0.413077376,0.932750572,0.060486899,-0.421718481,-0.13218677,-0.396238816,0.01631447,0.075454393,0.082409701,-0.168724239,0.401243135,0.657309118,-0.336836533,-0.001496164,0.03417445,84.0,0
34453.0,-1.272740884,0.293888344,-0.116189763,-1.45062933,-0.066928032,-1.550418158,0.19205844,0.053706919,-1.746780348,0.037720116,1.609722265,0.084002212,0.326533271,-0.729986581,-0.912115442,1.506732293,0.753304963,-0.648981935,0.100888008,-0.435943246,0.328701949,0.967484871,0.199537377,0.515404058,0.131604285,-0.307161464,-0.320333546,-0.092553093,19.99,0
45265.0,1.395433152,-0.651297259,0.792766953,-0.743554662,-1.228872744,-0.435908298,-0.98548368,-0.068946237,-0.452304562,0.588609966,-0.664500343,-0.488978374,0.982228107,-0.592238912,1.087240416,1.597333971,-0.157482121,-0.761791207,0.404045553,0.158704551,0.359994057,1.009981768,-0.177803078,-0.055203925,0.510301118,-0.020934565,0.039344163,0.023311204,19.4,0
79563.0,-0.490415053,1.074338077,0.473208329,-0.05376919,0.357320978,0.056714996,0.347018246,0.344848219,-0.75334026,-0.660134882,-1.076937209,0.5061622,1.255331421,0.207967144,0.550446554,-0.767828476,0.500087452,-0.734128097,1.367237648,0.0426693,0.054724675,0.28411222,-0.240463251,-0.635037224,-0.173326386,1.241768512,-0.046993084,0.044170291,2.0,0
167417.0,-3.003481261,2.076213758,0.244597041,-1.649144181,-2.352887911,1.99554057,-1.250376538,-8.424530462,0.440280136,0.70453993,-1.293652476,0.188171632,0.052928219,-0.400479936,0.120246911,-1.413820671,0.073973894,1.951152399,-1.286804733,-2.681553688,7.419933412,-1.901211962,0.561989938,-0.067465704,0.015786699,-0.457115632,0.488239684,-0.152117978,294.85,0
68651.0,-0.850710032,-0.372685434,2.699431388,-1.682589973,-1.55060032,-0.346184488,-0.200263131,0.185215577,-0.708083286,-0.238392521,-1.06190582,-1.25955977,-0.977911025,-0.275463389,1.008649406,-0.336736295,-0.548742788,1.910492598,-1.804403052,-0.327131824,-0.073513172,-0.046035521,0.006349082,0.369624941,-0.019781988,1.012083036,-0.031982309,0.071516703,99.1,0
95759.0,1.890769711,0.491468658,-0.487848502,3.968410901,0.476682115,0.407469185,-0.094106847,-0.000324143,0.480396212,1.192420153,0.789704107,-2.273114143,1.047104877,1.693268713,-2.896848237,0.72680125,-0.115375116,0.39949022,-1.135632304,-0.359086455,-0.048426054,0.235185287,0.046309175,-0.412854488,0.10675535,0.060321408,-0.060485042,-0.071202553,7.58,0
131331.0,1.944595083,-0.174093162,-0.941540216,1.519871677,0.127732626,-0.043661101,0.049381622,-0.121976219,1.068969763,-0.035534649,-1.972591093,0.840814291,0.449514056,-0.400117427,-1.770795233,-0.66843252,-0.118896486,-0.746204126,0.542610956,-0.184775611,-0.357734072,-0.663606043,0.114313094,-0.668758568,0.160583118,-0.78380502,0.036549728,-0.043584442,38.0,0
155278.0,1.962022756,-0.32397848,-2.553668166,0.359217567,2.522439054,3.70562605,-0.445594394,0.840676635,0.524345546,0.194768278,-0.458228255,0.399361966,-0.359410374,0.338562041,-0.331896038,-0.660503104,-0.254753085,-0.409075879,-0.348411076,-0.188283341,0.176330347,0.681498887,-0.022715402,0.730856351,0.472366357,-0.354407021,0.031593328,-0.058682526,20.0,0
168667.0,1.997491304,-0.217491629,-0.231697743,0.455687516,-0.663277412,-0.749143904,-0.413847571,-0.127598284,1.179224155,-0.178686315,-0.688468336,0.886303926,0.756749715,-0.169574747,0.576358447,0.156781221,-0.576881111,-0.282019171,-0.081479851,-0.199943611,-0.176128806,-0.304342417,0.372099458,0.019449054,-0.40460984,-0.626282918,0.040894756,-0.03034589,0.12,0
36269.0,-2.267569778,0.181298516,0.340280647,1.062631675,-0.138897428,-0.361465306,0.359393333,0.52911514,-0.422640653,0.494302704,1.408424197,0.562706275,-0.663513516,0.878088947,0.741039672,-0.259400748,0.078487926,0.177147696,0.198786735,0.162007573,0.125096516,0.543948949,-0.221718077,0.254347366,-0.247875595,-0.308623248,0.625304342,0.255346376,153.47,0
33736.0,0.616017395,-0.93136946,-0.708371743,0.955455556,0.342062159,1.001811704,0.305066171,0.15588414,-0.069820812,0.060611133,-0.183408308,-0.063554585,-0.549413389,0.694298628,0.749473482,0.641134539,-1.014356156,0.713003063,0.005020296,0.527068973,0.231092251,-0.08505142,-0.593718915,-1.712720538,0.648396484,-0.194240327,-0.040664417,0.047894785,342.17,0
56805.0,-3.695269355,0.911017872,-0.850297646,-0.11777532,-4.024160905,0.081996591,0.139335654,1.760011,0.226643232,-1.531095479,-1.293827224,1.500098735,0.950243071,0.53063214,-1.168962018,0.75930248,0.639750811,-0.575951857,-0.356811779,-0.886900057,-0.086009431,-0.020880003,0.348362398,0.842327276,-0.765322465,0.623934348,-0.09026874,-0.468918789,347.96,0
140607.0,-0.25567019,1.108001538,0.690189155,1.149678307,-1.179043472,0.980453313,-1.82284306,-3.954845759,0.597320098,0.432976883,-0.765980726,0.530019239,0.603626908,0.006601132,1.65601969,-0.711917727,0.798624691,0.315525885,2.108721497,-0.572887655,4.03004386,-0.342936637,0.218153781,-0.015597747,0.326992021,1.289229202,0.40429861,0.287670844,29.95,0
92345.0,1.724254389,0.054124131,0.625215142,4.308400397,-0.532295097,0.54037883,-0.688444838,0.156967315,1.476695233,0.839265531,-0.813356807,-2.819262256,0.799872859,1.042061666,-2.245107457,0.864096526,0.222850983,-0.155125078,-1.474085543,-0.280992289,-0.367098254,-0.771443069,0.364176943,-0.100578555,-0.547578264,-0.348021747,-0.011479569,-0.023192767,62.91,0
75614.0,-1.042564594,0.659990254,-1.134030527,-0.99120746,0.390002808,4.058706178,-1.014331896,1.659145487,-1.582897536,-0.341532777,-0.376305922,-0.59115902,0.47368781,-1.199454825,1.40188129,-0.975054231,1.69694692,2.648503164,1.197133356,-0.339925219,-0.250510893,-0.439555377,-0.054946959,0.953459025,-0.30167275,1.35152202,-0.29401501,-0.030565117,144.1,0
75633.0,-0.767311899,0.692388396,1.794409713,-0.759947194,0.312988628,-0.403398735,0.672547673,-0.148090668,-0.133187304,-0.145229123,0.798040724,0.036167092,-0.798972716,0.068990549,-0.141462948,0.829420839,-1.21905016,0.465525987,-0.493780651,-0.128007116,-0.003088037,-0.079040868,-0.179191613,-0.025488536,-0.32174061,-0.020958313,-0.392560035,-0.08077876,5.0,0
48534.0,-1.369403555,0.726324844,1.025036796,0.191384058,-0.065888044,-0.139226538,0.274111929,0.567879036,-0.504061146,-0.43597972,1.164257069,1.304278172,0.115359943,0.329235197,-1.032257895,-0.563075341,0.322857456,-0.534358019,0.222696471,-0.022157256,0.058712064,0.27603816,0.045851772,0.275244575,-0.12093184,0.300117501,0.111638983,0.090047875,44.6,0
42896.0,0.061640407,1.366643482,0.338999275,0.834206003,0.578839906,-1.090590053,1.29289582,-0.552633911,-0.39449837,0.687050572,-0.194390901,0.600616195,1.300584212,-0.05428296,0.561776293,-0.724093222,-0.337703809,-0.330629855,0.34901117,0.330292212,0.067245066,0.72431134,-0.037029708,0.429419025,-0.641521246,-0.443702451,0.390969828,0.070007752,0.89,0
22.0,-1.946525131,-0.044900505,-0.405570068,-1.013057337,2.9419677,2.955053397,-0.063063147,0.855546309,0.0499669,0.573742508,-0.081256515,-0.215745003,0.044160628,0.033897757,1.190717675,0.578843475,-0.975667025,0.044062818,0.488602869,-0.216715254,-0.579525934,-0.799228953,0.870300215,0.983421493,0.321201133,0.149649877,0.707518836,0.014599752,0.89,0
76957.0,0.387091404,-1.512727962,0.901182983,1.956212394,-1.606877072,0.172046764,-0.30527788,0.157422639,1.402518679,-0.356806017,-1.445618196,-0.385627458,-1.813902327,-0.211915012,-0.463668498,-0.148321198,0.142582845,0.287527553,-0.238532464,0.517790983,0.321690392,0.33852872,-0.497014233,0.419472079,0.485190816,-0.150451642,-0.00356099,0.095639112,395.0,0
168653.0,-1.054870753,-0.569996053,1.179752873,-0.208049999,0.395580899,0.168827649,0.347438308,-0.334520936,1.319724498,0.474618141,0.034111285,0.543533253,-0.206377669,-1.050161652,-1.661849079,-0.372245233,-0.570730186,0.525160791,0.917708736,-0.159203948,0.145175916,1.508999216,0.024870879,-0.212845646,-0.66010531,0.775807573,-0.195241244,-0.059706415,54.95,0
33890.0,1.144282675,-0.71272937,1.189571929,0.772825441,-1.555963363,-0.238451999,-0.893916,0.076931127,-0.260611466,0.710486009,-1.033894425,-0.351138961,-0.41472527,-0.208921648,0.51335069,-1.159344273,-0.107072293,1.490374132,-1.179717251,-0.454302702,-0.355158852,-0.601153498,0.038591375,0.314217137,0.218659164,-0.400527871,0.074595065,0.053206561,74.0,0
89171.0,1.889886401,-0.187472242,-1.833225607,0.419897512,0.196240276,-0.846662997,0.154614022,-0.199987311,1.037867257,-0.872146791,-0.578714108,0.155315152,-0.293247687,-1.408593278,-0.054066661,0.03740001,1.052591092,0.101131236,0.131564957,-0.014224008,-0.212245889,-0.562122228,0.152693108,0.614958243,-0.072785102,-0.129161062,-0.027052774,-0.002033624,84.64,0
131920.0,2.219855799,-1.365133093,-2.050408869,-1.992569053,-0.142823021,-0.102923455,-0.53329717,-0.245246872,-2.085994329,1.769091578,0.120584269,-0.079609905,1.435043472,-0.027514049,-0.579182941,-0.145644581,-0.252741,0.362097692,0.579954445,-0.140386863,-0.274552919,-0.594134043,0.100918752,-0.368357834,-0.046579253,-0.31189633,-0.042951484,-0.054489743,100.0,0
43586.0,1.050909636,-1.421877933,0.647962517,-0.595067299,-1.147518147,0.988099496,-1.187474607,0.401521529,0.032221948,0.466645441,0.206929853,-0.158742725,-0.658717695,-0.556376939,-0.96208496,0.950025228,0.452921886,-1.090173518,1.133465017,0.284889606,0.098566842,0.114519642,-0.194306221,-0.818812149,0.319432272,-0.190690639,0.03453317,0.025154929,146.85,0
113609.0,-2.356113221,2.746793445,-0.924899295,4.266928939,0.218998363,1.031196211,-0.602377726,1.181613716,-1.413812916,2.240833946,-2.340011411,-0.044485706,1.064688814,0.445126938,-0.309244412,-0.188040041,0.556233763,0.185924103,1.616044324,-0.044396381,0.187691601,0.606010026,0.025076655,0.078530565,-0.239353328,0.442542735,-0.40197725,0.155242102,1.0,0
152434.0,-0.379238303,0.91901032,-1.911672235,-0.566313684,1.866194548,0.991605079,1.277934357,0.547012216,-1.060387927,-0.614115283,0.387391758,0.045471978,-1.324262925,1.65606467,0.109377922,-1.6642298,0.633484862,-0.634790016,0.289587043,-0.177394755,0.585334113,1.625118453,-0.190290815,-0.895048282,-0.07742381,0.206136372,0.052414303,0.1130687,77.0,0
67689.0,-0.889143388,0.509841405,-0.03454797,-1.328865713,3.735845976,2.848350324,0.779030048,0.559983101,-0.861148725,-0.518579579,-0.320716868,-0.404367139,-0.359858762,0.370292764,0.162286242,0.291121203,-1.233874273,0.12882296,-0.679735341,0.107321289,-0.021768495,-0.228594399,-0.477766585,0.993328484,1.046569016,-0.44298644,-0.176806597,-0.172663819,1.0,0
54116.0,-1.891523496,0.416363906,-1.022876192,-1.558937443,-1.737209883,-0.685762558,1.129902485,0.230644116,-1.459587001,0.18871768,-0.906414884,-0.355019639,0.950490516,0.1819672,-0.267990017,1.401257057,0.180898117,-1.38223651,0.029478907,-0.269850666,0.208989168,0.790671993,-0.195915823,0.127019413,0.295572142,-0.233976971,0.203616381,-0.255094337,279.0,0
79460.0,0.246945487,1.585904856,-2.176701321,1.543904777,1.073144026,-1.487016977,0.587656529,0.093946738,-0.430941222,-0.892287898,1.97427193,-0.316877761,-0.774767549,-3.161642536,0.485297178,1.192638392,2.542485429,2.200672296,0.025854091,-0.005433603,-0.130730009,-0.130367466,0.248281367,-0.36534117,-0.433669477,-0.426869009,-0.148379922,-0.30938783,0.89,0
18778.0,1.155525051,0.056360388,0.058389278,1.74808614,1.788406782,4.462363202,-1.211498336,1.080172724,1.262598235,0.176594512,0.218544418,-2.51699721,1.628925792,1.165748363,-0.850378347,0.920195008,-0.181892119,0.521727235,-0.677606051,-0.052837906,-0.281254455,-0.593787214,0.00863353,0.931984862,0.428339917,-0.068136026,0.015681875,0.025089333,15.13,0
149352.0,1.971373023,0.563968366,-1.052447366,3.549533915,1.014789678,0.643579289,0.172617665,-0.063923087,-0.982008119,1.425093194,-1.723668163,0.07911188,1.285275545,-0.109598698,-0.83047284,0.828082727,-1.039293355,-0.166209674,-1.444807236,-0.166366211,0.256245808,0.872402258,-0.067301029,0.068835747,0.352030444,0.252338181,-0.029552687,-0.049664623,10.59,0
23600.0,-0.399318031,0.75469738,1.584162123,-0.366043371,0.234667683,-0.34121615,0.460692263,0.080857585,0.746435237,-0.890435104,2.43616153,-1.962726441,1.014737259,1.87623579,-0.764543702,0.284935051,0.199141171,0.023539718,-1.109414643,-0.223968682,-0.057172049,-0.019222706,-0.011573146,0.172460156,-0.340172893,0.167627951,-0.030147939,0.01875613,9.99,0
67949.0,0.018854548,-2.921146157,-1.355759955,-0.215394589,-0.79680902,0.462651937,0.644326124,-0.249681115,-0.758372831,0.240778821,-1.798350735,-0.504507818,0.273107168,0.180492662,0.429805179,-1.572840341,0.119987043,0.783485609,-0.531293782,1.017447771,-0.064062198,-1.24203721,-0.803737194,-1.249553564,0.265244342,1.129801612,-0.196628335,0.109777794,753.2,0
62348.0,-0.778962,0.23977251,-0.088918693,-0.697976977,2.869172606,3.529593802,0.391112272,0.926730424,-0.368059872,-0.71249196,-0.814825689,-0.070430439,-0.372784336,0.084889988,-0.79513639,0.049764234,-0.759726544,0.063090006,-0.176189359,0.1413441,-0.021953634,-0.280014124,-0.07637381,0.987981435,0.365831335,-0.511014358,0.086040984,0.129411361,69.52,0
73700.0,-0.504772258,0.76250079,1.535678683,-0.782012913,0.135574813,-1.04635754,0.978529176,-0.730794818,0.276206961,0.257788485,-0.199712159,-0.423037195,-0.387878678,-0.332390204,0.966473465,-0.07984535,-0.462553522,-0.545138196,0.330347789,0.039005485,-0.195836594,-0.483167912,-0.10386508,0.42250175,-0.382029739,0.69818044,-0.951370126,-0.408879902,0.0,0
6027.0,-0.604703426,-0.054168737,2.38765809,-1.476239082,-0.735874177,-0.758523954,-0.382898953,-0.034259848,0.357969622,-0.46317526,0.317362409,-3.627143135,1.469632841,0.925857635,-0.22314495,1.617471032,0.56437244,-0.428833933,-0.514602345,0.088392494,0.334346059,0.991438517,-0.211278158,0.355635157,0.04794931,-0.238798551,0.061715031,0.106824316,24.99,0
111129.0,1.785078909,-1.266952683,-1.37012865,-0.697482269,-0.505496337,-0.55270591,-0.287267719,-0.264093453,0.542070158,0.510721418,2.023304299,-2.459730044,1.425024231,1.72500138,-1.2683757,1.105417715,0.740214275,-0.968421837,0.770323838,0.348697478,-0.040962848,-0.451850031,0.160842231,0.686094938,-0.335508433,-0.541883491,-0.109892921,-0.030670113,217.03,0
121077.0,1.641303365,-1.971037335,-2.503418259,-2.531629567,-0.666326175,-1.418213078,0.419798928,-0.588907821,0.724197529,-0.532303855,-0.798122448,0.544252919,0.374917257,0.530367469,1.056684325,-2.794312764,0.167459454,1.293244313,0.278149452,0.082939869,-0.052150413,-0.17940077,-0.223857957,0.681893282,0.277933381,-0.764104332,-0.031072339,0.006213467,339.96,0
52978.0,1.143589081,-0.847333093,0.456730207,-0.814881923,-0.816738963,0.240972463,-0.765175029,0.253007965,-0.940480618,0.673446079,1.850517944,-0.013320018,-0.582450199,0.233932396,0.669484575,0.868877786,0.579342474,-1.903035479,0.165788473,0.11198431,0.044402601,-0.14202956,0.130296645,-0.314515852,0.007722262,-0.443401176,0.022878493,0.016231544,76.95,0
129433.0,0.072813106,0.658636024,-0.39598258,-0.734949743,1.543725591,-0.383467585,0.896890536,-0.133250025,-0.107404393,-0.429143459,0.699909441,0.34232057,-0.04315697,-1.041170633,-0.866578263,0.568132795,-0.142010394,0.403692505,0.232639099,0.169215072,-0.353224274,-0.792324627,0.0288984,0.089551309,-0.410615606,0.093720429,0.046803168,-0.148917125,1.29,0
126393.0,2.05482891,0.179267942,-1.72159953,0.407005773,0.506213505,-0.825462303,0.260166972,-0.285737512,0.364842851,-0.409492471,-0.467505307,0.590763937,0.94320482,-1.017325541,0.115567639,0.292989011,0.404885217,-0.394061697,0.063091624,-0.072741599,-0.350451452,-0.890183832,0.311575834,0.506363031,-0.226309517,0.170703235,-0.059502371,-0.026914824,14.49,0
121027.0,-0.259841605,0.570713514,-1.289690009,0.222079859,2.003400047,-0.001593497,2.620388123,-0.611949133,-1.319688051,-0.005423897,-0.414194528,0.100581779,0.298681074,0.711319882,-1.09484898,-0.619669147,-0.972090055,0.606960208,0.772128116,0.414614108,0.466667289,1.313240861,-0.271316729,-1.397050273,0.546495861,-0.1851649,-0.076918609,-0.056215686,191.0,0
154831.0,1.872541291,0.146849739,-2.129974612,0.975680595,1.517020251,0.543333827,0.624268747,-0.042791362,-0.29706664,0.182919652,-0.02553219,0.797222584,0.687633769,0.726974429,0.964867115,-1.331625336,0.349905473,-1.894891983,-1.506300647,-0.220694571,0.230835708,0.805240417,0.057735225,-0.323630251,0.285561052,-0.423898203,0.01402286,-0.059832989,44.8,0
60726.0,1.213607432,-0.581943485,1.19605653,0.534394549,-1.043906714,0.858685933,-1.171671704,0.391498061,-0.462560631,0.792879884,0.590531476,0.820129337,0.266247,-0.310588602,-0.437281444,-1.385488117,-0.098045644,1.426556191,-0.968888508,-0.569809672,-0.373084081,-0.385478461,0.064866038,-0.343338645,0.241539719,-0.358182542,0.110780552,0.024779225,1.0,0
41043.0,-2.165026631,-0.506905534,1.954707752,-0.476598885,-0.526549432,-0.779590628,-0.142689084,0.539780759,-0.000927412,-1.177369944,-0.727314011,0.796465221,1.283946112,-0.365869433,0.04807155,0.579262594,-0.333947274,-0.042383997,-0.579662603,0.674270944,0.304816915,0.36711512,0.031595725,0.48772097,0.386661339,1.03568854,0.078650174,-0.095293695,148.0,0
74406.0,1.105247415,-0.357483072,1.036063023,0.836960722,-1.169260588,-0.251603197,-0.671598184,0.237406376,0.830742111,0.006125502,0.794114859,0.151432637,-1.983803251,0.260339929,-0.433041352,0.213530541,-0.181667219,0.485291086,0.155652676,-0.1849832,0.115214059,0.39043862,-0.085330096,0.553563084,0.363472521,0.484514363,-0.014659504,0.010027474,27.0,0
61112.0,-0.817836913,0.859583979,1.715419787,-0.536329509,0.456756523,-0.931950155,1.001674271,-0.398503219,-0.042205511,0.119933635,1.575634966,-0.054892696,-1.188840618,-0.510789018,-0.066874336,0.614899625,-0.591916719,0.284902535,-0.517093152,0.051327971,-0.259052407,-0.527169036,-0.099863394,0.454038541,-0.464156722,-0.17906518,-0.287557752,-0.240537106,3.59,0
45250.0,-1.524146201,1.291810944,-0.438219857,0.753996685,0.355318921,0.010196924,-0.036337886,0.801464948,-0.59850555,0.055015446,-0.368902513,0.704679877,0.223165558,0.798573418,-0.568491952,-0.025003364,-0.27016398,0.748625291,1.433469844,-0.30911383,0.117232851,0.458601317,0.164555317,-0.809782427,-0.134794682,-0.286152931,-0.140860973,0.118010877,5.93,0
34687.0,-0.860826892,3.131789633,-5.052968134,5.420940709,-2.494141416,-1.811286628,-5.479117451,1.189471987,-3.908205793,-7.060746182,4.729974154,-8.629054408,1.178797963,-11.18206341,0.445243113,-6.532982278,-13.38925072,-4.480412567,0.432054207,1.08575952,1.19269354,0.090355811,-0.341880851,-0.215924151,1.053031946,0.271139003,1.373299577,0.691195096,19.02,1
47790.0,0.905486484,-0.212044296,0.678268521,1.217861319,-0.584030349,-0.046471838,-0.176378602,0.189587352,-0.003552644,0.134877355,1.54547284,0.526915626,-1.049467899,0.681400051,0.75661811,0.270460267,-0.388125477,0.028040015,-0.64267428,-0.011120835,0.067203893,-0.082933356,-0.005999436,0.172037917,0.208900723,-0.486750244,0.020349771,0.03637176,110.64,0
95683.0,1.877140044,-0.574977715,-1.448921947,-0.256732053,0.045071029,-0.716538227,0.173890123,-0.431104172,2.222735091,-0.758325366,0.111887985,-1.50417461,2.6210834,1.354261701,-1.104770934,-0.608121436,0.662663635,-0.579748309,0.413596749,0.101057193,-0.176358654,-0.252708866,0.069295274,0.71662572,-0.064044274,0.766310528,-0.144954087,-0.051633287,128.2,0
130372.0,-0.037506435,0.82169932,0.089477478,-0.602780132,0.690200731,-1.192272017,1.092153519,-0.378149121,-0.152510206,-0.582131761,-0.708434891,0.406321814,0.767256449,0.177770638,0.267563245,-0.299708827,-0.61684887,-0.121206878,-0.494138163,-0.190148999,0.347534041,1.117606168,-0.188101961,0.038514865,0.033699609,-0.192535216,-0.060514218,0.025446867,1.0,0
148107.0,-1.902135011,0.161802262,-3.161694907,-0.601185214,-0.819150733,-0.211092427,1.248097682,0.815464308,-0.417849895,-0.600514041,-0.924383388,0.080619252,-0.900066471,1.628735135,-1.001793697,0.886276453,-0.68825366,0.664311661,0.359443194,-0.818845144,0.224824154,0.790637732,0.486940503,-1.030141287,-1.548932492,0.40273451,0.31558431,-0.341439006,295.45,0
160872.0,-0.082586932,1.092847261,-0.688380458,-0.80990748,1.050365319,-0.298986588,0.791988264,0.126551184,0.051312548,-0.329811525,0.481740035,-0.052251195,-0.918055785,-0.73521817,-0.79270047,0.677836415,-0.000604525,0.518284496,0.202198315,0.109815911,-0.360330394,-0.899758338,0.046287769,0.061762645,-0.373083293,0.129632,0.31893653,0.126983362,2.58,0
79921.0,-1.858286443,2.080362711,0.401417537,-0.733878791,0.566505384,1.310609323,-0.556599408,-2.844358578,-0.020387313,0.691530628,0.437964105,0.9179747,0.784919835,0.110765416,0.385539611,0.450106179,-0.665127277,0.07399227,0.329425653,-0.242060587,2.760353111,-1.647909684,0.29594532,-1.40686417,0.08945342,0.199925634,0.631080063,0.260901575,9.8,0
19562.0,-0.65808555,0.428954933,2.688920033,-1.700281727,-0.428172817,-0.669283233,0.408052357,-0.227946535,2.607969538,-2.032771764,0.334066859,-2.335644403,1.16254603,0.981988207,-5.55e-05,-0.383741402,0.275698503,0.560423727,-0.158293765,-0.084282046,-0.161145087,0.069968236,-0.365800677,0.330059562,0.454291446,-0.841345345,-0.085529226,-0.15269891,11.85,0
51445.0,1.22430918,-0.118503442,-1.606423009,-0.60078273,2.276990036,3.02405404,-0.082700672,0.663789533,-0.318691336,-0.021037783,0.011083031,0.084304643,-0.05776864,0.646068208,0.961623968,0.363527233,-0.744784695,-0.417830439,0.46258917,0.138477319,-0.401818557,-1.481989545,0.059824111,0.99268344,0.421966117,0.14750398,-0.073149477,0.012928654,65.9,0
133988.0,1.767874206,-0.291839246,-1.379977643,1.362811958,-0.012947501,-0.990756615,0.432593975,-0.336231032,0.312626085,0.28142722,-0.913574558,-0.120192704,-0.493148179,0.645278896,0.655110108,-0.03175313,-0.554043154,0.024023382,-0.69954975,-0.035703227,0.333622382,0.775672376,-0.120905495,-0.083993516,0.245753345,-0.431547837,-0.023263181,-0.030614131,138.5,0
171955.0,2.135634888,-1.62442397,-0.471575538,-1.609791019,-1.552650167,-0.304297251,-1.373481197,-0.021025513,-1.254975025,1.654905457,0.51894449,0.058885102,0.77749722,-0.465127569,-0.638802359,0.034180768,-0.000565146,0.401608692,0.247993031,-0.282947444,-0.336650336,-0.634854913,0.362616499,-0.396124359,-0.608603067,-0.490256261,0.025297147,-0.037827837,69.56,0
40194.0,-0.46507871,0.179899864,0.819815422,-0.324285864,0.029109375,-0.321998851,1.648138636,-0.286704497,0.007225496,-0.622226314,-0.745126143,-0.599710054,-1.376941453,0.138389443,-0.279884512,-0.46538706,-0.081282903,-0.7960882,-0.849343234,0.140024503,0.14442119,0.388755395,0.268129583,0.084279978,-0.507701807,0.274367006,-0.101413777,-0.046880467,171.96,0
83629.0,-0.492415186,0.511351827,1.666521019,0.716087923,0.332535852,0.838397683,0.189993547,0.494659783,-0.145031432,-0.431492037,0.959798444,0.496079185,-1.313455085,0.204434013,-0.748694559,-0.845332002,0.38845764,-0.511970605,-0.324954136,-0.19412792,0.116964078,0.502017593,-0.174003054,-0.289219316,0.096272532,-0.266644891,0.081607684,0.010230288,9.99,0
158128.0,2.062641521,0.152588889,-2.707422635,0.442395258,0.930700218,-1.193439423,0.73309174,-0.431213088,0.206487281,-0.320368753,-0.870108277,-0.416868287,-0.695349309,-0.513066903,-0.085350487,-0.122120029,0.727435968,-0.04700259,0.067829849,-0.124218106,0.026095334,0.140873303,-0.080917187,0.441398964,0.403939033,0.694329285,-0.115543428,-0.04912125,42.81,0
4657.0,0.51763554,-2.097534264,0.40250665,-0.109042636,-1.304116318,0.915655373,-0.629250233,0.013077761,0.976986779,-0.01431174,0.746981382,-1.367423585,3.15860471,0.741166606,-1.912613894,-1.070869827,0.39059151,1.816223471,0.014845459,0.472286098,-0.494359433,-1.419906341,-0.379042501,-0.820997322,0.007516301,0.878785845,-0.112961401,0.069613056,444.41,0
55872.0,-0.456363178,2.715919861,-2.104270504,1.383775338,0.743798566,-2.122110161,1.144151679,-0.499012753,0.804435306,0.847821539,1.363608471,-0.176137017,0.471011733,-4.28373391,1.09517301,0.495655552,2.745768778,1.192166505,-0.719020041,0.981371492,-0.345203358,-0.151145149,0.139601051,0.361393048,-0.198190347,-0.425185552,0.730501477,0.159780135,0.89,0
124617.0,-0.646722135,-0.101627638,0.221514594,-2.327024665,-1.613404184,-0.031513687,-1.19268183,0.885148081,-2.332611209,0.741548884,-0.025976957,-0.09127401,0.723820538,0.103470519,-0.864992036,0.026450227,0.41942917,0.643097441,0.564345163,-0.552062286,-0.142760212,-0.264946903,0.290185677,-0.522971544,-1.296929451,-0.540397493,-0.072596365,0.057856075,53.98,0
42293.0,-0.396930137,0.878400528,1.406758316,0.928174078,0.109234469,-0.556693318,0.882064606,-0.009547561,-0.690222808,-0.305793573,-0.006712098,-0.240893779,-0.866493305,0.650033267,1.326931033,-0.58727289,0.267772501,-0.863843257,0.213963303,0.007619911,-0.269811104,-0.924998333,0.346129661,0.304305525,-0.815625522,-0.850577784,0.166826591,0.175763275,46.68,0
116585.0,-1.415116539,-0.936603885,-0.583997005,-1.766992874,0.119168728,-0.334441809,3.380387786,-0.768633822,-2.559713505,-0.185501218,0.37567642,-0.121860268,0.161557399,0.520371874,-1.574479933,-1.89064409,-0.486521794,1.339608363,-0.98669206,0.674443052,0.188413885,0.261795021,0.365628913,-0.375715393,1.570654414,1.019638034,-0.454597379,-0.193345469,500.0,0
130560.0,-0.315889653,0.316996937,-1.437032214,0.187024818,-0.593785347,-0.944312161,1.685303202,-0.010272694,-0.31619593,-1.408406346,-0.611455925,-0.029808973,0.302702094,-0.532627829,0.643063848,0.260125439,0.553885706,0.806771892,-0.333815606,0.455712105,0.515521559,0.945352489,0.644169254,-0.055052057,-0.134265578,-0.163212605,-0.176254053,-0.023345499,323.33,0
82260.0,1.10472206,0.10745509,0.366783894,0.524732449,-0.243766751,-0.444935156,0.108915,0.033254004,-0.31665253,0.050633828,1.856708157,0.998801553,-0.391887597,0.707409624,0.455098887,0.057273864,-0.204885944,-0.854448178,-0.07352388,-0.092699348,-0.39313755,-1.277669861,0.277936934,0.171317663,-0.053675195,-0.129280578,-0.037656138,0.011605076,35.4,0
41607.0,-0.628151315,1.125962611,1.73551415,-0.093630627,0.116582305,-0.579938215,0.887681317,-0.204629414,-0.198074782,0.13976293,0.357791975,0.466041521,0.6888254,-0.240215864,1.040331962,-0.325864894,-0.152838787,-1.044679552,-0.498504231,0.297612533,-0.254162934,-0.354574144,0.009066549,0.399073085,-0.2600309,0.054691817,0.236533704,-0.043463043,9.86,0
139009.0,-0.387387219,-4.936436934,-4.262010865,0.126379849,-0.88628882,-0.860313715,2.291578274,-0.959045585,-1.172130215,0.289056718,-1.032202175,-0.901669397,-0.051726087,0.778106298,-0.270131544,0.369981367,0.476122831,-1.310227517,0.429894643,2.810793376,1.300564023,0.596489492,-1.46745436,0.640730541,0.299636536,0.133947012,-0.368139657,0.155184473,1417.86,0
117537.0,1.956552255,-0.058671027,-1.036132261,1.291854061,0.176632325,-0.164697974,-0.000701948,-0.058952965,0.46626982,0.320405526,0.292511392,1.15298805,0.06029468,0.219020915,-1.341473532,-0.273771075,-0.532436798,0.177878428,0.121078037,-0.251596972,0.145711796,0.706556407,-0.039529987,-0.374001869,0.331066808,-0.456771381,0.02200674,-0.063080208,9.99,0
47003.0,-1.233694068,1.614481452,0.175502191,1.091320207,-0.121856027,0.461081794,-0.252278685,1.119668619,-0.146075811,-0.192040148,-2.045352942,-0.626016433,-1.330249914,0.810006544,0.388545901,-0.636072166,0.677761644,-0.116092799,1.074699131,-0.042463117,-0.069971965,-0.078781857,-0.167111238,-0.966405633,0.087681636,-0.146004505,0.282849295,0.117744881,4.38,0
146451.0,-0.684056124,-0.157804904,1.215897135,-1.241918268,0.527652361,-0.746932473,0.151107651,-0.094446119,-1.18970943,-0.183665941,-0.755968195,0.534285873,1.473602267,-0.327761724,-0.242289564,-1.936498804,-0.126441923,1.111100281,-1.177495966,-0.304619025,-0.071841249,0.257213566,-0.120207123,1.103338519,0.135387056,-0.262722361,0.134188076,0.157152625,9.59,0
130151.0,0.070289454,0.740282177,-0.127229604,-0.933635961,0.903146771,-0.229988147,0.850478407,0.039222193,-0.141957865,-0.22371833,-0.244357501,0.163841657,-0.507951574,0.369733023,-0.961929365,0.429503126,-0.99510045,0.155222241,0.593688856,-0.030864164,-0.282105576,-0.696908332,-0.058284762,-1.060867835,-0.403461484,0.186063595,0.237547255,0.075686586,4.49,0
59606.0,-1.11822999,0.924157929,-1.07620568,-0.206660505,2.579025347,3.189330672,-0.074654609,1.163098433,-0.773798756,0.067360769,-0.404922261,-0.110150584,-0.001502276,0.79772628,1.069764028,-0.014802413,-0.469783928,0.416378401,0.861418003,0.090126475,0.066383997,-0.021812471,-0.218377409,1.012989536,-0.048384926,-0.3638211,0.048459673,0.136417999,23.63,0
155766.0,1.987800551,0.753689875,-1.76722759,3.442781319,1.528699636,0.38655857,0.685719405,-0.111652105,-1.654952392,1.676707163,0.062933777,0.39541796,0.211623322,0.656671166,-1.882852242,0.531699828,-0.958519613,-0.165659123,-0.917518822,-0.252835668,0.132434107,0.433383378,-0.051686855,0.146636128,0.480366442,0.156860743,-0.081698329,-0.077090045,0.76,0
98217.0,-0.115798013,1.070693892,-0.581835283,-0.779221743,1.175858425,-1.771826459,1.637709245,-0.591149424,0.882747219,-0.854624402,0.046701381,-2.619271966,1.360028001,2.165461131,-0.913382053,-0.697814882,0.337091801,-0.103526092,-0.346102535,-0.055574406,0.115673101,0.735169868,-0.173376533,0.036987382,-0.321469161,0.046373783,0.358647524,0.265902461,22.0,0
52903.0,-0.634872437,0.833236918,1.470514454,-0.455043581,0.378734254,-0.846572613,0.664800301,0.052381009,-0.689249742,-0.75290828,1.286720163,0.395376178,-0.450079899,-0.124137054,-0.212372095,0.837222894,-0.478736215,0.359877113,-0.431789426,-0.084169836,-0.125818476,-0.542466129,-0.015674804,0.26441883,-0.391097294,-0.104495054,0.057736575,0.130186086,3.87,0
51694.0,-0.139464004,-2.513309935,0.4197425,0.712848861,-1.416710987,1.125113194,-0.106865039,0.353454296,0.875637941,-0.585932219,1.255390209,1.153660917,-0.58234546,-0.051350873,-0.40225487,-0.367921172,0.486596841,-0.852202081,-0.23569812,1.109465699,0.249457201,-0.445685961,-0.418868318,-0.199471482,-0.287149373,0.887422002,-0.124354387,0.106427292,636.78,0
61302.0,1.271231938,0.216855469,0.02387354,0.384279748,0.229664436,-0.068165041,0.084977577,-0.077406571,-0.02706606,-0.120995038,-0.673811201,0.476417531,1.0001202,0.129082053,1.173982641,0.126668009,-0.436078723,-0.785456742,-0.155734787,-0.050951485,-0.219568036,-0.561918486,-0.006842425,-0.741740016,0.378022808,0.252276636,-0.016464355,0.005750234,8.24,0
111663.0,0.100644811,0.960926937,-0.427452421,-0.541126143,0.9725158,-0.755517731,0.94486917,-0.076155626,-0.031852156,-0.841326025,-0.686243126,-0.156188483,-0.08149673,-0.992707511,-0.177347338,0.287306279,0.416031223,-0.279101263,-0.288581797,0.031671795,-0.332125852,-0.827828716,0.121123052,0.496093635,-0.430436322,0.119523028,0.221321898,0.084551348,8.99,0
150138.0,-2.150855045,2.187916628,-3.430515892,0.119476214,-0.173210022,0.290699944,-2.80898762,-2.679350506,-0.556684933,-4.485482704,1.903999262,-2.644219451,-0.982272877,-4.691150855,-0.693079752,-2.553250783,-3.483436267,-0.064852386,1.490328763,0.532145422,-0.073205306,0.561496277,-0.075034262,-0.437619179,0.353840756,-0.521338536,0.14446486,0.026588115,50.0,1
76422.0,-1.239499467,1.133150666,1.132039427,0.01452948,-0.842606097,-0.251670909,-0.47194134,0.634879095,-0.200220357,-0.256004136,-0.408012239,-0.057412584,-0.032901699,0.416840405,1.878662847,-0.128824061,0.435379143,-0.208739413,0.578476752,-0.135344754,0.296691671,0.702624412,0.010954318,0.162498091,-0.674538968,1.110501185,-0.721541439,-0.214257027,1.0,0
125850.0,-0.169151673,0.800586527,0.371015864,-0.747202572,0.418965551,-0.846367911,1.080187487,-0.235365694,0.152035547,0.296053819,0.829023783,0.333839206,-0.942292871,0.200185989,-0.970788252,0.016143197,-0.692408314,-0.223698898,0.149196952,0.118791964,-0.294654594,-0.506668228,0.061040955,0.044803119,-0.53204192,0.094317977,0.184962438,-0.074560335,16.83,0
125962.0,-1.921785646,-2.231286327,0.308019895,1.603304751,4.459858786,3.328760206,-2.812844125,0.283944533,0.475963763,0.918784271,-0.059788677,0.115529467,0.250027435,-0.065621938,2.421232079,-0.646773118,0.056262198,0.558031108,2.007771246,-0.264920252,0.751913876,0.308604915,-0.197503842,0.766706247,-1.253989912,-0.394123387,0.669080893,-0.112521047,45.0,0
44217.0,-0.830787837,0.177939111,2.195911942,-0.150043251,0.425482238,0.75346753,0.133797108,0.083378837,0.196585173,-0.26273236,-0.02272265,0.680949787,0.778769258,-0.762331569,-0.629529809,0.452519405,-0.968953176,0.71524627,0.938014455,0.082512335,-0.085593381,0.125285675,-0.100938726,-0.790612892,0.048153477,0.31903306,-0.163666964,-0.159663289,11.5,0
137083.0,-2.580945597,-1.76942237,-0.881522079,-2.890407865,1.864400149,3.639275942,-0.35251975,0.968165013,-0.473352999,0.264168395,-0.262487535,-0.778435129,0.07563019,-0.514861165,0.085714203,1.466626609,-0.260868375,-1.230034726,-0.214019695,-0.610764299,0.080225558,0.983360882,0.016381461,0.79377338,0.160910558,-0.162977508,0.153954402,-0.333570676,199.0,0
43916.0,1.043856414,-1.237665546,1.09051943,-0.700609125,-1.623075638,0.06244248,-1.174341718,0.117012646,-0.565140002,0.656010202,1.220460286,0.445178564,1.304442197,-0.594881715,0.558190185,1.972653927,-0.467250594,-0.114885413,0.460957407,0.484494142,0.566465828,1.267557456,-0.277001658,0.091963471,0.304150317,-0.059025295,0.031217683,0.047777264,161.0,0
128536.0,-0.246225827,1.174183255,1.678304544,4.502728844,0.947061517,1.206001191,0.558409062,-0.142097081,-1.407619657,1.540456855,-1.97129225,-0.371403325,1.04294483,-0.708983072,-0.675934324,-0.685017695,0.201244277,0.109084355,1.793209343,0.251174446,0.075160527,0.792298538,-0.27526881,-0.586888085,0.027386923,0.597176338,-0.073438699,-0.098045549,0.0,0
129366.0,2.265207561,-0.708075506,-1.686858987,-1.365632769,0.211528789,0.074904776,-0.560979988,-0.101704984,-0.792296454,0.993938572,0.353565932,0.212169011,1.238601486,-0.085736204,-0.222600493,1.41913081,-0.539794538,-0.651479434,1.042426285,0.075665315,0.341283436,0.994214976,-0.036575897,-0.290960324,0.210081959,-0.023832884,-0.029730048,-0.074422046,4.03,0
160260.0,0.048775878,0.788323293,0.248687572,-0.589311017,0.349479387,-1.122629467,0.926830237,-0.140892748,0.125465462,-0.376532507,-1.166908221,-0.459183952,-1.064957811,0.3246138,-0.279696928,-0.024954899,-0.368670993,-0.595971964,-0.052792885,-0.110243237,-0.278080816,-0.671684079,0.070500507,-0.060627868,-0.518541666,0.145818034,0.240649502,0.09437426,0.89,0
122379.0,2.112625381,-1.067570797,-0.577635265,-0.968123569,-0.976251014,-0.150851546,-1.151799334,0.096210068,-0.088613224,0.909982843,0.83019006,0.002162607,-0.189075229,-0.233898141,-0.450717105,1.377994038,-0.105836427,-0.591008427,0.730944599,0.001459088,0.371867653,1.055045608,0.160901589,0.792195742,-0.180409432,-0.143387954,-0.001801931,-0.049988696,19.95,0
67800.0,-1.192230917,0.41280731,1.163601333,-1.985105338,-0.366553304,0.027650023,0.150831812,0.499315199,-1.596236957,-0.344942134,-0.927224708,-0.455395008,1.092802645,-0.211316797,0.398625984,1.416089238,0.098521926,-1.707741316,0.01969814,0.358341443,-0.017096533,-0.369387756,-0.007591025,-0.780979004,0.431528491,-0.468798572,0.139747296,0.043929426,88.97,0
39327.0,0.150981719,0.69668557,0.217731289,0.455874119,0.359318306,-0.115322411,0.253062134,0.186945798,0.520381333,-0.822120812,-0.755335665,-0.070633334,-0.170188429,-1.74285584,-0.238780956,-0.060804858,1.16808212,-0.12501604,-0.26001916,0.041486237,-0.13898925,-0.02683816,0.004078463,-0.509360112,-0.290990357,0.348771441,0.240351089,0.011493679,12.31,0
154288.0,-3.203404603,2.515713016,-1.467018475,-0.815750256,-0.448022214,-1.420903636,0.172174872,0.701175228,1.029355067,1.4231889,-1.22902775,0.579198291,0.153316747,0.259598713,-0.65936704,-0.160537732,-0.01461692,-0.802481025,-0.081903186,0.061016549,-0.321633655,-0.296791287,0.52041689,0.040702747,-0.431073598,0.131051713,0.073732441,0.20197389,2.26,0
113387.0,-0.401587036,0.350166934,0.405047108,0.125199423,1.150519108,-1.327153726,0.625731478,-0.275278421,-0.416150324,-0.40506373,-0.71062525,0.206009459,0.61338966,0.406657816,0.947061243,-0.776198757,-0.149542376,0.107622025,0.717601441,0.155071116,0.417959151,1.210501389,-0.207193355,0.027682712,-0.200687484,-0.009351948,0.177993079,0.198144938,0.69,0
2153.0,-2.057805418,1.934609571,0.707218148,0.727363323,0.097360942,0.555200123,0.758649129,0.070969518,1.053698439,2.452218081,0.959960006,0.35173929,-0.787124633,-0.472097193,-0.224816064,-1.138165174,0.078534218,-0.160309911,0.986891697,0.843197287,-0.33763655,0.224920723,-0.13799092,-0.319417679,0.16942361,-0.280304629,0.332814084,-0.137960571,31.9,0
68888.0,1.46217928,-1.042175671,0.828206003,-1.405214812,-1.801384692,-0.731548585,-1.224830785,-0.009640136,-1.928287997,1.603351986,1.359812765,-0.380835477,-0.14559003,-0.063489126,0.09806454,-0.027426822,0.28067431,0.410100203,-0.020428646,-0.373839442,-0.315588522,-0.600119561,0.206669153,0.46161956,0.058457518,-0.437052701,0.037677016,0.018878034,4.0,0
153529.0,-0.958798321,1.113676184,0.711548513,-0.568709125,0.312628496,-1.060467819,0.726384306,0.145030541,-0.688571465,-0.969205952,-0.850630211,0.590910365,0.815098297,0.261996364,-0.295135454,-0.046069193,-0.170543036,-0.799383523,0.131717457,-0.157151971,-0.244580987,-0.851843547,-0.143992378,0.066375575,0.642242516,0.324220722,-0.382503817,-0.146866425,0.89,0
152409.0,-4.186357841,-1.373866894,0.195790471,0.170121288,-0.407687674,-0.288213017,-0.193475258,1.065714305,-0.163727196,-0.987328012,0.195999426,0.566343013,-0.311905617,0.906943605,0.62504812,0.874022659,-0.465805133,0.85240549,0.809125342,-0.678566557,-0.180316217,-0.384043946,0.663157353,-0.49250186,0.525827198,-0.429148704,-0.632943527,-0.593468713,59.6,0
157164.0,1.945064746,-0.101967595,-0.487210011,0.803229353,-0.690592314,-1.519153229,0.056694604,-0.369314209,0.528687407,0.072390259,0.085727453,1.046245713,0.661936182,0.06627291,0.047197054,-0.289690703,-0.109267798,-0.811006633,-0.466184741,-0.17321851,0.059240168,0.34050312,0.282678122,0.979944599,-0.236631279,0.198700797,-0.041486104,-0.04279937,20.0,0
71854.0,-0.311102665,0.918231097,-0.690738251,-0.561783286,2.228587038,3.391385861,-0.279272492,1.315234859,-0.640028836,-0.502945553,-0.48621963,-0.043742168,-0.000781088,0.645702676,0.854500737,0.537148959,-0.819734517,0.492714275,0.070559128,-0.110068323,0.050310583,-0.118422999,-0.04177229,0.978038015,-0.061669708,-0.510215447,-0.044038444,-0.022043848,3.68,0
172132.0,-1.346978096,0.839383816,-0.022075959,1.120094605,0.138093121,-0.734509024,0.508761861,0.196391284,-0.023783737,0.159729667,-1.458753314,-0.963920129,-1.805829385,0.771703211,0.469776228,-0.590849471,0.150611379,0.290107132,0.557837199,-0.38869842,0.258456404,0.91192434,-0.055183518,-0.037804305,-0.25335579,-0.439838528,-0.749451795,-0.366371971,15.83,0
108927.0,2.015498667,-0.027666529,-0.874636887,0.53156482,-0.108560037,-0.90921648,-0.048337902,-0.241521712,1.648095159,-0.111536973,1.889729741,-1.656848251,1.023807543,2.027488784,-1.341192449,0.061943089,0.260474179,-0.06025097,0.201203829,-0.296747696,-0.3886069,-0.803108951,0.358029204,0.000579926,-0.383641852,0.136036288,-0.104944367,-0.076828789,1.78,0
119364.0,-5.009862908,-4.790084655,0.221096152,-0.551017478,-0.83357915,0.590205302,1.552500661,-1.012381892,0.729865359,0.714384294,-0.951150504,-0.786627965,0.514629342,-1.894410489,-0.534015179,1.294950479,-0.013744613,-1.700328695,1.391100191,-2.939711567,-1.135622243,0.455440395,1.184808807,0.757193097,0.316359043,-0.307168334,-0.14750742,1.168440829,550.0,0
146044.0,-1.546888513,0.308139628,0.652145718,-0.474186773,1.08018324,-0.747055789,0.430778013,0.177161861,-0.55406965,-0.516818236,0.397682099,0.029218754,-0.830001456,0.844343109,0.324453602,-0.075929351,-0.555960944,0.846236628,0.641783828,-0.045545254,0.310832421,0.750756062,-0.818867437,-0.420355102,0.911472606,0.071136338,-0.354209796,-0.353114438,1.0,0
3545.0,-1.452465309,1.090000425,1.687640574,1.577140032,-0.138990302,0.100041261,0.418147983,0.606455851,-0.691839694,-0.332020611,-2.059978058,-1.359868091,-2.319456906,0.448771488,-0.924175534,0.801068594,-0.339180332,-0.106654835,-0.848438248,-0.381060969,-0.23733607,-0.989429363,-0.210181174,-0.212568582,0.380792641,-0.232363824,-0.214213305,-0.045793965,60.38,0
3052.0,-0.681832179,-4.06245524,0.045194002,0.563689946,-2.61504924,0.095303276,0.365381712,-0.264965574,-0.154288515,-0.084882407,-0.902028303,0.702098869,1.213874788,-0.626643367,-0.451260808,-1.483519843,0.365400261,0.827888375,-0.698434961,1.668749525,0.040381468,-1.473514559,-0.758674683,0.493265351,-0.323852288,0.799257215,-0.19610566,0.201807928,1043.56,0
61108.0,-2.756007119,0.683821377,-1.390168883,1.501887261,-1.165614356,-0.131206949,-1.478740616,-0.246921578,-0.100522732,-2.301109897,1.914454045,-3.830998011,0.719488567,-6.353019858,1.438716192,-3.297239075,-4.862971499,-2.002353999,1.54523327,-0.10694464,0.320473876,0.611026686,0.174863684,-0.502151101,-0.174712784,1.179242083,-1.166315328,0.821214803,101.5,1
45876.0,-0.365323297,0.962908497,1.257098089,0.088015661,-0.097304387,-1.051231325,0.555832819,0.036195736,-0.109889122,-0.452381908,-0.533104312,-1.065773238,-1.738469832,-0.058344402,1.099321904,0.469912206,0.113652326,0.091391629,-0.076016109,0.001319645,-0.283297442,-0.844389334,0.010507235,0.277866471,-0.221795447,0.078479808,0.232678907,0.09487896,1.79,0
40088.0,1.198777885,0.181401642,0.612300707,0.557064466,-0.545255302,-0.789994932,-0.049840299,-0.058793031,-0.193305954,0.108780503,1.625560713,1.000461063,-0.040096265,0.495411286,0.342502515,0.450914632,-0.58596452,-0.084370715,0.09449612,-0.099618553,-0.193742515,-0.614666955,0.150276698,0.524024274,0.15135318,0.065030434,-0.034538297,0.010772179,3.88,0
60402.0,1.101291941,-0.400275413,1.086022605,0.460112689,-0.907268151,0.312137491,-0.869376015,0.255449589,0.855723988,-0.163947278,-0.714797836,-0.177913045,-0.137853131,-0.119086121,1.954142843,0.733725967,-0.55506909,0.181567794,-0.766878497,-0.02065889,0.236057174,0.647060637,-0.095823789,-0.384082435,0.147391529,0.634545273,0.017623881,0.029233602,52.51,0
122812.0,-0.084744819,0.837675163,-0.34423577,0.334235409,-0.12105551,-0.671113376,0.272388551,0.315533077,0.645665126,-1.49360745,-1.341152751,0.404222076,0.031161579,-1.386290768,-1.349400372,-0.568421484,1.280405162,0.516734579,0.304837519,-0.198198514,0.336601033,1.293190585,-0.183103861,0.031221145,-0.155005124,0.016290842,0.032157903,0.042115453,30.81,0
32254.0,-0.886205116,0.939860412,1.185283579,-1.540841771,0.109598229,-0.114205992,0.34158619,0.175375232,0.11965899,-0.018754894,1.283778102,0.910368544,0.415713522,-0.109645017,0.070492516,0.580939321,-0.832931174,-0.307440973,-0.732719067,0.122864373,-0.038643601,-0.077638397,-0.027264214,-0.260381031,-0.269408282,0.732749576,0.023993372,0.108366659,0.77,0
123011.0,1.644331564,-1.907888692,-0.948784171,-0.934361272,-1.035186935,0.322850051,-0.937140965,0.103435028,-0.10932369,0.809092501,0.547313383,-0.12645277,0.144378073,-0.212755903,0.055532228,1.719426557,-0.385386647,-0.2847019,0.596416507,0.547509707,0.575848265,1.041933171,-0.119375287,0.265020442,-0.271372798,-0.113565121,-0.040939271,-0.007608468,274.0,0
147119.0,-1.368989404,-2.007960879,-0.895955408,-0.26882038,3.90390575,-0.191776995,-1.275229721,0.701495078,0.287285128,-0.654575725,0.777849273,0.599037681,-0.227856785,-0.766225524,-0.106989268,-0.031007501,0.641907938,-0.239475638,-1.063794956,0.381872595,0.414497454,0.670207085,0.819184678,-1.037393135,-2.181184507,0.117354035,0.294032589,0.409872085,16.01,0
141771.0,-0.112249749,0.011828365,1.181240723,-0.947688282,-0.978751968,0.556376473,0.915294317,-0.128127456,0.842392618,-0.555053377,0.436171314,0.451959317,-0.166023681,-0.416691448,-0.14328612,0.716528643,-1.223683864,0.886881643,0.01401408,-0.064737292,0.091698223,0.503859573,0.087043027,-0.339769792,-0.720829021,-0.208587977,-0.121828315,-0.223797247,202.5,0
32730.0,1.388093411,-0.400212949,-0.107068392,-0.713317773,-0.760377378,-1.220924258,-0.184694616,-0.226947279,-1.289972645,0.880972919,1.499433422,-0.338799689,-0.901895813,0.503337547,-0.194187594,0.90552903,0.283092529,-1.062279036,0.853287496,0.014116075,0.246007857,0.560639421,-0.142136321,0.553684862,0.704487496,-0.112003965,-0.038495125,-0.007910412,15.0,0
150139.0,-6.682831916,-2.714268045,-5.774530457,1.449792375,-0.661836408,-1.14864974,0.849686456,0.433427022,-1.315646389,-2.796331539,-0.448793726,-2.562602408,0.243482527,-1.181669391,0.004372872,-2.30259569,-4.446191869,-1.710463148,0.982728633,-1.928527193,0.220526295,1.187013204,0.335820817,0.215682964,0.803109992,0.044033342,-0.054987628,0.082337093,237.26,1
157097.0,-1.911981296,1.021826057,1.215742008,-0.698401777,-0.739396807,-0.592903204,-0.043981114,0.824488744,-0.324060603,-1.220248332,-1.057933285,0.716905776,1.000717698,0.1923692,0.119703093,0.618292877,-0.245434931,-0.306627439,-0.149722378,0.004285452,-0.133832266,-0.650105236,-0.149879657,0.073082956,0.281377726,0.393882515,-0.120907042,-0.072995097,55.0,0
8528.0,0.447395553,2.481953866,-5.660813931,4.455922812,-2.443779754,-2.185040262,-4.716142945,1.249803252,-0.718326067,-5.390330256,6.454187525,-8.485346574,0.635281409,-7.019901559,0.539814071,-4.649864299,-6.288357509,-1.339312322,2.262984788,0.549612971,0.75605255,0.140167769,0.665411101,0.131463792,-1.908217412,0.334807599,0.748534285,0.175413794,1.0,1
145192.0,-1.506626904,2.025249992,-0.589017239,-0.970173896,0.400508671,0.56359434,-1.662176828,-6.506533253,0.181752583,-0.028165841,-0.836283679,0.594168634,0.20493116,0.592977136,0.30042742,0.154540073,-0.095391652,-0.261902353,-0.720288306,-1.369809961,6.281996301,-1.655644221,0.047545822,0.606184332,1.326737745,0.916701671,0.307303723,0.25615667,10.0,0
56802.0,1.275696848,-0.454779833,0.027169021,-0.762901807,-0.5748216,-0.678474016,-0.18893647,-0.108466355,-1.427808538,0.754457254,1.965816454,0.362796623,0.060230511,0.333229111,-0.020749279,0.691104566,0.494870644,-1.933150187,0.637392144,0.105499273,-0.031463891,-0.286786737,0.084791914,0.210193325,0.312087256,-0.454875494,-0.015047964,0.004732803,44.46,0
4081.0,-0.679682358,2.000999386,1.014791343,2.813556667,0.707276024,0.164169977,0.795519989,0.113659754,-1.074305936,-0.033210763,-0.183854376,-2.335991841,3.491114133,1.908496234,0.104565817,-0.156380711,0.691053544,0.270820401,1.05868168,0.175388151,-0.081764956,-0.079109544,-0.366655479,-0.458668649,0.605072817,0.362769031,-0.103685256,0.00303085,30.37,0
85602.0,0.165657936,-3.169818792,-0.768732497,-0.831290264,-1.749539574,-0.267610264,0.176157276,-0.361604487,-2.229151188,1.215283161,0.805624352,0.17121068,1.050307686,-0.148348034,-1.044920615,-0.626786536,0.491013149,0.345008307,0.238718105,1.12813034,0.249786901,-0.347462849,-0.759343729,0.078155866,0.457541763,-0.137760093,-0.115463681,0.118460964,710.5,0
69430.0,-1.221664633,0.221904111,1.556997443,-1.073461548,-0.626999132,-1.110377754,-0.134691339,0.392944693,-1.592350042,-0.207767391,-1.08412825,-0.885268645,-0.867897612,0.53648053,0.482146228,-0.908469787,-0.09180206,1.273098546,-1.360837219,-0.532459458,-0.348012906,-0.968606747,-0.100667591,0.335328614,0.199569016,0.296045446,-0.125012679,-0.062775876,18.0,0
124358.0,-1.139273845,1.386377776,-1.858182142,-1.829759338,3.284673355,4.134239012,-0.170290952,-3.670260675,0.421285937,0.142087026,-0.208100753,0.192430269,-0.708076448,0.263567362,-0.332486108,-1.000852158,-0.176791331,-0.608441969,-0.128192704,-0.919828004,3.776508723,-0.995923277,0.22966415,0.657651744,0.174100669,-0.305914564,-0.173735607,-0.375536116,29.99,0
159486.0,1.787681008,-0.636937238,-0.37658123,0.500749325,-0.681235821,-0.316839544,-0.450588948,-0.092920903,0.923150253,-0.055415798,-0.352786015,1.098439871,1.459119949,-0.411276359,0.475436222,0.182278814,-0.457633683,-0.215039944,-0.595297633,0.104370667,0.344922466,1.012098974,0.102776269,1.19505802,-0.251131054,0.574187087,-0.035027305,-0.018968869,106.0,0
156784.0,-0.914563813,1.836968506,-1.700474322,-1.127370298,0.773420993,-1.441255704,1.002250991,0.398230496,-0.699001224,-0.64809625,-1.079880783,0.661473254,0.819978787,1.078838196,-0.298612182,-0.446241452,-0.167216401,-0.38992877,-0.150730415,-0.083361693,0.300775559,0.892833757,-0.124697772,0.807706838,-0.155211278,0.061145886,0.257841322,0.204413964,3.85,0
55614.0,-7.347954947,2.397041348,-7.572355818,5.177819255,-2.854838283,-1.795238774,-8.783234735,0.437156561,-3.74059751,-8.332863063,5.763189409,-8.707879292,-1.716949488,-9.577194393,0.146369003,-7.586490786,-12.50393097,-4.375631012,2.46519487,0.073163791,-0.17527337,0.543325052,-0.547955067,-0.50372169,-0.310932776,-0.163986018,1.197895047,0.378186688,0.83,1
49545.0,1.175657157,-0.035689508,0.715960079,0.824301083,-0.692004025,-0.404524976,-0.243683267,0.03920313,0.367015971,-0.038435574,1.070859509,1.150191047,-0.334564334,0.046369827,-1.100703805,-0.223217791,-0.07782087,-0.118630652,0.401652602,-0.13749799,-0.027547218,0.135046398,-0.070587202,0.592753498,0.524929445,0.409257049,-0.019544883,0.001682575,2.49,0
147869.0,-2.550409057,2.149285192,-0.182492291,-0.660127343,-1.834104141,-0.839159505,-1.443498305,2.072948572,-0.283501063,-1.533995448,-1.904752953,0.13491399,-0.889428212,1.476244909,0.098112088,1.018092957,0.312236225,0.035785763,-0.169382912,-0.772793239,0.11399607,-0.592437874,0.249989341,0.002628485,-0.438876477,0.242826807,-1.11433923,-0.188178801,1.0,0
10609.0,1.235030793,-0.088613387,0.657309084,0.407120171,-0.70320081,-0.708620181,-0.258634453,-0.227149499,2.039723001,-0.74382888,0.270712911,-1.939363043,1.751840411,1.174832761,-1.056542371,-0.400654944,0.912804403,-0.459927261,0.251852431,-0.09014568,-0.254804673,-0.264483641,-0.063519397,0.425353855,0.420557144,1.07147481,-0.095417111,-0.003560238,21.42,0
166263.0,-2.731148122,-1.95738245,1.616563694,-1.490658195,0.622009887,-0.216476483,-1.59934549,0.870766709,-0.857048359,-0.247460114,-0.257046184,0.34950701,0.286346722,-0.120122742,-0.72463582,-0.259704327,-0.751241417,2.127276039,-1.05985887,-0.298874753,-0.221168215,-0.799472802,-0.421347552,0.294171575,0.188832989,0.457578729,-0.21165121,-0.125113135,16.9,0
120689.0,1.894358115,-0.335509518,-0.474474679,0.421133845,-0.501456973,0.122492841,-0.969691268,0.283466895,1.042078099,-0.380924963,1.256690742,0.802677543,0.09655553,-1.435457343,0.279960479,1.231748177,0.134034444,1.058020879,-0.330729043,-0.086888528,0.034940137,0.182814357,0.315293777,0.616306576,-0.604180873,0.322195722,0.005513006,-0.008981807,19.65,0
156998.0,-0.099431565,0.991101881,0.087039717,0.805110487,0.899378576,-0.023485531,1.224761384,-0.962647268,0.617461262,1.636095799,1.372618933,-1.218547062,-2.358288818,-1.235007347,1.072611045,-0.925916563,0.975454899,0.801554732,2.953639803,0.420135703,-0.338591539,-0.389573539,0.085417694,0.628591232,-1.572959315,0.27895159,-1.017269752,-0.519712335,17.88,0
80844.0,1.280685791,-0.594309741,0.104827835,-0.749358097,-0.827241998,-0.672601615,-0.296032145,-0.089631393,-1.178407592,0.819461773,0.922190845,0.212684372,-0.369590107,0.538268435,0.192341459,-0.937056116,-0.319706293,1.018305744,-0.074818351,-0.394626786,-0.834273458,-2.191181271,0.278607494,-0.05992101,-0.180278675,0.515786743,-0.084912022,0.007655853,58.9,0
140857.0,1.973568388,-0.444535142,-0.233532449,0.539834569,-0.879301739,-0.639575144,-0.633391236,-0.035531478,1.549285408,-0.149822261,-1.069927955,0.206611138,-0.418048199,-0.091634599,0.531365159,0.094815439,-0.463467955,0.257798431,-0.233865632,-0.256098575,0.188538926,0.777029185,0.126676521,0.057127148,-0.11628408,-0.213990332,0.038297298,-0.037288716,9.99,0
21220.0,1.185881877,-0.309117679,1.015421737,-0.563856948,-0.947370683,-0.300801743,-0.719464677,0.01423255,3.080660857,-1.50359702,0.753993199,-1.607426119,1.717466841,1.28950101,0.772989963,-0.769234273,0.858397293,-0.002421008,-0.010046273,-0.169930199,-0.127065367,0.147942948,-0.00556703,0.041344294,0.404865711,-0.697100037,0.082241933,0.027654477,11.85,0
141327.0,-0.6627759,0.391055349,-1.045052378,-3.096631257,0.315348389,-1.158189504,1.486047222,-0.047952013,0.624354967,-2.338608822,-1.009445633,0.875992311,0.74401955,0.708614132,0.631802264,-1.204183281,-0.1348024,0.120111422,1.082409303,0.148057696,0.33339898,0.782963104,-0.012615993,0.523414275,0.345776441,-0.790497742,0.00900846,0.106613339,145.0,0
166413.0,0.400826614,-3.672857261,-3.707013106,-0.141765122,-0.695799254,-1.184504667,1.670234959,-0.806583889,-0.979128961,0.514639532,-0.988200311,-1.400754959,-1.238620949,0.911402497,-0.224595462,0.289287333,0.618982209,-1.349545211,0.472817722,1.883072826,1.052152711,0.777406121,-1.054288499,0.849805582,0.382353421,0.166006554,-0.295821468,0.082766037,1000.0,0
147926.0,1.342147905,-2.43488833,-0.674001098,-0.38337404,-1.518270963,0.271751575,-0.742962185,-0.019466543,0.549170754,0.330267113,-1.258681999,0.056554384,0.779460646,-0.993294352,-0.9068985,0.941999883,0.391693747,-1.493725434,0.865820724,0.86100915,0.197038983,-0.15540949,-0.0405501,0.616436319,-0.483063729,-0.436087769,-0.040791571,0.038782782,425.0,0
44907.0,-0.642636493,1.653086767,1.505329368,2.8793691,-0.049867137,0.007758771,0.291288046,0.432375476,-1.909165313,0.401144062,-0.107503361,0.118420581,0.618894086,0.60765319,1.283836433,-0.447254187,0.572427973,-0.496081835,0.311471762,0.010204938,0.209853712,0.547127763,-0.090724287,0.423876347,-0.232044074,0.254709656,0.022326075,0.066658109,3.92,0
122034.0,-0.623105255,1.540695277,-0.169309043,-0.230343023,1.871405243,-1.420989557,1.971347105,-1.366636274,0.484409148,-0.27909378,0.647086324,-0.487704559,0.738065627,-3.812327075,1.054835381,0.041521607,1.427201368,1.129205141,-0.364498172,0.348173308,0.022740893,0.864246047,-0.598806716,-0.19356743,-0.072022153,-0.231028893,-0.905254806,-0.538881246,1.0,0
118360.0,1.8682549,-0.64773277,-0.720491566,0.023663029,-0.207781867,0.379414136,-0.566589203,0.155678808,0.806342187,0.113661259,0.374579971,1.012036813,0.507483029,-0.009570989,-0.102242013,0.846233204,-1.034092468,0.28956835,0.441366618,0.043895759,-0.163659274,-0.580596776,0.297738733,0.097076112,-0.580901007,0.250318168,-0.056164257,-0.038569697,82.5,0
160487.0,1.992244035,0.108717231,-1.553404917,0.472766951,0.115898582,-1.204623729,0.197456656,-0.327334948,0.865456116,-0.879676115,-0.255710305,0.890244414,0.901447331,-1.646395221,-0.198777131,-0.129873553,1.078590701,-0.205509655,0.041200683,-0.10420106,-0.221958974,-0.336928278,0.1714161,-0.099313986,-0.047740667,-0.090195633,0.001413653,-0.017661886,20.39,0
164213.0,2.048995639,-0.366882929,-2.543851864,-0.728626169,2.387567514,3.318338707,-0.477943709,0.791325101,0.403267918,0.092813109,0.004403531,0.390203421,-0.21239478,0.495747388,0.472746269,-0.171476278,-0.368234119,-0.976387279,0.022582039,-0.153145139,-0.292817653,-0.835276892,0.380947143,0.698225672,-0.265128914,0.219178994,-0.052301213,-0.06678331,1.79,0
140876.0,2.10278957,-0.691118639,-1.565639934,-0.286486635,-0.399462898,-1.016557132,-0.070835593,-0.25466712,-0.765911493,1.10375526,0.512611784,0.172046698,-1.090366523,0.701552414,-1.129395555,-1.904148767,0.088576496,1.02034006,-0.375594796,-0.676120001,-0.3353313,-0.411643248,0.160443949,0.005445211,-0.034631769,0.544557361,-0.082583407,-0.080871713,25.27,0
154405.0,-0.043476932,0.852887575,-0.527117393,-0.76601708,1.77558453,1.219682658,0.668798397,0.464303521,-0.132313231,-1.039088929,0.323106811,0.489766876,0.390379332,-0.988269789,0.802404459,-0.948577677,1.535270712,-2.207349116,-1.77369578,-0.084674647,-0.217495107,-0.306680458,0.217562338,-0.776559577,-0.716462815,0.240760218,0.296219977,0.070514825,3.99,0
76414.0,1.532572999,-1.15671917,0.496650475,-1.626292474,-1.426948473,-0.031298634,-1.424811195,0.092697769,-1.711010988,1.618719922,0.347163418,-0.794463065,0.074514862,-0.239507358,0.260767452,0.312738736,-0.144917149,1.139423871,0.166210677,-0.338821238,-0.075719877,0.160415883,-0.099767342,-0.521156522,0.404814256,-0.066327066,0.045210663,0.005718204,2.3,0
141001.0,1.953503031,-0.121721003,-0.383550751,1.170512171,-0.241027647,-0.033894136,-0.476968295,0.080671807,0.866257758,0.187813334,-0.960130539,0.124508553,-0.139610768,0.103389798,0.892653404,0.532929362,-0.773127823,-0.012189377,-0.581274291,-0.230059564,-0.135990536,-0.362435341,0.392566211,0.517734323,-0.384764546,-0.95569879,0.050701383,-0.017879404,12.0,0
129405.0,-2.129790213,-1.048257958,0.622258587,2.558118293,2.008130397,-0.292032091,-0.369204553,0.078259838,-0.364158756,1.409260037,-0.239078058,0.581452593,0.520487567,-0.514489659,-2.474212285,1.900003677,-2.005456204,0.440993775,-2.736607128,-1.063307489,0.288563988,1.34584814,0.354592594,-0.38210168,-1.892840567,-0.541797225,-0.276252167,1.144768997,27.54,0
74826.0,-0.399104829,0.949579105,1.159321346,-0.10874586,0.220208685,-0.526706472,0.499738956,0.152138364,-0.488685409,-0.309800205,1.032404286,0.017384907,-0.821586345,-0.068253233,0.320168719,0.717622445,-0.310138835,0.579126876,0.330891104,0.090387329,-0.240270193,-0.716376993,-0.048130111,-0.078787101,-0.174952988,0.078206949,0.233605882,0.083840788,2.67,0
147142.0,2.219069677,-0.965749441,-1.399953295,-1.358939376,-0.248801548,0.08403216,-0.882113412,0.180956462,-0.226594746,1.021272198,-0.074731987,-1.447420166,-2.165883133,0.5677988,0.291560292,1.859129106,-0.402384419,-0.734907242,1.309662705,-0.121678639,-0.281177401,-1.108853735,0.425029985,-0.493831138,-0.54854384,-0.673670772,-0.040094776,-0.062958951,13.06,0
46937.0,-3.697749717,-3.928088677,0.733677021,1.24455283,-0.247149666,0.318823,-0.563617616,1.012250367,-1.339757098,0.171380493,0.781103382,0.279883925,-0.536848354,0.640147845,0.48562298,-1.952675691,0.748201616,1.698817159,-0.911484089,1.444329186,0.505041588,0.183574282,1.07480943,-0.352822327,-0.147813659,-0.168754108,0.231497407,-0.287109699,499.5,0
81924.0,-0.420774628,1.042279023,1.561025961,-0.029471058,-0.07778435,-0.887309502,0.731485065,-0.074750164,-0.414656618,-0.319980692,-0.379038459,0.009201984,0.144431542,0.120292687,0.835883304,0.193896923,-0.399597025,-0.36459279,0.011349071,0.115137784,-0.223648786,-0.58553196,-0.011231607,0.368759657,-0.188333601,0.070618761,0.264278839,0.121604472,7.98,0
135070.0,1.693679892,-0.743496587,-0.900738287,0.36083438,-0.284623198,0.461613588,-0.71895603,0.226294327,0.973329805,-0.403488038,0.670004081,0.830648419,0.678937885,-1.406519718,0.209563357,1.419764141,-0.249165854,1.234570982,-0.009394115,0.239289496,0.046221836,-0.07935809,0.116977805,0.026420691,-0.540294939,0.315908979,-0.025237742,0.006397167,154.44,0
129580.0,2.044905404,-0.208209456,-1.10983579,0.43041481,-0.285276852,-1.172870121,0.046375493,-0.20239546,0.826663687,0.118775925,-1.01394686,-0.549686517,-1.835324907,0.659272657,0.29589121,-0.074354998,-0.123226792,-0.725177673,0.085854778,-0.344639964,-0.30294677,-0.832700902,0.366441541,-0.064944762,-0.378960108,0.207021618,-0.080652976,-0.063925432,5.49,0
43440.0,0.846454223,-0.748150073,0.951005112,-0.014040993,-0.363406632,1.878095443,-0.993890233,0.725251029,0.568421845,-0.330151998,2.146119471,1.566176441,0.347596403,-0.085946995,1.054043049,-0.711585039,0.680849976,-1.593215431,-1.34584797,-0.007753725,0.293176734,0.961415982,0.014839562,-0.912836993,-0.14792185,1.210748507,0.019977944,0.00435414,84.0,0
65385.0,-2.923826664,1.524837164,-3.018758033,3.289291475,-5.755542374,2.218276303,-0.509995432,-3.569443569,-1.016591689,-4.320535776,1.277202265,-3.701749667,-0.971869594,-4.857776672,0.090605522,-2.80150199,-4.186807537,-1.648406094,1.176445598,-0.447039407,-0.511656805,-0.122724086,-4.288638999,0.563796658,-0.94945135,-0.204532177,1.510206487,-0.324706013,1354.25,1
53062.0,-0.750365417,0.878084705,1.787245785,0.413365557,0.583506775,-0.484501066,0.488509924,0.012384326,-0.900265382,-0.70684182,0.211279765,0.36549938,0.985230181,-0.459594704,1.497959457,-0.241520258,0.538720063,-0.577348865,0.333547698,0.201582839,-0.168623642,-0.532747423,-0.090052761,0.061932389,0.005829793,0.254519165,0.047126483,0.089656171,0.89,0
76489.0,0.900386828,-0.342682123,-0.201887208,1.293311541,0.210431707,0.468859527,0.306129074,-0.01995554,0.274809165,-0.216671468,-1.36168725,0.431471723,0.502936924,-0.040228645,-0.045305156,-0.426624825,-0.121648077,-0.666489598,-0.046611158,0.223492451,-0.057843722,-0.298540277,-0.344648429,-0.892887074,0.748240713,-0.270332971,0.00852453,0.03699463,182.11,0
58382.0,1.074234189,-0.104266361,0.262346776,0.654702571,-0.394175047,-0.561744092,0.086602373,-0.057262415,0.153009964,-0.107475044,-0.199090643,-0.107502816,-0.758499152,0.518693274,1.299716784,-0.0325875,-0.036040151,-0.845521474,-0.483708425,-0.038115153,-0.140182775,-0.577716624,0.054039326,0.058036506,0.185071294,0.198124329,-0.039352162,0.023094238,79.0,0
30852.0,-2.830984056,0.885657038,1.199930098,2.86129224,0.321668778,0.289966026,1.767760449,-2.451049662,0.069735807,3.245086401,0.675287853,-0.677096334,-0.222741128,-0.913786971,1.603331923,-1.024502092,0.022045207,-0.940684674,0.48475894,-1.016923144,0.54658934,0.334970737,0.172105676,0.623590288,-0.527114316,-0.079214654,-2.532445298,0.311176715,104.81,1
188.0,1.168433389,0.319977589,0.589693418,1.044773982,-0.376941822,-0.67733453,0.054472152,-0.087670194,-0.304109943,0.147234469,1.611020115,1.278345135,0.482879493,0.428824607,0.244127603,0.284007739,-0.683671801,0.193288121,-0.165282074,-0.09152333,0.020051373,0.066969719,-0.017274229,0.532428568,0.502070236,-0.470804151,0.021892727,0.01933664,8.09,0
86888.0,-0.536345851,0.743982652,0.861350889,-0.486109235,-0.913344979,0.552210031,-1.19228649,-3.034072629,0.696009871,-0.239330865,0.578713928,0.814251882,-0.680813087,0.19014254,-0.629787045,0.619089981,-0.530428857,0.630041881,-0.424631952,-0.85263474,3.289819857,-0.238159536,-0.085463105,0.102159771,0.60584436,0.695046621,0.309246051,0.236917441,59.9,0
68000.0,-0.904581599,0.199300243,0.755081933,-1.537264627,-0.630260783,-0.690271947,-0.507223795,0.69620812,-1.342671753,-0.326337944,1.688808228,-0.431577694,-0.814177598,-0.804323965,-0.078704837,1.825076631,1.063255512,-0.649775094,-0.511318157,0.145777647,0.238886603,0.342738122,0.072770112,0.091380521,-0.14056131,-0.442119732,0.152985489,-0.01970079,37.4,0
17187.0,1.088374938,0.898474024,0.394684329,3.170257575,0.175738797,-0.221980885,-0.022988728,-0.010873537,0.860043617,-0.592472935,1.0727284,-2.547556814,1.235950057,-0.330305804,-1.022354375,0.335642173,2.298998221,-0.162096209,-1.532707212,-0.217358192,-0.423553904,-0.800852285,0.077614455,0.167608453,0.350181817,-0.118940929,0.012947766,0.054254272,3.79,1
153653.0,-5.192496426,3.164721173,-5.04767906,2.24659736,-4.011781405,-0.638908045,-2.873463269,1.576317573,-2.861985991,-2.120457595,1.863595737,-3.620251763,-1.480714422,-1.583343405,-1.230469222,-1.20229797,-6.167636538,-2.651539049,0.013587706,-1.850469964,1.167243794,-1.006617493,0.774561804,0.063396917,-0.390657771,1.884740675,-1.742557515,-0.082215935,247.86,1
112648.0,-0.335693024,1.046445966,-1.117621902,-1.188177129,1.314395774,-1.284245047,1.648186092,-0.36140106,-0.091883669,-0.16105532,-1.211464432,-0.617695027,-0.968805239,0.776987221,-0.012430454,-0.554978082,-0.467480295,-0.19932057,-0.071685477,0.059502477,0.190624219,0.742412681,-0.180778442,0.605774688,-0.226153035,0.072343589,0.491200523,0.352419561,31.0,0
57371.0,0.964607215,-0.075707556,0.262092543,1.352371599,-0.44583932,-0.817015746,0.33170441,-0.248182399,-0.064513608,-0.006135328,-0.382171593,0.295194502,0.296029534,0.313107349,0.929719755,0.158677106,-0.483722257,-0.067532962,-0.519057614,0.157974902,0.157216397,0.197068347,-0.235479396,0.409905828,0.631041257,-0.296397709,-0.006676579,0.04689128,144.0,0
36430.0,0.465780384,-2.562041286,-0.492950477,-0.963768596,-1.639340155,-0.605720732,0.046533205,-0.325918712,-2.136806069,1.159540409,-0.204562272,-0.888580917,0.132617936,0.128812648,0.720994353,-0.772749979,0.933959659,-0.870388551,-0.489712264,0.690930139,-0.221637888,-1.504392628,-0.224153806,0.010661772,-0.047855072,-0.55674696,-0.076701047,0.107911445,546.48,0
67482.0,-0.676444741,-0.356126774,3.195412643,-1.369570341,-1.440706495,0.154447484,-0.649691294,0.264697805,0.621282109,-0.051660433,-1.639360361,-1.652894526,-2.301986721,-1.359267278,-1.681652191,0.716604403,0.694015658,-1.04489058,0.482933242,0.107387986,0.06238083,0.635824764,-0.425018101,0.396736863,0.451534546,-0.134069217,0.16985747,-0.097888136,1.8,0
149576.0,2.07372769,0.02084841,-1.300292196,0.368342271,-0.019941605,-1.369427623,0.275755488,-0.421619044,0.558083329,0.008051262,-0.643946662,0.434563376,0.31559905,0.438123751,0.712234944,-0.231086463,-0.514042623,-0.098822519,-0.23677122,-0.230173065,0.248504243,0.898153797,-0.00194549,0.09054825,0.275603982,-0.112026683,-0.017918731,-0.058023214,1.49,0
73431.0,0.985345303,-0.305995621,0.593904238,1.163054286,-0.559737393,0.002100953,-0.249992517,0.031835274,0.460563367,-0.043625867,-1.221522085,-0.23249662,0.011866283,0.08140869,1.437599705,0.877220079,-0.950165707,0.515011627,-0.34539236,0.158362572,0.039523936,-0.177781228,-0.188389283,-0.468310105,0.377900777,-0.394362635,0.025972638,0.053137957,140.0,0
143502.0,-0.095045684,1.153249054,-0.383568201,-0.243328399,0.793465555,-1.304693732,1.118637073,-0.256044689,-0.067371463,-0.884139317,-0.710540298,-0.548282575,-0.36216047,-0.849402845,0.736068136,0.062799129,0.502142121,0.858295546,-0.078141649,0.063570857,0.274912864,1.016718305,-0.239616153,-0.189059104,-0.406310505,-0.13574685,0.471013369,0.30699267,14.2,0
30007.0,-0.786058029,0.926270056,0.295583225,-1.295465684,2.51704995,3.422090127,0.163468187,0.916798466,-0.617543433,-0.255169371,-0.153540427,-0.304157659,-0.072602672,0.264025273,1.119388926,0.483670558,-0.85174704,0.100664327,0.479987812,0.238523098,-0.292040411,-1.003516923,-0.204410352,0.987793517,0.325249554,0.14779505,0.122961209,0.117615112,0.99,0
15306.0,-0.273095837,-2.357816925,0.559105865,2.504938844,-1.412945504,0.876049481,0.237044291,0.078442473,2.604008502,-1.084854969,-0.318829186,-2.023725102,0.505220666,1.04847402,-2.244013121,-1.036808008,1.584284219,-0.814953699,-0.246106671,1.112706687,-0.152406822,-1.357239707,-0.509999277,0.029360984,0.111558504,-0.61980841,-0.074457175,0.14235449,712.12,0
70828.0,0.196706752,1.189757286,0.704882218,2.891387773,0.045555369,1.24573046,-1.1987142,-2.421616411,-1.232088646,0.324238886,-1.27393508,-0.868686295,-1.181944655,1.027584172,1.688132345,0.256215978,0.12060834,-0.052346017,0.329826632,0.646616407,-1.328131789,0.189310618,-0.005524184,-0.814707739,0.40092428,0.286281379,0.135214946,0.257314769,0.76,1
44363.0,-1.150255081,-0.111948163,2.233539596,1.629640311,0.731714586,-0.660981463,0.295328432,-0.040037475,-0.229807479,-0.124909543,-0.221708423,-0.35687499,-1.378310523,0.126442509,0.462632663,-1.420346402,0.852252817,-0.702827624,0.637315229,0.310461866,0.017945338,0.078128816,-0.049224335,0.585864285,0.365026248,-0.18970259,-0.105428307,-0.127565963,37.96,0
47099.0,1.111029222,-0.377350025,1.463567905,1.62536124,-1.316700987,0.196883048,-0.899351898,0.288969449,1.694004689,-0.325073137,-1.555464137,-0.04254087,-1.545758957,-0.581983513,-1.06508216,-0.459364849,0.306331905,0.048029102,0.108729979,-0.242216044,0.03526636,0.490275727,-0.162972057,0.398587672,0.649084732,-0.134301855,0.083158677,0.03055897,13.51,0
127342.0,1.8807664,0.666992117,-0.405709114,3.944047345,-0.019874353,-1.029571339,0.36239331,-0.292198077,-1.187992727,1.547594604,-0.310428056,-0.099252515,-0.150379454,0.477051879,-0.378800106,0.647336294,-0.594097161,-0.510732106,-2.079543746,-0.316326295,0.288539231,0.831072714,0.170007659,0.919384185,0.004523775,0.074712275,-0.045761734,-0.042458362,7.7,0
148654.0,1.807868777,-0.753849293,-0.365808972,0.302078481,-0.43378659,0.670115058,-0.845742155,0.252700705,0.994564158,0.128970665,0.307081866,1.091674607,0.797823705,-0.234323601,0.061202073,1.019410001,-1.19505006,0.742100856,0.125824763,0.080028454,0.086274556,0.163976739,0.177259831,0.117135148,-0.477481099,0.142508179,-0.013920084,-0.026886161,95.75,0
123563.0,-0.798829238,0.539523632,1.272418026,-0.703976542,0.43447138,0.314467541,0.502446011,-0.216011814,0.676432133,-0.080407517,-1.696853359,-0.233576895,0.773599937,-0.853086829,0.457930522,0.490249921,-1.071824189,0.374546996,-0.155821387,0.023309444,0.064947973,0.574414184,-0.677500954,-0.983849379,0.895855424,0.625113844,-0.376065589,-0.287888942,49.99,0
132894.0,-0.349392003,0.303371513,1.056756946,0.197794201,-0.156194618,0.124919903,0.070874592,0.249419806,0.418200519,-1.042044337,-0.935631731,-1.045878068,-0.991392343,-1.378017801,1.273077044,0.707440389,0.692169751,1.124773251,0.557407811,0.247704842,0.073061042,0.082361636,0.215737285,0.542178399,-0.892534878,0.443047663,0.156864515,0.230413289,87.8,0
168270.0,1.469837358,-1.782174909,0.424355542,0.894336724,-1.701705836,0.923869311,-1.376774152,0.421780577,2.677303919,-0.432211875,-1.954629,0.321386387,-0.787143715,-1.145529805,-1.340983434,-0.044715317,0.119623062,0.089074179,0.197735562,0.222596268,0.187993262,0.530013943,0.018382917,0.815821425,-0.476560439,0.685076394,-0.010385805,0.007728265,234.0,0
49704.0,1.223313828,0.25153561,0.164771175,0.933153451,-0.119224233,-0.472681642,0.058735364,-0.023294113,-0.142644579,0.205914401,0.886095891,0.375563458,-0.769305573,0.713387769,0.324284777,0.375577726,-0.753648119,0.541280959,0.047221781,-0.16896691,0.049337499,0.11805215,-0.143354026,-0.004576226,0.676120403,-0.323088291,0.004594468,0.005331959,4.7,0
5766.0,0.345642791,0.648669265,0.908571894,0.694645646,0.456815024,-0.007086902,0.728167005,-0.42701799,1.372586539,-0.454237338,-0.338305021,-1.973953684,3.015739364,0.814605567,-1.023057346,-0.538080081,0.447551286,-0.08561138,0.987625229,0.147801017,-0.27623802,-0.128336638,0.104737936,-0.454764803,-1.051457359,0.11255056,-0.012001566,-0.06261512,37.48,0
3745.0,-0.240961864,1.357090956,1.058584597,0.842441273,0.667279413,-0.252043871,0.756240135,-0.204225922,0.662201125,-0.415855224,-0.155370716,-2.407944331,2.735161536,1.509357689,0.238901226,-0.164135362,0.18503735,0.532960733,0.505869678,0.171127977,-0.087565074,0.226981283,-0.272676605,-0.489005133,-0.075779655,-0.306462755,0.396923681,0.212368243,4.0,0
143908.0,-0.374177764,0.994234805,-0.808691552,1.009126121,0.268945328,-0.160876242,1.410924702,0.049764905,-1.460228417,-0.233641873,0.682812458,1.028089644,0.895610983,1.09314098,0.266163681,-1.674425237,0.675955612,0.433505809,3.198072177,0.472571475,0.411105394,1.102920665,-0.056027968,-0.301510335,0.190231268,0.340188728,0.005630211,0.095302835,158.21,0
4769.0,-0.904896513,1.294032017,1.740387943,0.078991809,0.077349714,-0.562840127,0.767745564,-0.243883034,1.384831217,0.095614688,1.213615459,-2.400693544,1.64558894,1.256122156,0.399933543,-0.335344554,0.605459377,-0.702179506,-0.720042594,0.305826204,-0.456037749,-0.610342904,0.098570902,0.315308771,-0.238381673,0.026540488,0.329112463,0.00149055,16.99,0
146661.0,-0.981523142,0.529101697,1.149682275,-0.479832648,0.349200034,-0.69428921,1.139165614,-0.260213602,0.141240665,-1.125892401,-1.075866943,0.307776383,0.13062831,-0.075747586,-0.311533677,-1.089425804,0.102184736,-0.110032059,0.827276711,0.001849689,0.134246936,0.576042662,-0.547875511,0.107726429,1.091444085,-0.197344897,-0.065466402,0.088722451,76.23,0
130593.0,1.694557402,-1.347261416,-0.788994575,-0.585186658,-0.648360485,0.322645332,-0.558090111,0.036931261,2.007465722,-0.716105628,-1.64177257,0.952448048,0.956939947,-0.716293822,-0.322424454,-0.082149263,-0.31740205,-0.361377466,0.932133861,0.303564431,-0.189401078,-0.624743229,0.128724954,0.101981315,-0.457764697,0.391500015,-0.052136593,-0.012021317,200.0,0
74244.0,1.20706762,0.402708494,0.526587118,1.240645721,-0.501945354,-1.264844646,0.251219876,-0.285358533,-0.101617045,0.004962127,0.136592997,0.53185926,0.21974841,0.358343284,0.846049583,-0.121201806,-0.250538394,-0.364209371,-0.573471629,-0.140990763,0.066115306,0.25055366,-0.036967689,0.938957985,0.627270795,-0.362461269,0.016499518,0.026440204,4.37,0
87123.0,-1.121242256,0.513754189,2.085115271,1.236825918,0.646098114,-0.117151426,0.307057587,0.04713278,-0.077263394,-0.541752252,-1.144080298,0.671113698,0.552006946,-0.475871012,-0.817791299,-1.005454951,0.380794223,-0.789590172,1.305073382,-0.02174442,-0.504207145,-1.202754685,-0.218385641,-0.044661504,0.325483532,-0.808793326,0.041462192,0.083687199,15.8,0
144476.0,-0.80607076,0.546356868,-0.38635297,-0.246324384,0.64799926,-1.439996367,0.802075474,0.209730122,-0.321544678,-0.797115444,-1.61641094,-0.953160758,-2.27863444,1.118991898,-0.666402334,-0.45517491,0.164302349,-0.406771782,-0.036873133,-0.263523654,0.158542699,0.189299475,-0.122293402,-0.017031058,-0.264166719,0.297041294,-0.02926752,0.03082503,23.74,0
28843.0,-0.622630729,0.345209919,1.411351397,-2.019569114,-0.296497982,-0.424340416,1.051819401,-0.340879867,-1.644060297,0.485803357,1.367596881,0.108585993,0.794721946,-0.428647304,-0.630197257,1.452191988,-0.469991758,-1.38188878,0.606127709,0.339091273,-0.307504735,-0.875164322,-0.062375163,-0.029840113,0.3689301,-0.745083621,-0.076465069,-0.218558812,105.75,0
71132.0,-0.628492591,-0.419552275,1.742067955,-2.587676785,-0.754985918,0.077901875,-0.435587724,0.282912652,-1.967171875,0.907036825,-0.307351256,-1.312561576,-1.224256897,-0.405225392,-1.619084201,-0.184231613,0.218481488,0.599574487,0.266080702,-0.23714111,-0.460497198,-0.891390759,-0.25465054,-0.584914805,0.44099765,-0.358673855,0.28756634,0.104175876,15.0,0
51708.0,1.187077743,0.162578562,0.83568703,1.025130221,-0.468303681,-0.256895009,-0.251299276,-0.062999943,0.271008023,-0.094912027,-0.657306136,0.697583392,1.382048134,-0.198031367,1.196780551,0.602395628,-0.865182926,0.137051437,-0.347567402,0.009269264,-0.025865079,-0.031308578,-0.054736133,-0.108086823,0.427783441,-0.450166428,0.056581336,0.039093289,26.76,0
53848.0,-1.608666057,0.785328444,2.252601954,-0.336703998,-0.743214808,-0.188860279,-0.175365831,0.666526725,0.10453536,-0.945084317,-0.395169415,0.429426496,0.045892953,-0.144536874,0.29097175,0.21548684,0.035639907,-0.600755694,-1.120939222,-0.097067538,0.050224948,0.140054164,-0.194715978,0.446485616,0.157713683,0.352839922,0.067499852,0.003599365,32.24,0
12318.0,-2.880601634,-1.188850925,2.748971005,2.838565451,0.341703095,0.209487123,-0.468563174,-1.022988469,0.722189792,0.768650153,2.354818457,-1.964691345,2.275334864,0.789860211,-0.232028687,0.303460925,0.565772731,0.821854017,1.371808338,-1.197808645,0.309379221,0.520238974,1.392786071,0.577290585,0.266430769,1.326070624,0.301587858,-0.474443801,71.91,0
132071.0,-0.226445982,0.14682648,-3.726063892,-1.176378556,2.522446229,3.163890949,1.506284845,0.952266667,-0.780174186,-1.338679305,-0.080010102,-0.208661929,-0.448038178,-0.274284835,-0.328862328,-0.051406603,0.798681175,-0.050886883,-0.589979071,0.387661034,0.347856974,0.395947221,0.65524309,0.624513013,-0.159479487,0.559777364,-0.23107887,-0.035334011,301.6,0
3896.0,-0.727033018,0.085560389,2.415083815,1.245555665,-0.229984586,2.412870445,-0.684874124,0.753039072,2.120304596,-0.893502182,0.71511829,-2.277841081,1.113056635,0.93555668,0.67958639,-1.413228399,1.871119439,-0.982984474,-1.358245778,-0.220502533,0.305117364,1.517744966,0.153994958,-1.005432346,-1.077441345,-0.161577991,0.217884071,0.208130408,80.14,0
172721.0,-0.947373169,-0.059860929,1.537604605,0.117117833,-0.315439917,0.505594544,0.342234048,0.244828598,-1.557720442,0.613320379,0.031952912,-0.341449027,-0.500255964,0.216078268,0.003888872,-1.537024309,-0.20828294,2.281660007,0.194543852,0.086385303,-0.239290183,-0.367109661,-0.034897725,-0.561549751,0.591367461,-0.340983392,0.31072692,0.140939708,138.0,0
118603.0,-6.677211625,5.529299201,-7.193274565,6.08132108,-1.636070971,0.500609583,-4.640770208,-4.339839696,-0.950036405,0.566679814,4.315075916,-4.9382836,-1.105709737,-8.490812622,1.003625746,-1.949123261,-3.09301269,0.124087075,0.886746966,-1.118686755,5.563300664,-1.608271961,0.965321596,0.163717979,0.047530871,0.466164783,0.278546743,1.471988117,105.89,1
144917.0,1.609686852,-1.227770987,-1.982036004,0.699611805,-0.140260819,-0.477873281,0.3838259,-0.344182717,-0.854538187,0.989329333,-1.33342548,-0.43295629,-0.23697651,0.570637895,0.142033678,-1.721787617,-0.188549309,1.155411321,-1.215488533,-0.103455738,-0.102769091,-0.387590414,-0.121352457,0.468113262,0.146703341,-0.563698309,-0.044512949,0.002225842,294.45,0
156.0,1.325295228,-1.138678066,1.276265636,-0.207920238,-1.642087864,0.696572809,-1.502954908,0.297739613,0.872380952,0.251926472,-2.332011372,0.047516889,-0.033914346,-1.266317156,-1.605192131,-1.74371228,0.482654984,0.997653708,0.221744189,-0.498396658,-0.606347646,-0.803193011,-0.026617842,-0.397272515,0.245699397,1.127405544,0.023011432,0.012264475,10.0,0
163834.0,-0.842189477,0.357354001,0.349454515,-0.286018072,-2.519304263,1.185405278,-0.154088711,0.792378441,-1.888408786,0.294650347,0.908465801,0.111524854,1.145658949,0.255632124,1.098932362,0.778671722,0.975552247,0.099385466,3.301479812,0.331574682,0.608964657,1.569515822,0.081078917,0.859804578,-0.321655457,0.331768123,-0.063414417,-0.042590043,296.0,0
56887.0,-0.075483466,1.812354584,-2.56698081,4.127548607,-1.62853157,-0.805895446,-3.390134545,1.019353262,-2.451251252,-3.555834927,4.31571103,-5.479801677,-2.115503156,-5.588785577,0.280108069,-3.507230624,-7.457094938,-2.325491682,-0.440434553,0.338598141,0.794372452,0.270471232,-0.143624141,0.013565915,0.634203129,0.213693187,0.773625467,0.387434055,5.0,1
92846.0,-3.988180919,-4.364683359,2.989397982,-0.860437749,0.730733276,0.201398316,-1.702815386,-0.797636885,2.566784774,-0.127816487,0.578410171,-3.03858115,0.458668477,-0.578368889,-3.266617624,1.205786025,0.7277494,-0.145776387,0.808781519,-1.301015957,0.354859583,0.945290382,1.349371947,-0.395500418,1.088489123,0.100271955,0.300796239,-0.573029047,139.0,0
68980.0,1.248316693,0.005021149,-1.145143429,-0.04874246,2.130503848,3.374445621,-0.443115317,0.805803753,-0.082287604,0.047030154,-0.136875227,0.059179998,0.016440511,0.472862707,1.209741104,0.501795993,-0.97588964,0.280437049,-0.006796953,0.028039216,-0.094453158,-0.44236526,-0.073717734,0.986404539,0.694559386,-0.425620144,0.020971708,0.022492179,25.0,0
153735.0,-0.351756263,-0.198180904,1.025051767,-3.068091752,0.178585207,0.57125736,-0.052266924,0.070914059,-2.77320238,0.698277759,-0.014611132,-0.287889344,1.488326802,-0.58738303,-1.149642822,-0.31865981,-0.073880775,0.596385169,0.460751413,-0.16558152,-0.163900571,-0.068359459,-0.492907158,-0.191128905,0.7619244,-0.027632492,0.0364955,0.038037658,10.0,0
61081.0,1.038059067,-0.321379886,0.904436864,0.866549865,-0.766296915,0.083568333,-0.428450703,0.092379035,0.726717849,-0.298131311,-0.449134912,0.778235972,0.560448147,-0.395196567,0.272336317,-0.324643056,0.135593081,-0.682742635,-0.445783964,0.022398939,0.131827657,0.531739261,-0.135636514,0.160954335,0.414534177,0.531534796,0.013178078,0.027449052,69.99,0
109727.0,-0.489569089,0.882196126,2.421452713,-0.113857397,0.16869573,-0.348305334,0.575865295,-0.312266497,1.419736326,-1.154617517,0.374688315,-2.266232197,2.290938343,1.124706249,0.530000524,-0.307933626,0.264937191,0.43987247,0.533894264,0.100201171,-0.301831334,-0.380846598,-0.3115459,-0.039833757,0.284781577,-0.732569893,-0.075542154,-0.144313647,2.12,0
136602.0,-0.983932123,-0.134147575,1.783319432,-2.477361352,-0.247709232,0.12590754,0.118172997,0.301911093,-1.134768237,-0.14840039,0.803788264,-0.291161512,-0.260562873,-0.376357,-0.946793637,1.593024078,-0.287873801,-0.940348507,0.251378264,0.386523001,0.006345939,-0.244038964,-0.034011131,0.654763662,0.435319513,-0.479538701,0.229363507,0.120285532,75.0,0
155244.0,-1.138060458,0.788613754,0.420338591,0.797873507,-2.323606589,1.766494247,2.18491519,-0.071757047,-0.214749565,-0.131935898,0.358451539,-0.082120885,-0.490529133,0.235487155,0.589101797,0.508222638,-0.763540721,1.231297697,0.619578815,-0.538068927,0.184743248,1.069297039,-0.345477579,-0.36370096,-0.325766135,-0.444873838,-0.082528356,-0.33286344,497.0,0
97235.0,-17.53759168,12.35251867,-20.13461281,11.12277143,-14.57108014,-0.381622313,-23.92866103,-4.724921033,-8.603038097,-15.23183337,4.41705461,-12.89352021,-0.109628456,-3.547229894,-2.177823998,-10.40206833,-18.37201912,-8.314092312,2.435823486,1.925102596,-4.352213131,2.389040921,2.019127926,0.62719187,-1.085997212,-0.071803236,-3.838197904,-0.802564461,9.82,1
155551.0,-0.346390558,1.243417048,-1.607878308,0.051007956,-0.60954755,-1.165969965,0.580556907,0.524696956,-0.072978041,-1.286864784,-0.979355748,-0.696929599,-1.344213455,0.044679388,0.838240682,0.37128316,0.87134437,0.844874487,-0.327076125,-0.458154083,0.366870712,0.843859061,0.067470019,-0.120813891,-0.304657179,-0.150234833,-0.286704269,-0.146753303,121.0,0
49342.0,1.086892468,-0.64929091,0.790315829,0.574412267,-1.329008701,-0.487952477,-0.590358195,0.094527693,-0.942207649,1.007214385,1.002925259,-0.227792463,-1.490383902,0.652482903,0.467013464,-0.857527428,-0.380186905,1.806193049,-0.987417923,-0.466083302,-0.455902405,-1.181475116,0.152458735,0.397128968,0.03151425,-0.639077345,0.029649809,0.043154362,94.63,0
135846.0,2.029300616,0.270346572,-1.706182102,1.16533394,0.779715271,-0.57441076,0.593891794,-0.304566906,-0.188295818,0.400316838,0.548115194,1.438182711,0.768363257,0.496253618,-1.305869903,-0.476810005,-0.582506542,-0.165161833,0.211582157,-0.226158136,0.082856453,0.503102307,-0.06946688,-0.432235607,0.519437045,-0.484893526,-0.01071231,-0.075318078,1.0,0
153285.0,-1.939590839,1.759862295,-0.096771592,-1.058807459,-0.978289083,-0.243524837,-0.880370695,1.313738897,0.662668571,-0.81893618,-1.613541293,-0.048417081,-0.925858347,0.724489103,0.443737543,0.57316537,-0.072426388,0.043847926,-0.181012103,-0.438441003,0.011004137,-0.62709493,0.205770205,0.528893833,-0.188873605,-0.345605669,-0.946590286,-0.112579982,0.23,0
75182.0,-0.707411401,1.319495341,0.80797611,-0.088331639,-0.080145674,-0.509361031,0.277824704,0.51316396,-0.821119443,-0.575222372,1.066446257,0.722570804,0.271490201,0.040351097,0.165447236,0.792308125,-0.200408945,0.489919842,0.314811427,0.047764994,-0.186193135,-0.638445586,0.003107907,-0.046625048,-0.115703214,0.07665,0.114258996,0.023559827,10.99,0
62269.0,1.249891723,-0.962868845,1.286716693,-0.574807102,-1.857973177,-0.512707155,-1.280098067,0.047416132,-0.121345368,0.569514366,-0.410191603,-0.82528671,0.028432187,-0.537885616,1.364057562,1.729656107,-0.028421666,-0.577560339,0.089285068,0.183571038,0.462610216,1.160210877,-0.123957929,0.428512148,0.28312292,-0.046965691,0.045317689,0.041629247,64.3,0
32824.0,-0.701088085,0.626377069,0.260537748,-0.385095712,2.592394186,3.84959567,0.433883219,0.934949445,-0.602962602,-0.62702245,-0.690830173,-0.163145599,-0.326626202,0.105671402,-0.289493627,-0.228227062,-0.447329114,0.131113809,0.606255454,0.176047083,-0.099082795,-0.394953564,-0.299864948,1.001533652,0.825386478,-0.295128833,0.04629011,0.064402977,53.63,0
141053.0,1.995545126,-0.021748354,-1.563303019,1.492679996,0.620551152,-0.123151901,0.202698048,-0.093191329,-1.026530126,1.406086149,-0.18554372,-0.482944868,-0.760015788,0.727585585,-0.735725112,1.570129768,-1.176860013,-0.253050129,-0.100750709,-0.098073884,-0.243395866,-0.970625342,0.215828177,-1.068991701,-0.564377851,2.036824573,-0.246546551,-0.098026316,52.34,0
64826.0,1.071398641,0.028571205,0.799864582,1.019537434,-0.550161722,-0.101545084,-0.317220923,0.235032337,0.105326472,0.116067494,1.547055193,0.429984209,-1.334038491,0.725564852,0.849696906,0.281802087,-0.373684061,-0.050646593,-0.510914093,-0.200246443,-0.101951459,-0.410282611,0.153004001,0.152851021,0.118072112,-0.621636644,0.037772077,0.023925499,24.99,0
153966.0,-2.340704851,-1.770452535,2.371088428,-0.021101215,2.65847575,-0.840734207,-1.06454686,-0.116296839,0.55685641,-0.018561164,0.990729456,0.993926279,0.610925549,-0.625635876,0.047030042,-0.185828904,-0.754824521,0.661930261,0.625619637,-0.133000226,0.059708867,0.79043404,-0.863205602,0.824843125,0.510427434,-0.105391674,-0.071480374,-0.472242238,9.99,0
87422.0,-0.255120829,0.873962097,0.391036522,-0.991534008,0.683039298,-1.099233645,1.188477825,-0.298508656,-0.146918116,-0.706649128,-0.985398646,0.278135376,0.217066154,0.07562034,-0.78726941,5.76e-05,-0.601406983,-0.89329545,-0.631715158,-0.249793261,-0.128756954,-0.357048689,0.081227709,-0.036301867,-0.936163114,-0.042755068,0.004861049,0.21005487,4.56,0
139858.0,-1.292524773,-0.481549366,1.403574609,-0.34628165,0.820450794,5.55295153,-2.015499606,2.090887649,-0.098566322,-0.089382645,-1.528100792,0.149697423,0.035528991,-0.935683593,-0.957737353,-2.15747657,0.7211609,1.755494408,0.056239602,-0.108497339,-0.195872077,0.113724204,-0.212654663,0.6951606,0.547403555,-0.131426838,0.348896766,0.047480935,50.0,0
57642.0,1.163391905,0.236357339,0.404550212,0.925772183,-0.176995401,-0.361383483,0.046053143,-0.021893987,-0.227850033,0.131445793,1.124198366,0.967942742,0.237715737,0.477783403,0.342700913,0.515882052,-0.863929356,0.244605276,0.115792558,-0.05606329,-0.183313165,-0.613426099,0.02662922,-0.027279766,0.381254766,-0.631319287,0.01714528,0.020936138,27.41,0
72341.0,-0.886694488,0.562898605,2.194474458,-0.343319967,-0.017589804,0.118259234,0.421781192,0.353021656,-0.11668385,-0.841944458,0.869971231,0.259226179,-1.705671722,0.155765891,-1.274085942,-0.280104528,0.044483811,-0.325367906,-0.441399092,-0.21233232,0.022717203,0.124219289,-0.310112347,0.232427579,0.386257987,0.33098975,0.004520095,0.039444514,9.19,0
138942.0,-2.356348172,1.746360464,-6.374623621,1.772205446,-3.439293796,1.457811065,-0.36257708,1.443790916,-1.927358861,-6.564659262,2.450752159,-5.694074283,-1.155469085,-7.132150639,-0.05962781,-4.596576583,-5.522088054,-3.529065598,-0.663370801,0.194809815,0.857941843,0.621203387,0.964816561,-0.619437276,-1.732612752,0.108361135,1.130828164,0.415702789,727.91,1
6069.0,-0.545402131,-2.902095996,-0.874649407,1.147325265,-1.131863361,-0.276217914,1.208518856,-0.424495611,1.531004051,-1.013498457,0.553446393,-2.491793084,0.947370144,1.985642682,-0.182895543,-0.458879577,1.136191804,-0.647970221,-0.556443389,1.682680096,0.346237167,-0.733324165,-0.858055084,0.144842995,0.082594841,0.98395533,-0.285603394,0.144153553,938.0,0
139667.0,-8.970344684,-12.98620044,1.681723396,4.255782177,7.194831547,-3.407657636,-5.456903443,1.47724917,1.953351837,-0.25329948,-1.906316966,0.256169917,-1.238612866,-0.271166179,-1.285630277,-0.10989887,-0.18590751,2.250556043,1.631061834,4.371441747,1.446850254,0.10805416,3.379627326,-1.525101917,0.763898342,-0.234229508,-0.388099142,0.406140806,786.2,0
62647.0,-2.390066737,1.415079051,1.928631368,2.794420089,-0.18658809,2.513069052,-0.917417585,1.266574783,-0.536635583,0.824627758,-0.018678749,0.588589963,0.630825698,-0.218035963,1.570106438,-1.303587181,1.604141064,-1.839798957,-0.5388464,-0.185485217,0.138005227,0.620658221,0.059060413,-0.928286839,-0.261099465,0.288277063,-0.783237934,-0.111435169,11.71,0
39835.0,1.133147737,0.546320489,0.746967134,2.589506846,-0.338920464,-0.728107142,0.184321089,-0.166675592,-0.775634947,0.68740403,-0.256026841,0.052160748,0.117417302,0.277322467,0.460706667,0.553232393,-0.512995375,-0.315509535,-1.184258114,-0.113943681,0.08727101,0.195238219,-0.047919967,0.725420273,0.513612088,0.045060713,-0.014010786,0.027967289,23.63,0
59271.0,-0.225811573,0.624804556,1.295563073,-0.225717046,-0.17050518,-1.535613818,0.631047616,-0.108741146,-0.051743964,-0.496678883,-0.348172544,-0.481615122,-1.443558606,0.47312464,0.32470398,0.38230012,-0.479506382,-0.41892344,-0.975948394,-0.278900714,-0.042987218,-0.263551595,0.32876134,0.855349703,-1.403510775,-0.290710846,0.174208629,0.238714815,1.98,0
153129.0,2.15018596,-0.013351482,-2.427581552,-0.005299697,1.072450678,-0.365440303,0.501331488,-0.233761893,0.025977915,0.349581537,-0.020651378,0.34925795,-0.543719268,0.814059945,-0.879102359,-0.150309785,-0.651998125,0.09580225,0.761306729,-0.210213296,0.080768219,0.353176078,-0.108630675,-0.079115795,0.467029409,0.715755591,-0.125934777,-0.098291149,0.76,0
81878.0,0.898040282,-0.177741078,-0.035332328,0.773986985,0.631039432,1.592532582,-0.174030087,0.550822065,-0.186811677,-0.022326016,1.865765981,0.816009172,-0.711895331,0.826314038,1.409665391,-0.886623342,0.445549352,-1.40282636,-1.527400759,-0.151874704,0.213822674,0.585761482,-0.080565633,-1.345511752,0.339089,-0.202544348,0.063232844,0.003329459,76.48,0
128869.0,-0.246266058,1.021326179,-0.989984366,-0.60803016,1.855673976,-0.579697303,1.508899879,-0.197528399,-1.193042079,-0.77282411,0.596570772,-0.203505832,-0.422923149,-0.295573904,-0.321862298,0.229121798,0.227667706,0.853036443,0.728654247,0.107607957,0.138035904,0.271741807,-0.302067854,0.046353694,0.082586259,0.631543789,0.039949897,0.158131891,38.21,0
131000.0,1.837123755,-0.665386482,-1.966956627,0.417987849,1.017870219,1.382004228,-0.008552451,0.186707263,-0.977269126,0.823222433,-0.308114846,0.645043234,0.656054008,0.362502473,0.363098407,-3.409291776,1.174562208,-1.160377893,-2.434816428,-0.610634531,-0.159545719,0.206816685,0.14866734,-0.703248686,0.077186893,-0.401220096,0.064557838,-0.051261812,83.44,0
42496.0,1.076473293,-0.342368792,0.575449802,0.10398543,-0.608869254,-0.055151253,-0.263472863,0.08419813,0.382634166,-0.279800169,1.532333141,1.731236302,0.577713511,-0.135648441,-0.845245949,-0.552624598,0.2502981,-0.822757802,0.294532359,0.022440618,0.012951162,0.221154376,-0.064876298,0.348488509,0.322801684,1.10432988,-0.057213833,-0.002355633,50.0,0
121187.0,2.005698273,0.051855766,-1.948102052,0.34301348,0.460148535,-0.872629588,0.239510308,-0.314763216,0.903308506,-0.941779012,-0.927794033,0.618698245,1.07680052,-1.845656953,-0.178074027,0.195784159,0.859059012,0.191962188,0.366791068,-0.01666665,-0.269883579,-0.529897143,0.047332588,-0.811868899,0.060250524,-0.051375346,-0.005341427,-0.017186267,44.87,0
49035.0,1.234224999,-0.296953888,1.176724542,0.15420009,-1.208890279,-0.460751156,-0.696989371,0.040796859,1.080108014,-0.387254735,-0.635961682,0.500477488,0.154738985,-0.468763184,0.285810514,0.15802193,-0.081656053,-0.401263541,0.236174137,-0.075608583,-0.122774022,-0.136212318,0.066712941,0.470576625,0.119073961,0.990819364,-0.031922571,0.015087414,0.0,0
57995.0,-1.373649321,-0.646439536,1.762601992,1.970956296,0.666000683,-1.420857808,0.008784585,-0.010697502,-0.721112353,-0.028590377,-0.107382194,-0.223832684,-0.391545995,0.538783213,1.816801064,-0.667812414,0.380589646,0.061086687,1.385156624,0.723449807,0.068467043,-0.412571355,0.401136637,0.657407141,0.284448619,-0.286048968,-0.047231302,0.047882856,118.85,0
68409.0,-0.377442473,0.861060884,2.897228186,2.465958907,-0.099472679,0.65687612,0.173267584,0.097769187,-0.540943015,0.390056357,-0.36095532,0.305462325,0.635903391,-0.753896745,-0.005409416,-0.25985444,0.088983732,-0.60397863,-0.507179891,0.067961334,0.042298343,0.502763767,-0.038784534,0.426649504,-0.650151721,-0.050366919,0.044259144,-0.054483306,2.19,0
48742.0,1.173599668,0.334194841,1.206829413,2.505201155,-0.253830758,0.664574412,-0.455117618,0.122585477,-0.079717631,0.444006965,-1.425721659,0.758664607,1.818730817,-0.78799264,-0.420846493,0.789123598,-0.812626414,-0.126515631,-0.539414963,-0.019300479,-0.11886857,-0.117502746,-0.083652067,-0.421695593,0.46221261,0.002849199,0.051363546,0.031753747,6.57,0
76845.0,1.141572041,1.291195042,-1.432900453,2.058202222,0.940823738,-0.958273876,0.391154204,-0.092519203,-0.032828594,-2.155302544,1.080438616,0.044415321,0.44117659,-5.053824765,0.315185257,0.821195362,4.027366039,1.07797898,-1.107275855,-0.005912577,-0.366507065,-0.714464901,-0.143910667,-0.305177619,0.69751406,-0.312544723,0.106247471,0.125059863,1.0,1
65119.0,1.053138055,-0.209163686,-0.410763705,1.599939054,1.806408945,4.326358622,-0.885129301,1.075669067,-0.136184963,0.550247922,-0.765783325,-0.063014442,-0.046393485,-0.172055332,-0.228807119,0.781968608,-0.850796529,0.3213954,-0.51666621,0.107875964,0.058138413,0.032262588,-0.192034273,1.028358816,0.665688658,0.157312483,0.018499168,0.033820435,75.63,0
21784.0,0.805134823,-0.122082945,1.556562113,4.231949154,-0.39736059,1.776759945,-0.726315034,0.456962465,1.276788232,0.533905045,0.147331237,-2.003411135,1.01024841,0.733330016,-3.918266084,0.600542806,0.331822191,0.339013816,-0.362407159,0.009771157,-0.39189166,-0.861741817,-0.157005095,-0.578442375,0.3761209,-0.081389867,-0.000881847,0.032546921,133.22,0
165694.0,-2.614189632,3.459432026,-4.623699443,-0.509667422,-0.48625887,1.017701224,-3.302052685,-6.393350305,-1.702621391,-2.733625069,-0.761254577,1.085090143,-1.337847578,1.900853985,-1.632957634,1.295975172,1.155870456,1.019559777,-0.243775667,1.126371606,-3.454758867,1.576492564,0.669851284,-0.258197772,-0.407927701,0.472680699,-0.990161815,-0.183051314,85.25,0
72241.0,-1.944598955,0.57186817,2.168641633,1.181916778,-0.989538107,0.395686089,-0.296054175,0.609578672,0.454361144,0.460893328,-0.480511998,-0.646310864,-0.805187883,-0.019647838,2.406994049,0.118136086,0.006628713,0.554341956,-0.096794705,0.385185237,0.189739021,0.875476629,-0.268953214,0.065899316,0.214451094,-0.026180166,0.330679777,0.059427874,100.0,0
83134.0,1.235349885,0.411377685,0.456555405,0.763248658,-0.473545449,-1.245046193,0.135435814,-0.260317431,-0.085179942,-0.301288052,0.332780233,0.677694212,0.799021056,-0.393580289,1.00086732,0.353837371,0.077131491,-0.482984346,-0.32520675,-0.052550546,-0.259418935,-0.717877403,0.162764075,0.688713494,0.194233684,0.072182723,-0.018374952,0.035342103,0.99,0
40650.0,-1.5939116,2.215525088,0.210067253,-0.236255488,-0.002224058,-0.058600712,-0.392775911,-2.005519769,-0.306308972,-0.253465337,-0.892002302,0.681270418,1.539975043,-0.40765656,0.740104749,0.687551746,-0.019200809,0.040053461,0.133313347,-0.258684274,1.995800521,-1.55430179,0.26153882,-0.53134467,0.124584424,0.14612447,0.346682744,0.10485983,8.99,0
65326.0,1.2914025,-0.908569068,1.20157983,-0.859197486,-1.415963438,0.444169213,-1.550470536,0.376848606,-0.332503606,0.724617817,1.193103051,-0.243602363,-0.185605424,-0.313505377,0.949505925,1.728078941,-0.110989491,-0.417566705,0.160672841,0.052744385,0.485974054,1.34338741,-0.097095469,-0.266752255,0.237972753,-0.008366294,0.066797826,0.014969431,9.99,0
151833.0,-1.380810334,-0.21542213,1.533169749,-0.782085796,0.844054149,1.664061042,-0.236480103,0.572800658,0.974254374,0.113250792,0.57052959,0.155222756,-0.904904862,-0.384010683,0.445087918,-0.053011666,-0.38275177,-0.404148661,-0.889878912,-0.067017765,-0.012815062,0.635416774,0.186603453,-1.645660942,-0.639889673,0.266248188,0.31687724,0.069799789,32.53,0
166772.0,1.929439996,-0.256606827,-0.332459259,1.588048267,-0.522016429,-0.288683291,-0.35474142,0.082413528,1.419444774,0.028907842,-1.58668181,-0.103674492,-1.771420201,0.046266392,-0.992352184,-0.391437769,0.07259428,-0.758919524,0.177067018,-0.399724706,-0.541321833,-1.325902606,0.455373707,-0.211565593,-0.377659925,-1.092478776,0.04765057,-0.034843166,7.48,0
147102.0,-0.051727367,-0.197758073,-0.547175765,-3.330162985,0.127987256,-0.432519705,0.067763984,-0.053389802,-2.087344961,1.565054165,-0.016145863,-0.866928429,0.11876734,-0.13067854,-1.303566151,-0.071928193,-0.429077482,0.856764883,-0.651024476,-0.19512873,0.161122108,1.011258131,-0.088856222,0.189472766,-0.711848967,-0.221607794,0.580338494,0.370541136,15.0,0
85352.0,1.122130441,-0.296234001,1.092041898,0.623763861,-0.726887701,0.66784012,-0.848177007,0.40806337,0.763280627,-0.099806871,0.811206327,0.849006908,-0.486211724,-0.106105134,-0.171866799,0.185041708,-0.23861949,-0.023289072,0.018421012,-0.14561521,-0.040847919,0.057598592,0.015698617,-0.272994339,0.179783582,0.350840622,0.026344405,0.009022934,6.89,0
66153.0,-0.234746253,0.192424758,-0.554111764,-2.492891829,1.957405164,3.239071891,0.245709738,0.65169843,-1.750612961,0.320461917,-0.096381027,-1.016044123,0.027465234,0.07797137,0.448595345,1.143246155,-0.146046083,-1.287344954,1.338372671,0.221477839,-0.131462145,-0.712635802,0.038029427,0.969977954,-0.279990607,-0.618951392,0.01152057,0.115108727,73.0,0
38485.0,-1.340959388,-4.360275644,-1.571637701,1.144120383,-1.580802898,-0.132905627,1.842850551,-0.436223708,-0.064564816,-0.631336351,0.828176185,0.625633642,-0.443088169,0.759262576,-0.341578698,0.201284549,-0.24159258,0.193179033,0.281658058,2.65035343,0.757356477,-0.816140038,-1.327236111,0.148948452,0.042862294,0.950672444,-0.358099327,0.214262647,1360.24,0
160635.0,-1.402480044,0.995246463,0.202818819,0.468056315,-0.118431604,-0.522272589,0.746742682,0.173513068,-0.474562522,-0.919048387,-0.38899937,0.407758977,1.270104343,-1.233304352,0.724512982,0.113439155,1.026494089,0.215969702,0.674508248,0.101190519,-0.128847,-0.197797719,-0.128829704,-0.119894097,0.691219663,0.533940412,-0.143239238,0.000182956,119.85,0
48971.0,-1.164159026,1.299141359,2.304987219,2.884836516,-0.953857834,1.089059194,-0.763092762,1.118326822,-0.579259042,0.910172407,0.695161267,-0.296819596,-1.979243496,0.449902706,0.178592384,-0.093282811,0.599752983,0.417869594,0.776245568,0.139419322,0.040585704,0.246074393,-0.004698372,0.169231754,-0.365679363,0.217406659,0.3955446,0.176237106,9.47,0
7535.0,0.026779226,4.132463897,-6.560599968,6.348556673,1.329665669,-2.513478848,-1.6891022,0.303252801,-3.139409057,-6.045467798,6.754625448,-8.948178579,0.702724998,-10.7338541,-1.379519857,-1.638960115,-1.746350136,0.776744098,-1.327356635,0.587743219,0.370508651,-0.576752473,-0.669605372,-0.75990753,1.60505555,0.540675396,0.737040382,0.496699108,1.0,1
49158.0,-0.74154705,0.796670774,2.996721328,3.4148881,0.075182553,1.741797373,-0.345975117,0.635731406,-1.428964109,0.855692254,0.608270311,0.574044647,0.956526223,-0.502698513,-0.383701823,0.96015487,-0.706586733,0.625672567,-0.856731784,0.168816528,0.397441795,1.134957333,-0.083073928,-0.27900165,-0.418787025,0.208453668,0.180776837,0.150083361,42.37,0
84516.0,-0.529886161,1.123471649,1.525516749,-0.051787021,-0.08117553,-0.877332545,0.724447539,-0.115568069,-0.356127556,-0.210062168,-0.36417262,0.043763366,0.21630317,0.06992171,0.835909555,0.179504655,-0.412286183,-0.380661878,0.016692377,0.094905425,-0.208244194,-0.581310717,-0.016427985,0.365035735,-0.198682919,0.057942147,0.130439024,0.11978526,5.99,0
123227.0,-0.561610586,1.250015901,-0.211137732,-0.61251319,0.148042261,-1.069837942,0.656853955,0.238637142,-0.069573587,-0.346781344,-1.003984943,0.490336801,0.431603961,0.291057432,-0.409486081,-0.043178359,-0.23882702,-0.833751933,-0.166722964,0.003932315,-0.242419214,-0.56798714,0.136645845,-0.085305102,-0.40551229,0.153640988,0.23579053,0.092166082,9.81,0
118513.0,-2.513473323,0.639692363,1.240464188,-2.485859089,-0.647606587,0.3325125,-0.379478004,-0.064012226,1.925116132,2.321785444,-1.803207763,-0.576407527,0.586944632,-2.457661586,-1.504211878,0.921205672,-0.308136711,-1.311887246,0.28022427,0.497800612,-0.256814445,0.782931612,-0.008810024,-0.749004828,0.0506439,-0.378068129,-0.484523591,-0.815433135,1.0,0
85691.0,0.99598823,-0.010603337,0.529312761,1.665848795,-0.363074332,-0.055865253,-0.09748138,0.147968284,-0.720729547,0.698886139,1.446379417,0.130526151,-1.138631372,0.687310285,0.237496053,0.611493021,-0.343217476,-0.289827754,-0.920650291,-0.054783123,0.139486593,0.158690454,-0.035077638,0.246957766,0.164901805,0.995849292,-0.090205387,0.004987003,75.63,0
151491.0,-0.228838593,1.139932794,-0.801337653,-0.476963631,0.445535797,-0.841931971,0.554834432,0.415592711,-0.011622301,-1.036949482,-0.995225689,-0.678465353,-1.349715013,-0.411351746,-0.078073095,0.453164005,0.684010647,-0.100240407,-0.313395137,-0.156861731,-0.298752121,-0.931897582,0.212760776,0.528825439,-0.458585609,0.121738159,0.086077847,0.01925659,17.99,0
95524.0,-4.179174945,2.168793502,0.175338472,-0.69951668,0.484880243,-0.39897371,1.268730218,-1.702149617,5.133431332,4.102527537,-0.03578176,-2.566225516,1.011369988,-0.869605627,-2.31199011,-1.372290607,0.355665646,-0.968303269,0.110863043,1.115500272,-0.658215077,-1.138851692,0.291954378,-0.21135294,0.654750129,0.007565994,0.511451057,0.231485419,0.01,0
159172.0,1.755723274,-0.324128247,1.378254708,4.319759511,-1.241679742,1.246393875,-1.475732331,0.552677182,1.175047392,1.058025931,-2.317236687,-0.183970485,-0.93792162,-1.176134862,-2.356287795,0.753787432,-0.288659767,0.060177167,-1.275535686,-0.358405256,0.078967531,0.653074106,0.203189627,0.030362314,-0.352911212,0.085210454,0.080820775,-0.019798205,8.25,0
96819.0,-0.409614078,0.78625696,-1.109144223,0.647640585,0.80199072,-1.323309542,0.633562138,0.05247088,1.148411185,-2.175886914,0.548084406,-1.825893731,2.664364679,-0.535356262,-1.215777856,-0.117058364,2.51261709,0.676621582,-0.174551552,0.103883691,-0.099098849,-0.144069534,0.110771173,-0.216595804,-0.127675062,-0.35464824,-0.097078807,-0.111483346,81.58,0
31811.0,1.09620432,-0.151478498,1.352423121,1.460585982,-1.018887523,0.129998396,-0.681451924,0.287868519,1.155334367,-0.271836104,-0.622725671,0.178720901,-1.295899152,-0.189650416,-0.066524835,-0.538379301,0.433862654,-0.726275736,-0.448548769,-0.281122765,-0.147382501,-0.155105718,0.106474183,0.376768679,0.286663303,-0.442705405,0.083765397,0.032272688,1.0,0
47277.0,1.154491929,-0.152407512,0.756305613,0.418044198,-0.561578351,0.216671655,-0.614767874,0.316208263,0.345209395,0.080322769,1.078910597,0.164803331,-1.23291499,0.532861463,1.035670352,0.637956741,-0.556156761,0.189781215,-0.261766319,-0.178606007,-0.042470413,-0.190505969,0.082532691,-0.338637556,0.053890097,0.250622431,-0.00357932,0.007136131,8.99,0
49929.0,-1.542555073,0.983857328,0.909314121,-0.084867113,0.332277503,1.679312254,-0.275444106,1.226328532,-0.504707318,-0.693252399,1.646404572,1.533806263,0.007722943,0.483367834,-0.107999583,-1.344905058,1.210440598,-1.962707044,-0.854476071,-0.360623311,0.109261836,0.406061174,0.058797332,-0.984312134,-0.54687967,0.25996655,-0.514090686,-0.258952292,14.45,0
138734.0,-0.270623296,1.461788464,-1.514109282,-0.196920455,0.22060487,-0.874134388,0.148228117,0.654702217,-0.577063052,-1.091323714,0.750156568,0.968232096,0.58426019,-0.163840582,-0.071420632,0.526853139,0.405491725,1.189552258,0.084932567,-0.332815819,0.425653907,1.054883083,-0.095814131,-0.451330351,-0.242869839,-0.155893255,-0.322343506,-0.126662305,12.98,0
158510.0,2.016770598,-0.329582685,-1.712319963,0.261810079,0.336801448,-0.414749129,0.145027563,-0.121081371,1.077328077,-0.093262029,-1.770196824,-0.613242534,-1.607990588,0.604198688,0.193562793,-0.187732047,-0.381227608,-0.20667633,0.511979454,-0.221001839,-0.260152496,-0.767762918,0.167400109,0.019877054,0.02682886,-0.497671403,-0.038413983,-0.048413062,50.06,0
58926.0,-2.144087026,0.944887927,1.390409941,-0.796080986,-2.379417713,2.128949629,-5.841333993,-10.13796668,-0.902781656,-2.294891009,-0.768059895,0.920975022,-1.267049085,0.51062306,-1.562214406,1.129957516,1.643444226,-1.995084146,-0.956501946,2.341978706,-4.965011567,1.929123656,-0.77258991,0.65788455,0.750471203,-0.172787176,0.128376693,0.266424468,150.0,0
155619.0,2.059754808,-0.011736683,-1.54197516,0.439307375,0.182992857,-0.62577079,-0.187933986,-0.083674223,0.878972523,-0.445321608,-0.866034003,-0.428850316,-0.672298204,-1.08614253,0.529599929,0.651993563,0.510555338,0.34362344,-0.130542684,-0.184211293,-0.156187405,-0.342977087,0.223624817,0.37137841,-0.212409956,0.386932989,-0.046384454,-0.025354992,3.68,0
47864.0,-2.148908874,0.730486323,0.22339665,-0.756765753,-1.507203852,0.616688051,-0.137005389,1.097708937,0.331737207,-0.83396914,-0.265839103,1.597677769,1.117878121,-0.14912786,-1.812271472,0.807317838,-0.428257949,0.171580098,0.423411973,-0.467221455,-0.108954125,0.005074982,0.174246331,-0.392465763,-0.741637256,0.640725447,-0.310131415,-0.458302007,150.7,0
134847.0,2.031698071,-0.234934865,-1.219774863,0.58484195,0.063332137,-0.446651131,-0.023692241,-0.173016833,0.856191559,0.030917311,-1.221465151,0.366563786,-0.007824443,-0.009707396,-0.562938596,-0.381056272,-0.163076665,-0.453751962,0.126639373,-0.181884592,0.061988922,0.420457816,0.065945913,0.729811863,0.160234672,0.426468607,-0.054498526,-0.056609345,16.92,0
154915.0,2.048605784,-0.109078191,-1.689418847,0.217258497,0.144817729,-1.397373676,0.524601247,-0.447434068,0.667947947,-0.118129123,-0.849855616,0.350439523,-0.402844134,0.51457958,-0.213518187,-0.836620536,0.026378898,-0.777963048,0.264019128,-0.237644527,-0.002522662,0.193875455,0.041739424,0.028113725,0.259827377,0.119325904,-0.06347664,-0.069661924,22.75,0
156033.0,0.236362095,1.048428146,-2.16134966,-0.340566425,0.951998751,-1.282925659,1.11224475,0.102241865,-0.315907985,-1.091377224,-1.276406715,-0.983390555,-1.627633864,-0.256020181,-0.558634515,0.116697817,0.884040358,0.236097295,-0.302922565,-0.306494318,0.162812142,0.335053049,0.033887478,0.492347215,-0.302398313,0.528250322,-0.174232198,-0.04550102,42.81,0
77945.0,1.368841828,-0.563180954,0.433521971,-0.847286028,-0.962952056,-0.543453093,-0.686012473,0.005643868,-0.921731194,0.793159755,1.121478357,-0.283882559,-0.452354606,0.146903247,0.206696907,1.558177824,-0.117430797,-0.901158946,1.022922494,0.069723908,-0.06677395,-0.399704358,0.081857837,-0.026899782,0.219709999,-0.477661332,0.000157496,0.009533388,17.99,0
68514.0,1.244232816,0.328473089,0.297421106,0.699399191,-0.385613437,-1.073179815,0.089209509,-0.200611654,0.044690201,-0.283049372,-0.08042624,0.189846242,0.141532486,-0.269082337,1.104090555,0.483300376,-0.000135788,-0.287495867,-0.199882071,-0.07360308,-0.284816444,-0.840158627,0.124932988,0.343348502,0.210902014,0.094027597,-0.02480352,0.031721446,7.99,0
158869.0,2.028646615,-0.57422608,-0.632660081,-0.327300815,-0.468461589,-0.19551042,-0.643957758,-0.063772909,1.130578489,-0.098476313,-0.973947861,0.680901031,1.279194986,-0.460932666,0.561807115,0.482164745,-0.649036997,-0.060566415,-0.013589158,-0.010634021,0.215025433,0.791825651,0.121115552,0.610057146,-0.287799675,1.35364152,-0.082125489,-0.050959966,26.99,0
1931.0,-1.161085739,-0.079347045,1.010443047,0.243637527,0.848064173,0.524867013,1.104558445,0.186342199,-0.573993516,-0.752786317,0.384015358,1.072820596,0.517499113,-0.013646347,-1.502220812,-0.168285484,-0.562298938,-0.163266966,-0.454843418,0.360197993,0.167278146,0.199204307,0.217637397,-0.665092895,0.185580685,-0.504410642,0.065100741,0.1406595,185.82,0
135070.0,-1.078591197,0.532092836,-3.09580615,-0.458346717,1.215954921,-0.950827819,1.171643673,0.463784135,-0.895879786,-0.208652098,-0.425328829,0.271495555,-0.721887024,1.652742086,-1.502994053,-0.101142064,-0.473504918,0.410905534,0.289297707,-0.369056072,0.538058443,1.540525302,0.372296044,0.173346694,-0.989158257,0.379830772,0.283443109,-0.069411534,67.67,0
133732.0,-1.547154899,0.302128446,-0.297067696,-1.260442867,2.086006455,0.551337457,1.02674256,0.1498773,0.018497223,-0.504687422,0.348512446,-0.169592029,-2.130145165,0.810763414,-0.665582469,-1.1096953,0.071167889,-1.00160157,-0.858837753,-0.64055657,0.157327627,0.564968064,-0.334317952,-1.642958341,0.450045984,-0.175307721,-0.503101409,0.317499969,13.0,0
128759.0,-1.181439696,2.477297278,-0.27272075,4.488140931,-0.153439962,0.888640734,-0.506862386,1.356559973,-2.060296308,1.152032222,-1.938061768,-0.19304961,0.268387787,0.91869895,-0.335360309,-0.340431977,0.93417524,0.05456433,1.32205734,-0.077002425,0.299859908,0.720866744,0.012626589,0.62858501,-0.446976395,0.44049675,-0.169548174,0.082440475,7.56,0
55991.0,-2.315405053,-1.548958541,2.43443305,-1.042653226,-1.157915256,-0.249480128,-1.146587827,0.863685533,-0.603810682,-0.411551409,0.653846555,0.768268195,0.579907404,-0.884065651,-2.139624623,1.186744313,0.454595362,-0.691657837,0.448842377,0.821832859,0.488787301,0.846048122,0.006492983,0.592058827,0.54313663,-0.186252394,0.184833733,-0.129462768,151.69,0
66421.0,-2.864596524,-0.927284835,0.149223173,2.07316002,-1.990938007,0.925928316,1.213269578,0.740169581,-1.726191717,-0.302381995,1.295410767,0.773570248,0.60851606,0.855953918,0.489556442,0.854009735,-0.005384516,0.20646375,-0.327254063,0.277881873,0.501368492,0.755213033,0.10350596,0.353724544,-0.614539061,1.040841383,-0.048626958,-0.36705832,532.67,0
116983.0,-0.281926413,1.017797047,-0.012900694,-0.463566313,0.664946152,-1.342312469,1.285029689,-0.268435348,-0.18248703,-1.309640148,-0.704622166,-0.882335597,-1.086547522,-0.714053797,0.609274177,0.227445024,0.468175091,0.848048184,-0.497675593,-0.100928303,0.293432969,0.833933085,-0.305857984,-0.054096321,0.021201804,-0.14746331,0.140720092,0.188750738,38.22,0
60198.0,0.49370531,-0.793018674,0.073074982,2.681755426,-0.242593888,0.641133885,0.342055407,0.113349214,-0.460517832,0.569614096,-0.078801909,0.136176766,-0.850114792,0.33737487,-1.206912487,0.703554791,-0.695573848,0.27416611,-0.091358704,0.529700016,-0.02135123,-0.815152976,-0.394728534,-0.519105333,0.413269823,-0.092200051,-0.075424376,0.063551892,358.98,0
140356.0,1.627766419,-0.08509595,-0.152238554,3.429495291,0.773209452,2.781772698,-0.850867846,0.790989672,-0.58376576,1.3549313,0.675729174,0.821389327,0.484345885,-0.100343736,-0.433967166,0.587274333,-0.474910484,-0.785205397,-2.451724236,-0.199612633,0.313947727,0.970991461,0.202195616,-0.739141803,-0.427548809,0.092125982,0.054089493,-0.039988913,55.45,0
82608.0,0.177069615,-1.285276812,-0.64041268,1.537803003,-0.204388069,-0.144337516,1.089864433,-0.316013926,-0.387494895,-0.2486641,-0.322698445,0.684177642,1.073112779,0.408842993,0.978926865,-0.200105526,-0.264374914,-0.65110486,-0.740362587,1.006060767,0.316347281,-0.210492507,-0.600227729,-0.224263563,0.528623989,-0.352135306,-0.079197974,0.107310049,551.8,0
126643.0,-1.397929435,1.600914364,-1.226552189,-1.152081545,2.16912537,-0.13229824,1.782141889,-0.594557894,-0.162761676,0.377198592,0.318561433,-0.190879034,-0.223456916,-1.170396762,-0.999296841,-0.05675093,-0.020201866,0.576580039,0.534777298,0.00996801,0.010283927,0.361442181,-0.519963057,-0.380760725,0.52952486,0.579240703,-1.332380294,-0.463251211,8.02,0
61912.0,-0.440799853,0.908337695,-0.257311364,-1.193890514,2.641296327,3.282272817,0.317972812,0.72386633,-0.165190586,0.072338848,0.103051985,-0.415339,-0.106944941,-0.536436085,1.145748907,0.614188481,-0.595671602,0.282480751,0.256374287,0.429183521,-0.40070503,-1.002792458,-0.0664415,0.931784261,0.021486202,0.064518313,0.190098245,-0.067839925,8.93,0
56089.0,1.255911069,0.456265643,-0.723956605,0.699620774,0.154942011,-0.992387728,0.168761561,-0.039542911,-0.109767649,-0.486137524,1.267712313,-0.597201555,-2.061379935,-0.732977596,0.505164703,0.933988884,0.778144677,1.106932892,0.059973432,-0.173218653,-0.146149264,-0.493039764,-0.112993296,-0.161905768,0.518552904,0.378300616,-0.047651415,0.025194345,0.76,0
41721.0,-0.744338667,1.188344703,1.0700246,0.129009071,-0.132652527,-0.268548607,0.261040948,0.401140557,-0.166938785,-0.702284183,-1.354526087,0.815691257,1.234717796,-0.266645319,-0.797819797,-0.295257544,0.011993992,-0.336626623,0.502584279,0.04099916,-5.29e-05,0.286735109,-0.2213088,-0.026787453,-0.006272189,0.392409487,0.242908024,0.135790012,1.38,0
70475.0,1.235670988,-0.010747998,0.907062292,1.072086147,-0.580481002,0.164287969,-0.591185112,0.140895227,0.872865409,-0.133540352,-1.471355711,-0.074362975,-0.118436519,-0.223570898,0.723005416,0.532034989,-0.689782703,0.38826386,-0.043606882,-0.138208976,-0.069590516,-0.047516056,-0.09811891,-0.47123415,0.492456626,-0.345822572,0.067177775,0.02841924,1.0,0
127917.0,0.021489192,0.579053198,-1.168679038,0.00036653,1.31143711,0.10603545,1.894687186,-0.127002288,-0.932803113,-0.231269696,-0.104854539,-0.329177517,-1.128519751,1.036535102,-0.692170705,0.105136956,-1.022328519,0.588246194,-0.114035255,0.075950223,0.266228719,0.425077276,0.041050118,-0.169801351,0.36266614,-0.558566465,-0.057579266,-0.014011923,158.97,0
150208.0,-0.131126732,0.585788481,-3.039493009,-0.396254529,1.033508178,-0.122896945,2.13482224,0.018540889,-0.717750503,-0.335503434,-0.473658571,0.422468348,-0.004678145,1.358911454,-0.871720085,-0.813025788,-0.516751058,0.850090319,1.322548056,0.440609217,0.676270825,1.722923117,0.415166898,-0.30971315,-0.791577184,-0.39535427,0.378574909,0.34354184,257.98,0
79223.0,1.300260828,-0.641960875,-0.161646729,-0.788134782,-0.692077801,-0.763892644,-0.276299577,-0.153630154,-1.157378178,0.824826509,1.048613793,-0.374844295,-0.547784537,0.337390397,-0.084071773,1.19170516,0.027634876,-0.845385115,1.007475524,0.166082381,0.21431915,0.348913033,-0.20835913,0.014048152,0.641585829,-0.147337162,-0.03628807,0.00257974,72.0,0
166295.0,-0.331340152,0.358001791,-0.022574825,-2.252918127,0.73391605,-0.833961643,0.692174549,-0.045919502,-1.551752786,-0.526781665,0.957871996,-0.835183698,-1.063646806,-1.033052949,-1.494529181,1.445133002,0.849694433,-0.610193136,0.297644085,0.019575048,0.079933715,0.021384854,-0.179666387,0.638637032,-0.001915119,-0.441843638,0.074114853,0.151383809,15.0,0
40797.0,-0.709840199,1.300777008,0.802402889,-0.086596371,-0.088845941,-0.515777813,0.257223735,0.525919203,-0.788811757,-0.568039073,1.026313315,0.611913792,0.066585272,0.081269665,0.18865416,0.803387903,-0.190453715,0.51676728,0.318458548,0.034310391,-0.188976477,-0.656834363,0.002469261,-0.057642376,-0.122417548,0.077653497,0.113366022,0.022043506,9.98,0
67214.0,-0.633952206,-0.521938782,0.757997843,-1.976154006,2.111809843,3.810403129,-0.225626084,0.925178461,0.732990167,-0.915784808,-0.724840208,0.013575344,-0.277136099,-0.766854923,-0.767424692,0.373697954,-0.759202732,-0.119628531,0.112950974,0.29036717,-0.217024527,-0.641354525,0.036994958,1.049031893,0.089720171,0.769534881,-0.24167125,-0.216205855,75.46,0
22100.0,1.288428367,-0.255574912,0.699821617,-0.714873482,-0.691075463,-0.281502623,-0.633754387,-0.092242289,3.084270327,-1.469429394,-0.153132188,-1.767180592,2.26498939,1.135047925,0.540677579,-0.249821662,0.253099775,0.673679186,0.662150599,-0.086580371,-0.205506876,-0.089867455,-0.143426413,-0.477842584,0.602606431,-0.676016424,0.067146996,0.023370245,11.85,0
75520.0,1.39754461,-1.022766065,0.526318251,-1.436180162,-1.354545964,-0.33249068,-1.020497139,-0.02344826,-2.235154905,1.538608208,1.750587678,0.353530327,1.091924281,-0.213253518,0.024180182,-0.590297477,0.569554718,-0.150109502,-0.39920477,-0.286145049,-0.106251803,0.095788554,0.058033745,0.221666316,0.277665558,-0.210236613,0.045575549,0.012992755,25.0,0
87150.0,0.104993902,0.885792717,-1.277275209,-0.152336498,0.670778135,-0.888260111,0.550323009,0.237788761,0.07715179,-0.428757153,-1.389367598,-0.158166575,-0.515299479,0.877046588,0.487041892,-0.614979071,-0.09197471,0.156480627,0.690099548,-0.075102074,0.176354763,0.553455496,-0.032056212,0.466393658,-0.140710153,-0.515930395,0.182313471,-0.026103578,7.0,0
124829.0,-1.512315537,-0.444305481,0.492542619,0.84928654,-0.74210363,-0.140565577,1.458513563,-0.067760329,-1.574098954,-0.678326325,-0.62958366,-1.149459289,-0.103523718,-2.199177746,0.825107343,-1.060982663,1.772456671,2.756374701,-0.571598445,0.809014497,-0.207717774,-0.743684096,0.662963493,-0.257487556,0.719275523,-0.363148302,0.238869422,0.228095717,414.0,0
146757.0,-1.274227208,0.748748508,0.991821055,-2.399953689,0.953116568,-0.340346288,0.934628033,0.085027681,0.226710088,-0.903713777,-1.59532638,-0.390730139,-0.304084003,-0.176304332,-0.4774216,0.864415049,-1.027420823,-0.796535302,-0.517831673,0.116535349,-0.69078646,-1.97447336,-0.136188483,0.002243757,0.361388425,0.622869376,0.249488448,0.15424717,29.2,0
14561.0,1.085980444,0.02584764,0.357201007,1.446880269,-0.051482136,0.346916384,-0.219124649,0.170049225,1.616701392,-0.285922028,1.499081195,-2.385330753,-0.373485069,2.054710042,-1.299751591,-0.368740855,0.732994494,0.132455288,-0.155070081,-0.266996372,-0.224566305,-0.359631188,-0.108604326,-0.397790737,0.579338311,-0.345615126,-0.009205374,-0.00240545,39.82,0
54151.0,1.031386336,0.707443979,0.228890387,3.482692214,0.671831241,0.697724878,0.264571008,0.277643017,-1.704557135,1.373563698,1.240695009,-0.205610411,-1.535388257,1.029105405,-0.195694959,0.36835521,-0.236117268,-0.774981155,-1.845280628,-0.302935351,0.081564733,0.105635254,-0.032922925,-0.333078094,0.473493548,0.107862867,-0.023717171,-0.004252617,15.21,0
161067.0,1.930079175,-0.502324753,-0.995158837,0.527043543,-0.21454821,0.39649801,-0.791521891,0.37543602,1.537099437,-0.435166221,-0.024976708,-0.117690305,-2.130995405,-1.125858736,-1.253075282,0.63579824,0.569095273,0.616394876,0.740714301,-0.229096556,-0.47315677,-1.239982621,0.370651865,0.035855453,-0.542987916,0.113440768,-0.025621391,-0.027977794,24.5,0
139859.0,2.005280637,-0.133863243,-1.017655031,0.3161538,-0.129479377,-0.861833282,0.042061922,-0.145363931,0.333085773,0.245123788,1.017542414,0.969596223,-0.42569813,0.559497148,-0.57690985,0.026102583,-0.429729595,-0.443402289,0.334749538,-0.248109536,-0.230889024,-0.578840306,0.350000118,0.007328495,-0.367694263,0.179720433,-0.073697046,-0.0707369,1.29,0
85328.0,-1.904463029,-1.039689157,0.200666202,-1.864383345,1.881262681,3.395964958,-0.72752979,1.539944751,0.068641228,-1.359404339,-0.709151967,0.070894472,0.044572655,0.056053072,0.23793274,1.040469697,-0.842915643,0.401781592,-0.259135849,0.560704725,0.186901889,-0.331993063,0.205370353,1.05226633,0.030260248,0.839803666,-0.140671163,-0.124975604,161.22,0
139430.0,-0.724486195,1.264112072,0.398914237,-0.349296371,1.854825616,-0.384284744,1.718541978,-0.258596284,-0.909894568,-0.920146771,-2.002791393,-0.109986072,0.426085378,0.192648339,-1.10921045,-0.302691506,-0.756832787,-0.31058416,-0.37322533,-0.135654471,-0.010231588,0.064716129,-0.792472721,-1.040891212,1.495411741,-0.387496699,-0.003508641,0.025128114,1.0,0
157751.0,-7.218195461,-8.967718281,1.502739077,1.857963809,8.999126021,-6.570973917,-5.147790237,0.644873626,0.469401243,-0.181275577,-1.355659568,0.467249739,-0.281846968,0.434323949,-0.516682797,-0.818545579,0.196367774,-0.156594276,0.108601453,2.435201439,0.925196875,-0.017044559,1.277852794,0.031930653,1.408512699,0.85291137,-0.395061133,0.217884998,57.5,0
44214.0,-0.501479265,-0.191541635,0.408134576,-0.961469274,1.417844362,4.218604058,-0.02355917,1.068575285,0.081244711,-0.701727256,-0.556936507,-0.205839024,0.025783546,-0.270265954,0.637632686,0.603562897,-0.81876002,0.685098506,0.245418985,0.444665134,0.206971084,0.279986738,0.15648851,1.038183096,0.119232869,0.543054883,-0.023748723,0.03397043,168.7,0
59805.0,-2.286311248,-1.356805119,0.565396141,3.675094789,1.038270989,-0.473655304,-0.993182091,0.554833721,-0.951911237,0.895939999,0.266002731,0.635693592,-0.084789501,0.548844202,-0.604103226,0.072308295,0.126866041,0.34739837,1.539009992,-0.179746206,-0.039716135,-0.22555939,-0.593477344,0.082592508,-1.599154259,-0.166728594,0.526628953,-0.521163218,86.57,0
71665.0,1.171337377,0.147904769,0.229965596,0.890644956,-0.02954452,0.0547255,-0.122364016,0.155643965,-0.045756708,0.162144601,1.057928054,0.348269571,-0.966963873,0.727594574,0.657000824,0.152411701,-0.494938081,0.209820799,-0.359884865,-0.208210039,0.118872322,0.348132138,-0.125071329,-0.316571798,0.58838691,-0.261237171,0.025360424,0.003297806,5.9,0
87880.0,-1.444306859,1.819130224,-1.079959647,-0.727058248,0.552766343,-0.079720009,0.7588475,-0.561653693,1.61762935,3.384284685,1.072110948,0.45538646,0.36154359,-0.480071463,1.21907165,-1.243150346,-0.154585465,0.110999838,3.383008945,1.235162761,-0.424392354,-0.186766661,0.394035253,0.224501965,-1.495226862,0.689027813,0.385305468,0.373837813,1.0,0
123500.0,-0.874473219,-0.806518745,2.954381353,-2.703432092,-1.85690863,0.301504829,-1.293170801,0.415045124,-0.558050608,0.475924507,-1.904087907,-1.506751063,-0.804436281,-1.510945916,-1.328375541,-0.259934177,0.52983191,0.53378783,-0.80529394,-0.335051235,-0.061766558,0.503530917,-0.350133837,-0.033232458,0.454131243,0.028035594,0.22218163,0.126069891,9.25,0
143047.0,-0.291757428,1.026322633,-0.744493028,-0.549130715,0.427907718,-0.707553123,0.374860308,0.571237789,-0.177571047,-0.832802914,0.631596472,-0.298758653,-2.058028475,-0.090911201,-0.763924943,0.708113467,0.447362287,0.526926457,0.018315411,-0.184910058,-0.254148848,-0.880059498,0.193246238,0.604167424,-0.510639393,0.095166453,0.078875579,0.001047713,9.99,0
100355.0,0.093037611,0.72955553,0.150039586,-0.005992498,-0.42881695,-0.606462677,-0.217213192,0.017891434,-0.763112152,0.28754177,0.686470422,-2.920732301,2.912159458,1.712990218,0.660645569,-0.270685451,2.071815606,-0.676771115,2.80361752,0.330427338,0.476218044,1.588429455,-0.119266033,1.205628147,-0.49958648,0.338171707,0.07152192,0.132411026,15.0,0
97693.0,-0.94233282,0.430124221,1.76699804,-1.340634154,0.586054749,-0.086982103,0.229526983,-0.038262647,1.460618803,-1.348338123,-0.825618974,-2.835895983,2.017059653,1.05029869,-0.3590617,0.702048769,-0.113221184,0.173029706,0.301497811,-0.002453798,-0.436371721,-1.087670214,-0.220662734,-1.027155381,0.165873156,1.027078198,-0.232440326,0.07419692,12.99,0
140329.0,-0.810941018,-4.858027018,-1.864581313,2.574219686,-2.088573184,0.133007058,1.30457149,-0.331731713,1.111510033,-0.464666917,-1.43239901,-0.303610141,-0.898581848,0.404704595,0.549136972,0.492711884,-0.53689724,0.754779795,-1.010491493,2.584603371,1.08089063,0.046390726,-1.181621422,-0.067573625,-0.533356301,-0.627234111,-0.217620522,0.21306312,1440.0,0
166596.0,2.00357133,-0.10093209,-1.197914354,1.16814387,0.714809983,0.923959233,-0.128287596,0.125478319,0.748877956,0.126623018,-0.550190028,1.633018117,0.963904114,-0.351791668,-2.459387958,-0.360125797,-0.565158654,-0.158403912,0.99701643,-0.164799031,-0.351421698,-0.619657753,0.112887874,-0.353236128,0.230553908,-0.809683019,0.036869434,-0.05529459,4.9,0
39653.0,1.127747981,-2.072189858,1.126754416,-0.850533962,-2.29202138,0.61674804,-1.711136081,0.346555074,-0.484379207,1.16063369,-0.271568798,-0.32991428,-1.061988635,-1.048870093,-2.704502187,-0.952146468,1.117576066,0.279675171,0.946305382,-0.155232099,-0.367821215,-0.62249199,-0.098360992,-0.017574921,0.28399566,-0.218199724,0.058999313,0.036670144,150.5,0
145988.0,-0.340092885,1.15442877,-0.405432915,-0.755314837,1.011361948,-0.504864136,1.070275984,-0.161445253,0.19133209,0.148467968,1.334370257,0.647625987,0.041041686,-1.190760404,-0.851319107,0.308725183,0.082420968,0.072119787,-0.113294306,0.355090244,-0.38984319,-0.683800354,0.09928291,0.599286433,-0.394131141,0.07294622,0.266605484,0.002021791,17.99,0
77690.0,0.533941169,-0.862100443,0.746607609,1.467139865,-0.289405123,1.686726564,-0.337798864,0.513966382,0.726265836,-0.542192611,0.37584386,1.328134283,0.335328245,-0.282365788,0.469755894,-1.756956373,1.341303149,-2.356867645,-1.730080134,0.179450359,0.237015164,0.664404122,-0.146134324,-0.571312824,0.255471941,-0.193883959,0.092361251,0.055493001,228.56,0
65577.0,-0.564381596,-1.134926453,1.606091356,-3.073073631,0.619353884,4.622515174,-1.702889304,1.329688979,-1.001369324,0.274600292,-1.531510002,-0.823565544,0.031660257,-1.682190871,-2.386187501,-0.667441638,0.599561625,0.402571024,0.2592871,-0.20806228,-0.263778741,-0.155738396,-0.322070199,1.022190988,0.5735646,-0.113357022,0.128969771,0.067394893,20.5,0
157169.0,1.412306128,-1.274204962,-1.475860671,0.37621865,-0.145638891,0.078574038,0.200582369,-0.130041401,0.733877225,-0.114381645,0.056384624,1.201991919,0.89432004,0.188220788,-0.240332215,0.386314903,-1.081645179,0.651125736,0.480970891,0.51887581,0.224085182,0.108456665,-0.267350908,-0.997356058,-0.044529809,-0.332153457,-0.049784241,-0.00634014,334.39,0
121629.0,-1.216219184,-0.849004035,-0.714969009,-1.673847346,0.357059889,-1.919678696,0.318080571,0.233310136,1.164065322,-1.414847622,-1.432670615,0.81411446,-0.256764748,0.066603408,-2.230524706,-0.636566377,-0.000864575,-0.577502994,-1.042334253,0.130669044,0.624818121,1.662621364,0.186808975,0.482568733,-1.099602556,0.551506416,0.358339625,0.128253688,92.0,0
80850.0,-0.207528722,1.420717951,-0.125807364,0.925433021,0.28943522,-0.692972961,0.658248749,0.245748878,-0.83399829,-0.09223325,-0.310061386,0.674614679,0.894805216,0.663979795,0.782271414,-0.767851132,0.249801286,-0.638551669,0.01209947,-0.027034995,0.217096597,0.785056975,0.100593087,0.112633194,-0.728299782,-0.386501365,0.334810271,0.167318909,8.99,0
47353.0,1.069855246,-0.23920305,0.610604251,-0.095508582,-0.381583375,0.294303098,-0.406113631,0.260985927,0.028003227,-0.101605977,1.964695021,1.159779924,0.137969378,0.373699137,1.038941779,0.100407397,-0.090093114,-0.938011746,-0.44096242,-0.037248675,-0.115629608,-0.397116131,0.192731074,-0.257114118,-0.186789995,0.781856116,-0.043807722,0.00314485,40.0,0
80710.0,-1.793004655,1.80307534,1.036033001,0.577405628,-0.277395399,-0.032671915,0.19145778,0.554612825,-0.524250793,0.018690535,-1.069788048,0.569463852,1.693444782,0.093622687,1.318280312,0.303980179,-0.425718129,0.179805846,0.771992238,0.220436886,-0.204080555,-0.512459214,-0.214648877,-0.463482067,0.395965035,-0.469007432,-0.212212338,-0.137643821,37.4,0
167026.0,1.984021858,0.43016888,-2.301922285,1.381181536,0.979319331,-0.677582887,0.520664838,-0.148440755,-0.02869091,-0.171518458,1.063577167,0.332143663,-1.096824158,-0.65347427,-0.948880425,-0.008734726,0.806756855,0.603899506,-0.151054034,-0.262398925,0.006944137,0.156618415,0.010011228,0.56147114,0.421487642,-0.539656975,-0.009612874,-0.033510458,7.63,0
169850.0,2.163413273,-0.641312232,-1.256042735,-0.688602689,-0.543536722,-0.548126775,-0.956304345,-0.049846461,0.044689795,0.068216571,-0.402341921,-0.768734164,0.312787233,-2.14541889,0.418846426,1.663321336,1.356078729,-0.478717316,0.190943269,0.049421811,0.227463627,0.742064316,0.136410973,0.505941072,-0.122934793,-0.110560259,0.029190123,-0.007203802,11.0,0
43862.0,1.025569755,0.006827298,0.78869945,1.031676569,-0.506205892,-0.074873611,-0.233942741,0.185745038,-0.012253546,0.082625378,1.676642578,0.834034254,-0.571894063,0.580176333,0.769566704,0.249419026,-0.416279899,-0.138708027,-0.523699437,-0.10279431,-0.078689465,-0.360887491,0.122744995,0.174832686,0.13489896,-0.626737021,0.038189801,0.029733713,49.0,0
169347.0,1.378558997,1.289380937,-5.004246784,1.411849842,0.442580636,-1.326535934,-1.413169956,0.248525468,-1.127395934,-3.232153175,2.858465816,-3.096914898,-0.792532436,-5.210140846,-0.613803264,-2.155296885,-3.267115681,-0.688505463,0.737657217,0.226137946,0.370611857,0.028234445,-0.145640429,-0.081049407,0.521874502,0.739467256,0.389151844,0.186636548,0.76,1
11065.0,1.227380535,-0.035022913,0.758932022,0.127682904,-0.581055632,-0.310069628,-0.524937534,-0.051991,1.450654929,-0.360333401,2.096998629,-1.616759431,2.087357936,1.587142713,-0.131299658,0.765912614,-0.096331698,0.720146719,0.00983964,-0.038092228,-0.033067294,0.146124982,-0.072568394,0.036168025,0.232462898,1.032832829,-0.091619422,-0.006938577,15.95,0
50683.0,1.2237327,-0.191941844,1.217805391,0.345390905,-1.108750302,-0.411014425,-0.623047599,0.003664476,0.93250003,-0.378334677,-0.524780796,0.909158389,0.902194517,-0.603535587,0.18221408,0.106298498,-0.150609265,-0.442518348,0.155085587,-0.039889112,-0.104403546,-0.043355583,0.04717129,0.471148655,0.193461674,0.757251294,-0.009244886,0.020241197,0.0,0
118496.0,0.010860386,-3.269589281,-3.24511755,1.354179514,-0.602920992,-0.74939009,1.707959553,-0.522285253,0.425544814,-0.885831462,-0.65373422,-0.589543769,-1.178818159,-0.421356493,0.392537944,0.383028008,0.833830247,0.162094534,-0.360990295,1.939384043,0.39355125,-1.241044474,-0.700830832,0.667166599,-0.492100582,0.222565791,-0.285735431,0.150814804,1075.03,0
72892.0,1.144308859,-0.154413201,-0.123717077,-0.04881479,-0.281200767,-0.804930768,0.230078201,-0.107118913,-0.154124437,0.031740064,1.077756673,0.293725792,-1.042375955,0.826875237,0.299009181,0.467767001,-0.509925402,-0.26422179,0.677762176,0.023046713,-0.383402343,-1.40347852,0.106915709,-0.001429194,0.052767768,0.620955268,-0.125435912,0.000251044,77.49,0
69678.0,-2.539477323,-1.707861283,1.155919518,0.624648646,3.707315056,3.114644496,-2.457469504,0.417900399,0.00534161,0.139386307,-0.263430182,-0.13764453,0.345970599,-0.019927263,2.290940496,0.705512826,-0.803467761,1.284444482,0.809395833,-0.288063832,0.883661652,0.249686169,-0.572641572,1.085689693,0.33183147,-0.003649938,0.557737452,-0.046141421,80.0,0
62138.0,0.873001797,-0.958093996,0.824797771,0.128133411,-0.984706889,0.634747685,-0.689796169,0.356436652,1.034100463,-0.376393237,0.737205934,0.944243301,-0.616686162,-0.204634117,-0.646945718,-0.075064142,0.089704477,-0.386657298,0.478922359,0.165831745,-0.096435056,-0.368101804,-0.061679879,-0.22966555,0.005704979,0.961472028,-0.052123384,0.021071181,150.92,0
140617.0,-0.636534147,-0.384332693,2.183799572,1.208918788,-0.498305188,1.395712081,-0.584046122,0.659250664,0.817016531,-0.390840574,-0.022606862,0.502147463,-0.660269229,-0.556265787,-0.897369187,-0.080350552,-0.242992572,1.234162287,0.758511927,0.268193023,0.425200408,1.248601824,0.210193721,0.694342909,-0.695161404,-0.476804722,0.271223044,0.236634595,113.23,0
152273.0,-0.548529069,0.979945025,0.606624745,-0.667002452,0.817737948,-0.404311807,0.706707009,0.087853193,-0.041233344,-1.135837335,-0.968216936,-0.731920851,-0.589268704,-1.191987272,0.261509252,0.597869938,0.404355464,0.402865692,-0.193308534,0.126438395,-0.211957239,-0.543193073,-0.34805098,0.381200468,0.750930792,0.538128664,0.132017787,0.022744346,7.7,0
148379.0,-1.788383111,2.139961826,-1.606719345,-0.710891454,-0.067410786,-0.769195235,0.006247744,0.921417518,0.126289699,0.577611703,0.100851198,0.872800553,0.078256039,1.065687327,-0.175009307,0.037676999,-0.480745499,0.756110601,0.35465548,0.043963439,0.398564467,1.319211078,0.038291306,-0.530555894,-0.5777117,-0.233209988,0.025790157,0.078025043,0.89,0
30471.0,-1.113559883,-1.708432614,2.705885641,-0.435275445,-0.339043194,1.049567875,-1.171337434,0.528956641,-0.215472145,0.307354911,0.978442099,-0.033224326,-0.731192044,-1.041767568,-1.019782507,-0.202513421,1.343243563,-1.458409469,1.362564571,0.638207834,0.371255639,1.078681437,0.21758294,-0.246777121,-0.297636612,-0.049789553,-0.018313478,-0.085407529,109.0,0
59239.0,-0.633122824,1.039433632,1.39504233,-0.610299813,0.569372334,-0.768080985,0.934751413,-0.102236423,-0.566830122,-1.055675229,-0.755868829,-0.097479839,0.453569211,-0.521648934,0.397583224,0.822150503,-0.503179519,-0.073778833,-0.651795367,-0.042865434,-0.234116067,-0.783506861,-0.16122937,-0.198905042,0.025218647,-0.032201503,0.026574791,0.102359749,9.34,0
43754.0,-1.181357816,-1.584381452,0.391888498,0.226465158,-2.601125034,0.386237778,2.47136303,-0.357682885,-1.702636985,-0.037116245,-0.709043883,-1.747305472,-1.050515976,0.131149513,0.688627216,-0.022139652,1.279166772,-0.860266596,2.475350658,1.748146919,0.628803641,0.64148808,1.293301983,0.350826803,0.42953124,0.147528816,-0.128506242,0.148593265,691.5,0
162779.0,-0.920544018,0.490280758,2.818664716,4.559366242,0.021732739,1.173388749,-0.332287325,0.505562642,-1.476404343,1.165715446,-1.063929336,-1.364387443,-0.988009649,0.058442093,1.424766445,0.321153934,0.207355953,0.602066845,0.866393813,0.506057284,0.146498035,0.079090189,0.167194326,0.966601576,-0.129972151,0.3326885,0.083190162,0.131283223,92.28,0
2002.0,-1.586378206,1.57449477,0.857851037,-0.584066396,-0.015041221,-0.333121306,0.397236926,-2.556866331,-0.21841691,-0.335940145,-0.17939952,-0.033901573,-0.825083308,0.434396879,0.303318765,-0.133817929,-0.005510965,-0.866246601,-1.31077233,-0.868661824,2.374379847,-0.554125488,0.221797797,0.369146232,-0.111907184,0.162693168,-0.052176473,0.116473223,49.9,0
34506.0,1.363549116,-1.266103756,0.311935659,-1.651900096,-1.097765215,0.374236817,-1.175525563,0.12692007,-2.004635284,1.503420997,0.812155419,-0.157474296,0.921718573,-0.259968934,0.335634535,-0.052287479,0.134981905,0.201543267,-0.01743679,-0.179128559,-0.305098689,-0.637559801,0.039219737,-0.854496783,0.129060378,-0.353507913,0.046063598,0.01853436,70.65,0
168992.0,-0.608161863,1.415784321,1.245123878,2.390925344,0.28695399,0.600316351,0.04600976,0.449006385,-2.268085165,0.688531586,-0.89835254,-0.135444184,1.446312538,0.150643956,0.795714442,-0.034083372,0.627499682,-0.568690513,1.99978598,0.345078816,-0.02844108,-0.172221246,-0.20373718,0.755864484,-0.116405842,2.690065801,-0.198639198,-0.021269769,0.07,0
60333.0,1.035143841,-0.827267821,0.623421404,0.430999966,-0.972372386,0.428508401,-0.785385791,0.263725989,-0.860766073,0.948414665,0.764001218,-0.057911804,-0.7452064,0.414721799,0.780091101,-0.980950727,-0.381979976,1.852496195,-1.358255461,-0.391198913,-0.134575291,-0.176658405,-0.090091913,-0.365791295,0.251687606,-0.274738441,0.053970913,0.037129702,116.0,0
143652.0,-9.630100509,-4.915489921,-3.990394956,0.741667512,1.8319503,-1.570915754,1.66221611,-2.581956422,3.614706406,2.207826694,-0.46490229,-0.453756532,-0.167676713,-3.149351934,0.189997225,1.173212712,-0.141782952,-0.346634719,0.65909515,-8.343906474,-2.059522223,1.015860196,4.118523016,0.680844951,-0.556565551,-0.467524064,-0.741069208,-1.327488094,176.56,0
96028.0,-0.021868346,1.095584146,-0.312846327,-0.841316116,1.418657213,-1.330494301,1.80929311,-0.806435307,0.86530385,-0.760922389,0.523755183,-2.546104097,1.481639976,1.924159444,-0.782898431,-0.948037939,0.40768763,-0.322144197,-0.420992323,-0.160858031,0.123573193,0.792659323,-0.221763605,1.088149855,-0.334376635,-0.028471081,-0.190955569,-0.025887812,11.34,0
87767.0,0.119348922,0.729002829,-1.679019939,-1.551345031,3.12863202,3.210793907,0.356622227,0.920342077,-0.160628484,-0.801836832,0.13734036,-0.156764697,-0.429367898,-0.75238178,0.155278321,0.215089529,0.352214111,-0.376127866,-0.398944844,0.043934159,-0.335765808,-0.906177597,0.108585207,0.59305033,-0.424261665,0.164197678,0.24584604,0.071036251,0.99,0
151560.0,2.094562668,-0.769975552,-0.889879835,-1.531741103,-0.694188848,-0.763006557,-0.603311287,-0.160151967,2.283513073,-0.934105851,-1.285780343,0.653453828,0.51539547,-0.185191766,1.24302096,-0.23367619,-0.590507694,0.523724362,0.755427853,-0.135786851,0.240512598,1.013428471,-0.042124905,-0.576101516,0.088673033,0.002812649,0.032577502,-0.050633909,13.7,0
28828.0,-0.962712228,0.226832433,2.467119221,-1.954218625,-0.996418057,-0.245454708,-0.533175388,0.238604332,-0.459460571,0.31669688,-1.017260837,-1.261258614,0.044006378,-0.850133636,0.827395385,1.982824949,-0.440383643,-0.369866642,-0.26094509,0.36762916,0.367084669,1.104234654,-0.42447733,-0.096789643,0.500704872,-0.071778893,0.419158913,0.202867971,9.99,0
129995.0,2.262643202,-1.106219554,-1.751060082,-2.236675383,-0.651722484,-1.150266881,-0.429446911,-0.359166233,0.897554801,-0.037931212,-1.708241067,-0.191120184,-0.249216333,0.211047051,0.746005863,-2.221080021,-0.069769244,1.665842402,0.223475143,-0.616912024,-0.108224353,0.448061,-0.102694699,-0.679924705,0.346101367,0.140543586,0.008109614,-0.067649788,15.17,0
80837.0,1.141354477,0.113515572,-0.136978493,0.661886383,0.57307845,0.718760615,0.045474028,0.107192448,-0.289693904,0.066468687,0.527912463,1.141949107,1.295805558,0.26493425,0.556215757,0.428319058,-1.00385627,0.197157465,0.046475602,0.062228897,-0.019198873,-0.087417328,-0.230792907,-1.327542774,0.63862487,-0.351178281,0.030682747,0.009760326,56.99,0
172353.0,2.055966501,-0.117271642,-1.656737163,0.031798311,0.501476667,-0.284283834,0.056572559,-0.090073601,0.40511197,0.17683751,0.569665441,0.633253534,-0.260500145,0.716210189,0.203033983,0.0986769,-0.868394828,0.569486376,0.171122774,-0.208260708,0.265533602,0.840592073,-0.026309833,0.24759068,0.289836331,-0.128156377,-0.028871742,-0.066928919,5.99,0
30516.0,-0.6235947,0.829035099,1.594908435,1.463135473,0.466650478,-0.637004454,1.539259996,-0.288964818,-1.136797547,0.206117522,-0.760132525,-0.846577378,-1.039050872,0.282997334,-0.151580453,0.809178271,-0.919491023,-0.599234426,-1.340089061,0.067240933,-0.353578462,-1.295140763,0.412699659,0.240436246,-0.692245641,-0.751847194,-0.103598977,-0.050304573,106.45,0
71592.0,1.072561246,-0.054024872,0.764138196,1.548543751,-0.637341204,-0.180307688,-0.205448368,0.109414247,0.678899326,-0.146784921,-0.535146079,0.081763662,-1.284760165,0.11901631,-0.082064433,-0.709627541,0.453479815,-0.811805329,-0.518913391,-0.220360785,-0.02891486,0.086203124,-0.041095392,0.400328347,0.53971581,-0.28850617,0.044907022,0.025343778,33.0,0
71996.0,1.257848176,0.341156086,0.302517402,0.694970783,-0.39090847,-1.079013246,0.070439332,-0.190940565,0.066390477,-0.275695335,-0.104026761,0.116269965,0.002473239,-0.243267151,1.118315679,0.488827534,0.007527838,-0.272044971,-0.196684076,-0.096890443,-0.290702843,-0.847696297,0.132844852,0.339211519,0.208846645,0.095246584,-0.024362786,0.030189274,0.89,0
105519.0,-0.168434939,0.601389412,-1.322940772,-0.794261865,2.896167261,3.723953679,0.43512426,0.809965375,1.158062401,-1.714128362,1.078274886,-2.702907903,1.224017206,0.211381968,-0.238626196,-0.569783972,2.052113996,0.512210506,0.787550813,0.23441014,-0.239744854,-0.456969117,0.136511988,0.527101401,-0.516181904,-0.011812582,0.168089532,0.214952644,90.44,0
159404.0,2.085746976,0.16750469,-1.764720212,0.379240261,0.508401314,-0.787149353,0.195528577,-0.237514035,0.475673807,-0.383670369,-0.674935276,0.196947902,0.283329046,-0.891863962,0.195649563,0.353039478,0.40572077,-0.280160224,0.110427866,-0.138173858,-0.372564996,-0.957864712,0.317993332,0.384174169,-0.230846388,0.180682083,-0.061690492,-0.031587574,1.98,0
145683.0,1.672199629,-0.252534163,0.505701198,3.744782504,-0.604057148,0.995068988,-1.003286026,0.43030837,0.119254097,1.375343402,-1.577259372,-1.098419128,-1.114951677,-0.094229028,0.553500181,1.888876842,-1.202138345,0.63782581,-2.105780432,-0.137424184,0.270584245,0.509560492,0.240237773,0.524237593,-0.582685849,-0.070099447,0.015157429,0.00125438,95.49,0
93856.0,-6.750508516,5.367416051,-10.05463495,9.064477918,-7.968118084,-2.263798414,-10.31756618,4.237665731,-5.324108806,-11.09239237,7.154082842,-17.15040525,-0.095399228,-11.03011036,-1.959054555,-12.44856234,-22.66790541,-9.264608733,1.982356317,-0.081219892,1.909032018,-0.348739731,0.425000563,0.67490867,-0.784208393,-0.247422103,1.159581374,0.197817875,209.65,1
117010.0,2.244210186,-0.525225081,-1.386933363,-0.900888416,-0.457720305,-1.56572766,-0.096017789,-0.487915433,-0.742577428,0.856573652,-0.452820223,-0.36347018,0.456939156,0.09590452,0.197560371,0.831184291,0.189589457,-1.820275225,0.663385193,-0.035717492,0.050489608,0.129084537,0.218264807,0.053436209,-0.054113423,-0.317537707,-0.044684133,-0.062469411,6.66,0
81497.0,-3.301788983,4.877335966,-4.880111296,0.545534795,0.328462144,-0.497850898,-0.684291029,0.696710593,1.392462832,2.310601621,1.390889881,0.749565024,0.868306685,-3.470406035,0.699415771,1.190557938,2.771981958,1.833711511,-0.403324343,1.392219536,0.371091997,-0.705545132,0.371774311,-1.740720602,0.405759645,-0.235630301,1.287282961,0.594117873,1.79,0
37788.0,1.24934542,0.043468953,0.867275116,0.813772332,-0.303553648,0.523216717,-0.650113533,0.092597572,0.564477286,-0.107971834,-1.466272932,0.557688142,2.045270027,-0.559291922,1.511560459,1.098314088,-1.365260403,0.867054606,-0.274569494,0.054638525,0.182957598,0.66150243,-0.26777045,-0.952545688,0.606684813,-0.173961327,0.083907619,0.034041758,15.11,0
73884.0,1.104588605,-1.069228509,0.006272293,-0.710276403,-0.917029282,-0.503728027,-0.335229038,-0.173989511,-0.698924659,0.532364816,-0.974494699,-0.954874558,0.090248788,-0.107117869,0.929957748,1.518510307,-0.066512116,-1.234622527,0.867044298,0.458783578,-0.040507322,-0.672569718,-0.129617944,-0.46731878,0.264174176,-0.448582284,-0.02808058,0.046200644,195.75,0
47755.0,1.254840835,0.318760341,-0.525080289,0.88533181,0.545205924,-0.261758787,0.43569855,-0.130495939,-0.121301705,0.014280346,-1.008471203,-0.345301305,-0.572615538,0.685702923,1.073473207,-0.230307669,-0.297847137,-0.456883574,-0.297250315,-0.16582973,-0.020747813,-0.039667755,-0.228617077,-0.776413149,0.86058528,-0.213846021,-0.000668599,0.000778146,20.9,0
37167.0,-7.923890701,-5.198360199,-3.000023922,4.420666202,2.272193965,-3.394483429,-5.283435335,0.131618922,0.658176429,-0.794993882,3.266066016,-2.719184951,-0.124103963,-5.274865819,0.638575003,-2.995830378,-4.698433449,-1.711871225,3.025260992,-2.169810892,-0.734307917,-0.59992626,-4.908301176,0.410170235,-1.16766025,0.520507647,1.937421403,-1.552592839,12.31,1
31659.0,1.027108274,0.347014638,0.058238415,2.646824615,0.28260163,0.495835357,-0.005204291,0.150005296,-0.486966407,0.191299623,0.319642508,0.501414847,0.123250098,-1.198389199,-1.439625248,0.891917744,0.158932925,0.72187884,-0.207427447,0.052784108,-0.098482783,-0.261569809,-0.277299537,-0.570001384,0.687815135,0.103916368,0.005464762,0.03925672,75.08,0
43369.0,-3.365318521,2.426503265,-3.752226527,0.276016598,-2.305870297,-1.961578319,-3.029283445,-1.674461748,0.183961286,-4.980928438,3.657881667,-6.409822355,-1.087310295,-8.509433187,1.432571787,-5.369890011,-9.0690794,-2.819806596,0.874542948,-0.036837326,2.070008164,-0.512625728,-0.248501692,0.126549624,0.104166257,-1.055997326,-1.200164967,-1.012065843,88.0,1
70146.0,1.247585058,0.23698031,-0.09080315,0.946901455,0.092361643,-0.481756345,0.225463284,-0.175926269,0.066447902,0.008573374,-1.176767581,-0.191651025,-0.046624905,0.384438624,1.006090085,0.306526898,-0.718966042,0.151875462,-0.062376521,-0.070646922,-0.012466734,-0.059102837,-0.225744195,-0.446995641,0.782386336,-0.278781888,0.005911687,0.016452565,33.19,0
33860.0,1.229954514,0.198228553,-0.074015229,0.328887923,0.254888646,0.20719548,-0.142204463,0.162668251,-0.103870459,-0.14375574,1.002720589,0.485050643,-0.17407301,-0.025412616,0.757903559,0.656177081,-0.266991943,0.084867316,0.062092377,-0.101014134,-0.270078689,-0.799482615,0.044278984,-0.899057928,0.213449033,0.161815615,-0.014560667,0.007574216,2.28,0
78856.0,-0.909636192,-0.040299654,1.871049349,-2.668295097,-1.195930032,-0.510095728,-0.494499351,0.064124754,-1.68778418,1.292246303,-1.327658813,-2.002948914,-0.619245175,-0.591114374,0.452875198,0.159740139,0.023863198,0.668630351,-0.79505781,-0.141521454,-0.127244936,0.056106303,-0.344116213,-0.171127581,0.481869666,-0.142407744,0.279369289,0.188062301,13.4,0
11635.0,0.919136507,4.199632669,-7.535606594,7.426940375,1.11821533,-2.886722351,-1.341035996,0.363933268,-2.203224431,-4.137840196,4.570112808,-7.629169589,1.733917464,-9.440374995,-0.02335335,-1.233958282,1.632008858,1.315734564,-0.287188855,0.535434663,0.316093599,0.055179227,0.21069215,-0.417917881,-0.911188276,0.466523925,0.62739327,0.157851283,1.0,1
87852.0,-0.154599634,0.612982557,1.700576456,0.618609909,0.237867597,1.0400701,0.326685695,0.073110865,-0.177854712,0.029018713,0.091649474,-0.230311143,-0.47807411,0.176798252,1.562125579,-0.562550946,-0.117698416,1.059770635,3.445042447,0.397061562,-0.270211963,-0.544775835,-0.300031044,-1.192362844,0.042886852,-0.064301802,-0.036405571,-0.14880639,31.23,0
43118.0,1.026157764,-0.268949163,-0.032819534,-0.894990676,0.170710986,1.130679891,-0.631753812,0.589536346,1.263030851,-1.556713745,2.587339364,1.578766252,-0.300919401,-0.854910343,1.564743973,-1.38198241,1.832870447,-0.908884556,-0.789553192,-0.216245526,0.103677261,0.674216495,-0.008016972,-1.096590347,0.332168028,-0.514156283,0.153957814,0.028051007,5.0,0
8886.0,-2.535852117,5.793644147,-7.618462836,6.395829746,-0.065210105,-3.136371964,-3.104557363,1.823232638,-3.87865758,-7.29780335,7.071669137,-10.00104637,-0.207934541,-10.86069805,-1.690825041,-2.360856724,-2.760097015,0.298103416,-1.385557802,0.408704184,0.716719907,-0.448059938,-0.402406879,-0.288835223,1.01175224,0.425964621,0.413139556,0.308204657,1.0,1
57044.0,1.374870781,-0.52867961,0.444037188,-0.853062269,-0.92925972,-0.536333155,-0.666608614,-0.013150708,-0.973539001,0.784434606,1.180182514,-0.100796121,-0.108404153,0.077669828,0.168525017,1.541624437,-0.137204743,-0.944035549,1.02155166,0.085706129,-0.064624959,-0.369913858,0.080358402,-0.017621545,0.23246364,-0.478496831,0.00297442,0.009752616,15.0,0
76256.0,-0.413185701,0.97325462,1.131028002,-0.172396281,0.371011057,-0.002819584,0.511331534,0.259823728,-0.562848405,-0.376947968,1.329781397,0.319398521,-0.427136479,-0.124228709,0.524384583,0.406828755,-0.055191761,0.078339393,-0.034299468,0.084073936,-0.208460026,-0.563978207,-0.019029521,-0.373838375,-0.234300929,0.105966865,0.252654796,0.080697957,8.99,0
136229.0,2.026001336,0.165034725,-2.181705614,1.110965247,0.860705661,-0.981848229,0.816922176,-0.442151616,-0.015468305,0.36490493,-1.488914711,-0.383883629,-0.581493066,0.901479603,0.355024022,-0.216082037,-0.622623453,-0.181026798,-0.179921076,-0.213279572,0.098120411,0.277854761,-0.134226777,-0.789494581,0.52284979,-0.436961093,-0.042460029,-0.064918045,50.6,0
77211.0,-0.808563036,0.308597579,1.63921346,0.186718637,0.401090041,-0.160727539,0.965316029,-0.426119695,0.482129136,0.190971113,-0.34635252,0.148151487,-0.025778035,-0.724080875,-0.064605302,-0.826844758,0.072491197,-1.091501283,0.014902661,-0.00212005,-0.313301746,-0.125678539,0.112480164,0.101097704,-0.006139357,0.207528075,-0.239001951,-0.408355696,41.75,0
153047.0,-2.016601098,1.755229205,-1.096585014,-2.780921811,-0.058657604,-0.841742177,-0.024522635,1.369140229,0.057683802,-1.050935632,-0.84109997,-0.08211841,-1.785027034,1.492246264,-0.996671939,1.177419531,-0.817718011,0.300955697,-0.188185786,-0.251668661,-0.254239508,-1.062956955,-0.069033761,-1.152051549,0.131400086,0.441188177,0.044561366,0.071820708,1.0,0
147158.0,-1.647338834,-1.008488279,2.212589952,-2.039426043,-0.090915257,0.811661722,-0.657143179,0.114847977,0.596738206,0.195690454,-2.249197658,-0.412732596,0.23494761,-1.635857999,-1.243578569,-1.353725419,-0.178621272,1.091456811,-0.404590795,-0.429671135,-0.646307711,-0.828361835,-0.350768034,0.085022467,0.233605199,1.208579545,-0.346293362,0.159868727,52.86,0
50706.0,-8.461844701,6.866198415,-11.83826922,4.194210967,-6.923097097,-3.221146649,-7.553496511,6.015618187,-2.46614344,-6.246243185,2.94398522,-6.512389337,-0.698175947,-7.543645932,0.926455284,-4.330294806,-7.339697964,-2.550900854,0.645904896,0.814710156,0.918244481,-0.715366337,0.210747336,-0.060211474,0.509534595,-0.257283693,1.170026516,0.229300915,99.99,1
133958.0,0.523819919,1.531707857,-4.176390134,3.584614831,-1.023954033,-0.502471058,-1.891965557,0.878416852,-1.541942151,-2.64940583,3.211633653,-2.587499314,0.257070951,-4.683806432,0.912636545,-2.695789729,-3.035165847,0.096814869,2.06569197,0.621803835,0.851859435,1.176926955,0.453553281,0.485211207,-0.500686839,-0.10828411,0.269476549,-0.063245464,130.21,1
48972.0,1.125206925,0.217407624,0.581127563,1.018004483,-0.24628592,-0.145719473,-0.110301047,0.063817018,-0.219665676,0.111407089,1.753505463,1.319087331,0.477883075,0.385458687,0.478518304,-0.037355532,-0.409062785,-0.009167373,-0.639718109,-0.122973401,0.266044304,0.86332305,-0.127354538,0.259229698,0.608779831,-0.210718564,0.042094427,0.012682988,7.52,0
125339.0,2.223320806,-0.642950438,-1.298428042,-0.8687865,-0.58769042,-1.435848592,-0.265901414,-0.465775575,-0.610951623,0.864920047,-0.527887969,-0.342842784,0.713716499,-0.07239781,0.268306785,0.853512305,0.122910943,-1.370124909,0.415785293,0.00036836,0.440005254,1.317464373,-0.019290843,0.122120066,0.219919554,0.064196849,-0.035814895,-0.064189988,15.0,0
132433.0,-10.86789059,-13.91179877,-2.327175288,1.558006279,8.009924049,-4.41412863,-6.435305519,0.472669061,-1.410218878,2.235862109,0.990972326,0.568559075,0.719966846,0.811425374,1.032605625,-1.099762602,1.689104527,-1.306405706,0.695671804,-2.475613445,-0.778638036,-1.038169565,-5.66826964,-0.081274574,-2.035077473,-0.130960532,2.605371668,-3.165287585,59.95,0
158163.0,2.005471474,0.140690576,-1.59722941,0.344701618,0.437668227,-0.644256182,0.143913681,-0.14330172,0.114126645,-0.233608581,1.41845261,1.271459842,0.651455108,-0.774914833,-0.585197792,0.42616321,0.250860965,0.041755649,0.264739773,-0.091165722,-0.288139671,-0.743903029,0.335708721,0.689425443,-0.292076483,0.139448266,-0.063037446,-0.035960812,8.99,0
137110.0,1.982814118,-0.943962742,-1.066341697,-2.069301741,-0.692498129,-0.947084949,-0.389204289,-0.276114913,2.445914228,-1.333755649,-0.94625389,1.295913767,1.450585392,-0.189096947,1.734710149,-0.466071129,-0.694942757,0.583839171,0.942572118,0.049312022,0.253109669,0.927016586,-0.086465093,-0.584764878,0.141462916,-0.715180319,0.071131387,-0.028161571,79.67,0
129189.0,1.918479215,0.458242865,-0.942445404,3.511049027,0.828402489,0.71282289,0.023404229,0.0963735,-1.109766875,1.630787844,-0.0117836,0.312801569,0.181608703,0.291370711,-1.489869963,1.053815278,-1.196883818,0.453998598,-1.173898369,-0.220011832,0.307761686,0.928612829,-0.042881617,0.297427124,0.26951458,0.217049641,-0.04259879,-0.058769862,10.59,0
55488.0,0.820870078,1.664552985,-2.165443981,1.430118777,1.601484631,-0.901622233,0.92495578,-0.133135695,-0.401462922,-1.25645605,0.309622601,-0.468461555,0.63647077,-3.686606931,1.319901147,0.757850187,2.758454159,1.254074963,-0.460237453,0.141445119,-0.165447921,-0.149127552,0.004844457,-1.094351147,-0.397051592,-0.321841868,0.276598114,0.004497372,4.49,0
31805.0,-3.568808009,2.562532717,0.506606671,1.109290125,-2.11074503,0.37717583,-1.872051335,2.190602262,0.225062204,-0.576884378,-1.596906707,0.527841358,-0.771739219,0.856428775,0.063955074,-0.37993155,1.35216948,-0.277221246,0.581061072,-0.762279376,0.187958337,-0.077079373,0.134955496,0.049714728,0.16201965,-0.445737232,-2.168415544,-0.722917327,1.0,0
45854.0,-2.109153403,0.54218392,0.029974799,0.226239566,0.259506161,-0.138953724,-0.19756338,0.954741716,-0.168187298,-0.610648692,-1.60500415,0.448725595,0.401930428,0.398966555,-0.236483143,-0.30600893,0.374173386,-0.662072581,0.27941799,0.041252258,-0.066686505,-0.149424128,-0.378402535,-0.689344535,0.039353691,0.391910491,0.348763819,-0.11745687,59.6,0
132061.0,-0.51460153,1.008861429,-0.148217498,0.572836175,1.877004882,1.191830106,1.316243397,-0.021592575,-0.657361911,0.459075315,1.094099089,0.78587078,-0.051049449,0.406811461,-0.197405117,-1.904223723,0.508566434,-1.190119878,0.113393578,0.020680359,0.199439482,1.100181078,-0.278004338,-1.388142216,-0.203364027,-0.331104325,0.052603762,0.030249083,28.93,0
71493.0,-0.942359087,1.192663477,1.17622323,0.785944208,0.614356306,1.075488259,0.376972487,0.427016621,-0.105034047,0.420125094,-0.184110236,-0.503104503,-1.77863855,0.366384613,-0.081778575,-0.644114339,0.089524574,0.377028475,1.509860429,0.209057155,-0.152597384,-0.187918721,-0.462243598,-1.17361629,0.616519841,-0.061736183,0.305606003,0.167774617,2.49,0
32518.0,-0.643926131,0.872610324,1.621329848,-0.181038988,0.22867734,-0.052149373,0.532825604,0.128489649,-0.711812329,-0.291707506,1.410195273,0.604472711,-0.164418317,0.36730935,0.346122788,0.009320506,-0.341269537,-0.09202091,-0.065672428,-0.073178118,0.123629052,0.287014029,-0.154178738,0.037527228,-0.26376697,0.257213964,-0.054742133,0.102903145,7.8,0
49393.0,-0.795180521,1.020271296,0.942892663,0.005881442,-0.431613837,-0.749918398,0.812803664,0.337016493,-1.152651846,-0.608567225,1.360834841,0.943081397,0.028916852,0.855819712,-0.116660712,0.357873909,-0.363836592,-0.189791718,0.411167857,0.027288613,-0.211500144,-1.01159266,0.45243267,0.475990621,-0.798315444,-0.273010652,-0.055948331,0.096366957,92.6,0
115844.0,-3.621181967,-4.06838824,1.628303447,1.819011687,-0.384119364,3.8160061,0.587624552,1.173062567,0.907145085,-1.209349006,-0.290422071,0.706620829,-0.239215492,-0.868114057,-0.883577675,-1.012545985,0.664961896,0.31221317,0.26324366,2.462374445,0.810584421,0.924154499,1.905110024,-1.022860709,0.872352546,-0.095983128,0.11193825,0.233861502,855.5,0
151761.0,0.177327538,0.826187256,-1.033338315,-0.379493169,0.352127994,-0.544939854,0.256832337,0.419990594,0.214906332,-1.212904779,-1.192517495,-0.519363783,-0.682051674,-0.883513231,0.0255254,0.793635983,0.548577367,0.428502893,-0.538908303,-0.258179047,0.019843846,-0.058384517,0.257779722,0.297304906,-0.898704694,0.232846438,-0.102168866,-0.018107079,32.2,0
87202.0,2.106910847,-0.055489032,-1.378199399,0.227106196,0.288464513,-0.685444389,0.177045371,-0.279667336,0.540940732,0.055904272,-1.313577561,0.387260945,0.53149197,0.16820384,0.1059647,0.042298987,-0.527629521,-0.751740587,0.358687459,-0.183985501,-0.329416557,-0.788008413,0.248654529,-0.766063342,-0.200524873,0.24709665,-0.066381806,-0.067455132,1.98,0
165594.0,-0.818901463,0.193603303,1.83123322,-0.465950198,1.296465877,0.107070256,0.235512078,-0.065603199,0.145509179,-0.752728437,-1.1903432,0.255519469,1.316826458,-0.443897555,1.334099165,-0.066785531,-0.785081413,0.405540738,1.036499698,0.375372361,-0.155746644,-0.384678166,-0.281233174,0.017035096,0.468877352,-0.682595513,-0.07141598,-0.126281203,1.0,0
131691.0,-4.882275904,0.074333358,-0.136623031,-2.971843467,0.024121649,2.139074232,1.623308341,-2.879593369,2.809216382,1.655990637,1.331155144,0.378832604,-0.525814025,-1.509343227,0.4053053,-0.108848158,-1.041353824,-1.399984309,-1.081114957,-2.572910981,0.826832239,-0.512653672,0.65360497,-1.614266915,-0.567423367,-0.088684612,-3.250155258,-0.222901256,232.29,0
76009.0,-0.943046367,0.29190126,1.556616415,1.400483677,0.700846258,-0.123657761,0.117636827,0.295137931,-0.517148498,0.111180117,1.244651124,0.93926869,-0.288781854,0.262320143,-0.46892851,-1.094371193,0.46636618,-0.2221993,0.938703353,0.336699462,0.091224407,0.377263353,0.018955867,0.243596201,-0.114530679,-0.253834363,0.397710306,0.210180969,23.24,0
73877.0,-0.430653665,1.514819004,0.886430569,2.580021731,0.086109946,0.499268026,-0.033465657,0.669655795,-1.577827614,0.91986103,0.187319673,-0.185020607,-0.35123321,0.824802182,0.625959786,0.588636545,-0.391627501,0.925598126,1.289194867,0.131689139,0.014330979,-0.030659901,-0.08536164,-0.531516956,-0.279828231,0.158929006,0.208577219,0.054759241,4.57,0
84525.0,-1.087425467,-0.228925107,1.685082128,-0.413676454,-0.362710061,-0.146251048,-0.883835404,-0.565157401,1.185749177,-0.596094775,0.772956753,0.462541865,-1.019350911,0.227636099,1.444680328,-0.809177559,0.193894474,1.295504044,2.819641025,-0.372606899,0.801620068,0.35783229,0.227198912,0.007660281,-0.364064142,-0.489672581,0.327450076,0.069409243,1.0,0
154175.0,-1.251428649,1.788208988,-0.978116745,-0.516476981,-0.947282011,-0.816499134,-0.411787088,1.042011528,-0.246816032,-2.121806197,-0.565375462,0.663747881,1.617676176,-2.027169161,0.417444202,1.200203272,1.84447458,1.036774733,-0.197523576,-0.289392157,0.387838987,0.952054443,0.042278704,-0.128569114,-1.016217739,1.303925572,-0.410369779,0.053501932,69.99,0
41194.0,-7.896886153,5.381019523,-8.451161615,7.963928087,-7.86241943,-2.376819975,-11.94972346,5.051355673,-6.912076009,-11.58974831,6.645200726,-13.5420956,0.888247919,-12.62331605,1.002755196,-12.43227914,-23.24159715,-8.495298938,3.453942555,0.645974322,2.557943956,0.926277883,0.03279494,0.638072586,0.361887214,0.44457652,1.101923148,0.205958013,1.52,1
153605.0,2.347443965,-1.164550396,-2.99254411,-1.937395081,0.380655911,-0.559831621,-0.025861818,-0.439649631,-2.301573516,1.89351385,-0.194144006,-0.710812018,0.211324641,0.437953391,-1.259627133,-0.915845109,0.170986846,0.464160113,0.65976873,-0.307507798,0.124504993,0.731833036,-0.294912718,-0.238796747,0.757781232,0.306445096,-0.089921206,-0.092910095,64.0,0
78847.0,-0.471005038,0.840384359,1.610212439,0.773549495,0.633836985,-0.723836657,1.443604367,-0.900786538,-0.024983605,0.827886696,-0.129252653,-0.108576905,0.500575369,-0.505675248,1.087046822,-0.611493909,-0.557890434,-0.058275788,0.437864084,0.268413101,-0.040115365,0.630283687,-0.110150885,0.408986462,-0.230980941,-0.420296315,-0.299117929,-0.451580995,21.5,0
149155.0,-0.305286871,1.00953308,-0.099583575,-0.52628199,-0.04069145,-1.209100802,0.581835767,0.291860315,-0.01776024,-0.600226398,-1.288244299,-0.391816202,-1.229515334,0.688149789,-0.300010612,0.088068566,-0.162906425,-0.551621708,-0.08450979,-0.220002468,-0.229391348,-0.68771605,0.154221994,0.002252205,-0.508063093,0.14437912,0.111539561,0.032155115,8.99,0
100924.0,-23.98474665,16.69783169,-22.20987482,9.58496862,-16.23043879,2.596332658,-33.23932817,-21.56003945,-10.84252587,-19.83614885,3.223232703,-10.89513351,-1.523452403,0.116303256,-3.098805327,-7.606424575,-18.10826102,-7.511866158,-1.243285157,5.804550661,-12.61502286,5.774087269,2.75022145,0.5134111,-1.608803804,-0.459624388,-4.626126608,-0.334560721,1.0,1
171304.0,1.913928242,-1.099470365,-2.000808905,-1.79393033,1.517899327,3.513131824,-1.181802114,0.939998369,1.393939963,-0.385654642,0.095927847,0.45428197,0.070746509,0.136211754,1.596715421,0.168345027,-0.598805158,-0.039966412,-0.075231575,0.044453165,0.214124619,0.541156543,0.164143802,0.778470651,-0.323384701,0.719070185,-0.03003594,-0.047482268,70.0,0
9379.0,1.218180491,0.030477413,1.060877821,1.106660427,-0.729870805,-0.28261342,-0.432816587,-0.117127215,2.162049752,-0.709328092,0.084457809,-1.535403513,2.228527746,0.808422184,-1.709727405,-0.543855018,0.949320943,-0.45224089,0.156791492,-0.137626117,-0.291946511,-0.206346547,-0.053911237,0.408175681,0.516303372,0.488168725,-0.025687053,0.007028269,0.01,0
29955.0,1.494672832,-0.824424709,0.160331056,-1.466758817,-1.192364684,-0.933437984,-0.64407726,-0.212239261,-2.416202046,1.604733107,1.361548552,-0.013208101,0.523752635,0.068612052,-0.361647304,-0.384236158,0.359835224,-0.103393394,0.323227908,-0.314821043,-0.511135142,-1.172375653,0.194431251,0.259832568,0.212674764,-0.546055683,0.006914613,0.009548004,14.3,0
151636.0,-0.714533036,0.538229769,0.351561212,-1.439921987,1.659565769,-0.107281006,1.184245714,-0.29460265,-0.181805537,-0.301148533,-0.44254863,0.171687571,-0.017443709,-0.005923999,-1.224476642,0.569938376,-1.435739715,0.137705341,0.341084467,-0.141569217,-0.287197891,-0.722355047,-0.173623108,-1.393928964,-0.115206985,0.103970958,-0.400134289,-0.062394388,0.89,0
127473.0,1.986410888,-0.209695677,-0.27497917,0.376707892,-0.584599768,-0.60634376,-0.46583434,-0.056967234,1.087072064,-0.141350197,-0.340319583,0.755675339,0.49706814,-0.026100517,0.948881161,0.235582627,-0.572325734,-0.228864803,-0.313563728,-0.188759252,-0.11890996,-0.24054488,0.452800654,1.108854968,-0.460477696,-0.674826085,0.031944415,-0.019392701,1.18,0
167891.0,0.137154863,0.96918986,-0.612542198,-0.783664461,1.228156165,-0.19746497,0.87644867,0.066027236,-0.280955496,-0.669241276,0.533943429,0.424124332,0.079296579,-0.865190067,-0.906744659,0.683813898,-0.085354586,0.449802844,0.263755358,0.058057929,-0.323132471,-0.817188985,0.022452613,-0.011115776,-0.375426148,0.128023266,0.217184432,0.069042277,6.24,0
40170.0,-0.352606938,1.038678961,1.261378621,0.075456119,-0.080781263,-0.994675779,0.665627256,-0.016604907,-0.241287478,-0.487313333,-0.391795921,-0.6311064,-0.911514875,-0.223652337,1.00779691,0.433744738,0.065074957,-0.007832734,-0.083926368,0.06258795,-0.27198804,-0.77504251,0.012767522,0.299653386,-0.19206949,0.07543724,0.236551823,0.096513873,9.98,0
133829.0,1.319872302,-1.567330328,0.434713154,1.892664547,-1.684137091,0.469562613,-1.009107255,0.307401626,2.159773317,-0.143896762,-1.707182142,-0.070023068,-1.253733946,-0.559345566,-0.341888309,0.226148583,-0.252415423,0.497413746,-0.604749254,0.212545074,0.334770657,0.70208547,-0.068954865,-0.028094763,-0.367600829,-0.544280152,0.060590811,0.028156604,286.04,0
80079.0,-1.096894925,0.74747929,1.176349854,-0.490303841,0.431853454,1.26723305,0.144652218,0.996667483,-0.148933322,-1.319197938,-0.260488622,0.316498715,-0.944002707,0.374252374,0.172047691,-1.184034625,1.136619255,-2.437053025,-2.016525431,-0.419853983,0.031061113,0.143848165,0.082443509,-0.973717414,-0.375764774,0.199376101,-0.002265808,0.03746271,26.23,0
127658.0,-0.982012941,-0.563739184,-0.167993902,-0.752483046,2.333696655,-1.529269809,0.523013532,-0.555369036,0.573774324,0.631543322,-1.124582684,-0.61072085,-0.400943583,-0.08702719,0.308138934,-0.020020972,-0.961776133,-0.024093624,-0.329368416,0.144730354,0.129938721,0.972883251,-0.221319719,0.558509395,-0.887794899,0.534885804,0.302426133,-0.051991205,19.95,0
144612.0,-1.644752691,1.384526606,0.864965734,-1.588140923,1.13643933,1.316972226,0.691804273,-0.006144728,1.7226798,0.846585969,1.612387209,-0.062350272,-1.17731386,-1.988235357,0.838257832,-0.36945566,0.546421412,-0.444188201,-1.064658501,0.609202417,-0.373249228,-0.234220272,-0.119916703,-1.677634865,-0.40934162,-0.255135913,-0.059882347,-0.235910273,3.78,0
69212.0,-0.392991627,1.036157762,1.127726404,-0.065596379,0.255081796,-1.079720749,1.161416237,-0.408835506,-0.205603286,0.106695919,-0.552817991,-0.660088551,-0.934503367,0.229517433,0.653211978,-0.189353858,-0.350413097,-0.234223616,0.030978775,0.073434005,-0.027657285,0.139805646,-0.160570084,0.390355514,-0.296819239,0.240059792,0.031349975,-0.024555483,8.84,0
110725.0,2.057961337,0.028851578,-0.93096268,0.615522362,-0.070971847,-1.091429574,0.050346366,-0.367857061,1.882660344,-0.294174153,0.192029007,-2.250676336,1.319396913,1.791236097,-0.608447781,-0.175312956,0.522335952,-0.638698644,-0.12613284,-0.300161413,-0.438809195,-0.8923772,0.364071852,-0.084708403,-0.349105083,0.163834102,-0.09660789,-0.067884323,0.89,0
48777.0,1.153829365,0.37407127,0.416640309,1.143964198,-0.144876588,-0.649836473,0.249183661,-0.189517355,-0.232915398,-0.07214372,0.331429587,1.041862536,1.164131969,0.193036539,1.013134608,-0.39520903,-0.099653029,-0.856746643,-0.86455239,-0.080094555,0.098756829,0.395876106,-0.055590531,0.447289585,0.608481247,-0.324473345,0.036291012,0.025204894,17.46,0
128805.0,-0.986821508,0.793950309,-1.002564477,-0.167113621,-0.002863843,-1.090873455,0.252810648,0.5922192,-0.243588094,-0.81372594,-1.1183738,-0.265739844,-1.044276087,1.311859857,0.616158625,-0.227072351,0.064544588,0.228997651,-0.103370695,-0.465266579,0.515301867,1.22371046,-0.049340532,1.065782963,-0.925456119,-0.293393851,-0.01998551,0.000995137,64.76,0
156168.0,1.915129952,-1.243726833,-0.628234172,-0.457546287,-1.044235754,-0.008210802,-0.957488773,0.093398899,-0.191862487,0.973558837,0.528472709,0.435464482,-0.103625079,0.045361901,-0.281348734,-0.956085076,-0.461431387,1.794838494,-0.711146788,-0.404471339,-0.161617942,-0.115489645,0.228759714,0.765257358,-0.473137441,0.567656341,-0.043808551,-0.034996518,98.0,0
95389.0,-4.896016456,-6.482571747,1.951783919,-0.252558617,5.57943149,-2.006045423,-4.398094745,1.023720082,0.484995099,0.042168074,1.755603164,-2.555223535,1.718821851,1.46276835,0.237590424,0.506625322,1.365552532,-0.854369487,0.08099093,1.838992621,0.885191255,0.864521764,0.89972077,-1.68695986,0.63977477,0.213319289,-0.174864998,0.152843801,103.75,0
169373.0,-3.129183993,-0.415794516,0.339644282,2.759736288,-0.758859435,0.886939301,4.171808832,-1.014901646,-1.594470456,0.857394167,-1.098209769,-1.432134174,-0.534748299,-0.161338604,-0.477811443,1.446479128,-1.427526736,-0.139607046,-2.114331102,-1.523840865,-0.427910113,0.659637227,0.414314182,0.096112337,1.330680889,0.232503706,0.561679019,-0.480278802,667.55,0
114737.0,-1.310309944,0.823417786,0.697929947,0.980986355,0.926803103,-0.225017085,0.72440799,-0.181809048,-0.040606439,0.282047664,0.944354121,-0.008612492,-0.429592897,-1.289188252,0.183418528,0.216399212,0.331728178,1.166196863,0.853705567,0.103950383,-0.25516397,-0.173350736,-0.590414913,-0.448393586,0.79362274,-0.410456401,0.018489121,-0.043846543,73.0,0
26523.0,-18.4748679,11.58638052,-21.40291681,6.038515416,-14.45115814,-4.146523506,-14.85612367,12.43114047,-4.053353287,-9.040396249,5.966202507,-8.46396613,0.078692132,-9.092532652,0.010822097,-7.186375508,-13.7974745,-4.95849391,1.32116656,1.577924401,1.741135596,-1.251137949,-0.396219126,0.095705556,1.322750943,-0.217954565,1.628792531,0.482248275,99.99,1
57784.0,1.532103242,-1.036296398,0.212608114,-1.422678131,-1.372764751,-0.75652878,-0.942606667,-0.190603162,-1.727457777,1.452948538,-1.018281472,-1.341070243,0.023822009,-0.222465914,0.666198693,-0.228712207,0.360701805,0.191480096,-0.056953505,-0.325723168,-0.246640549,-0.366489379,-0.030292753,-0.152637563,0.430478639,-0.174587314,0.023520634,0.016678406,25.0,0
66797.0,1.085225919,-0.048458671,0.92259452,1.027044045,-0.480255369,0.455454317,-0.595075633,0.333623087,0.226142134,0.14371564,1.096893832,0.527999655,-0.535841575,0.377265544,0.973804607,0.632639811,-0.721163892,0.41208391,-0.567843189,-0.134413546,0.078930415,0.17658097,-0.002790328,-0.33602479,0.237722239,-0.400430175,0.058857954,0.023991343,25.0,0
50473.0,-0.424805142,0.600847126,1.767803385,1.1284956,0.264062746,-0.636429282,0.786458384,-0.193878723,-0.478211782,-0.005499218,0.168854705,-0.275322976,-0.788276399,0.323623451,1.315862173,-0.701741365,0.198511318,-0.623608929,-0.083340616,0.09945183,-0.00562821,0.046334231,0.157955809,0.56298225,-0.651220853,-0.573474263,0.008012894,-0.045400313,34.98,0
1081.0,1.405691455,-1.717452768,-0.766012122,-2.096124972,0.57136621,3.904354476,-1.811261351,0.941271151,-1.134769572,1.21740169,-0.919447527,-0.665536569,0.239276673,-0.87772083,-1.139949605,-0.799688413,0.650304609,0.129440121,0.639983833,-0.120335117,-0.308234566,-0.461254463,-0.121041083,1.023236248,0.666262479,-0.080959895,0.056200383,0.02396242,71.73,0
81898.0,1.323277103,-1.106739643,0.199867735,-1.281004533,-1.419925732,-1.142255895,-0.479291543,-0.365490522,-2.169263647,1.360539213,-0.232472267,-0.456822263,1.077260679,-0.232368659,0.442527396,-0.446072646,0.528799015,-0.63459894,-0.012479561,-0.079526083,-0.575067022,-1.566084162,0.190065319,0.307622579,0.068576166,-0.654371889,0.001656737,0.044372785,119.85,0
69995.0,1.444964821,-1.445594672,-0.025894174,-1.386572177,-1.195065064,0.092784832,-1.073729491,-8.72e-05,-1.14530775,1.288890701,-2.281731472,-1.762348592,-0.694503979,-0.475571518,-0.314573475,-0.35217564,0.469088251,0.194825514,0.692434944,-0.240057544,-0.510774006,-1.154548227,-0.111332269,-1.067592808,0.445009364,-0.248478077,0.022086669,0.018664524,86.58,0
28428.0,-0.420642294,0.783735939,1.247097049,0.299291596,0.738986587,0.042305615,0.739221616,0.081675254,-0.190788164,-0.739186171,-1.135510769,0.317956286,0.230112618,-0.203762567,-0.7093138,-0.422122693,-0.182803299,-0.784107823,-0.73177255,-0.16740006,-0.058085826,-0.006187652,-0.258545675,-0.424212285,0.403150738,-0.430346906,0.034073215,-0.001499618,4.99,0
133965.0,-2.431242861,-0.803836252,-0.573239282,-0.529974103,1.320117025,-1.510291302,1.194309148,-0.135523826,0.155228421,-0.384083471,0.652013348,0.671317971,-0.804761752,0.646433931,-1.08135816,-0.692174357,-0.333061653,0.044102915,0.595310426,-0.934368311,-0.162190863,0.813679618,1.168123185,0.023745519,0.462917254,-0.510300144,0.310086191,-0.357570615,75.86,0
133076.0,-9.27620663,-5.371423035,-3.343603624,1.443493114,2.389441512,1.29607034,4.023823279,-1.971074961,0.836081589,2.23059217,1.440249318,-0.130459226,-0.139842648,-0.506620224,0.825836752,-0.458511738,-0.707030976,-1.491360711,0.106441387,-6.523949,-1.823090173,1.65817608,-0.233714565,-0.580698746,2.087286504,-0.036315495,-1.994623132,2.284892602,446.5,0
72839.0,1.021998412,-0.378064469,0.422859986,0.896149503,0.09274232,1.562505359,-0.615868628,0.408395419,0.481106689,-0.011267301,-0.246231012,0.818909321,0.834616235,-0.223927213,0.213193663,0.678827271,-1.048539299,0.765141436,0.063259429,0.124739984,0.152080469,0.43541482,-0.373806552,-1.675270476,0.61689816,-0.134490975,0.064077399,0.022164381,99.0,0
84968.0,-1.006518982,1.091196075,2.0114309,-0.124533503,-0.305990965,-0.482209768,0.262917422,0.334424733,-0.407562249,-0.485029319,1.172845288,0.780462064,-0.115156062,0.251377268,-0.172457062,0.855607248,-1.038509467,0.560448865,-0.96100763,-0.221725935,0.114868467,0.217152241,-0.092450245,0.488473819,-0.278051264,-0.784454167,-0.296318343,-0.154554932,0.0,0
36806.0,1.080964024,0.472683086,1.203318125,2.584188182,-0.47470622,-0.183383363,-0.172001202,0.05219458,-0.613709888,0.60724409,0.183857056,0.378355197,0.384894681,0.094843052,0.830031311,0.407729806,-0.263934582,-0.75097745,-1.681037121,-0.159921851,0.08780501,0.274034611,0.092272059,0.599645741,0.244219705,-0.018716137,0.027504449,0.0331319,7.81,0
165493.0,-0.566810834,1.097986587,-0.358672826,-0.795828269,0.214572922,-0.58880327,0.439574674,0.497116229,-0.064190731,-0.129967971,0.126953153,0.216035224,-1.202809824,0.787275849,-0.910570012,0.324193075,-0.516965049,-0.035682649,0.257446133,-0.085302814,-0.232783902,-0.647574778,0.086275121,-0.510740572,-0.450459069,0.161872486,0.226315431,0.068049949,8.9,0
122259.0,2.135313479,-0.241899408,-2.06465783,-0.121986092,0.760943895,0.018119205,0.040696184,-0.078450112,0.419610816,0.317390689,-0.296440999,0.15688878,-0.564796312,0.567048578,-0.558491386,0.199744418,-0.849011345,0.625625736,0.621753447,-0.19010299,0.298882076,1.009639695,-0.207750987,-0.250212557,0.453383771,1.024635476,-0.108854566,-0.095081221,2.99,0
41327.0,-0.984743487,0.434648123,2.313879429,0.100950274,-0.582162493,0.325657326,0.54275945,0.158907419,0.136754386,-0.7418854,-1.144597192,0.390802035,1.017681839,-0.744431762,0.00294594,0.141718097,-0.355290205,0.034236229,0.332668675,0.495124505,-0.033857132,-0.021188981,-0.034392808,-0.072461375,0.380506266,0.391607924,0.261333586,0.143300002,126.38,0
71812.0,1.533117641,-1.02368439,0.118616228,-1.629553917,-1.096950257,-0.23481748,-1.030669466,-0.049796892,-2.043595107,1.611648389,0.476751178,-0.479533261,0.524533897,-0.153396438,-0.069684344,0.037272569,-0.040056979,0.726881414,0.356179286,-0.291561814,-0.216847147,-0.265562391,-0.080395293,-0.520975726,0.466011115,-0.17232615,0.024730155,0.002468192,14.44,0
44663.0,-0.507661751,-0.313847077,2.289158093,-2.724627446,-0.916208912,-0.210389545,-0.324723604,-0.037518837,-2.216113039,1.226255761,0.73671212,-0.857234426,0.181364232,-0.67366797,-0.358152633,0.210728338,-0.308021384,0.993786103,-0.544175742,-0.096782769,-0.08612021,0.325134182,-0.388473737,-0.017482722,0.397903063,-0.194391908,0.143097819,-0.108033296,7.6,0
144496.0,1.967561273,-0.315768701,-0.918378825,0.70401185,-0.162848883,0.099580126,-0.607356646,0.02496476,1.423515595,-0.653198671,-1.136367003,0.850429107,1.21701578,-2.069476515,-0.896970862,0.13258865,0.687301749,0.312853944,0.00740303,-0.036124197,0.140465211,0.847716258,-0.025810937,0.510491282,0.0956911,0.751023456,0.002906659,-0.019388591,23.6,0
111606.0,-1.83158067,2.186180248,1.166437763,1.722029756,0.699722405,0.507703674,0.017845865,-2.994136255,-1.522471175,0.908642171,0.284448183,-0.188683765,-1.482434092,0.667500247,-1.847844853,1.9613503,-1.453874042,-0.080161846,-2.550971108,-1.177321566,2.722678468,-2.32210443,0.614706789,-0.157657548,-0.682019959,-0.876460609,0.122571901,0.195778472,19.69,0
111143.0,2.103683391,0.030502942,-1.438682434,0.32822595,0.350530668,-0.731849295,0.022085446,-0.319947713,2.155384049,-0.450025988,-0.158018298,-2.655906064,1.090269791,2.023155941,0.25537887,-0.181604764,0.117298983,0.557771665,-0.27677487,-0.302896582,0.087941391,0.618465206,-0.001470331,0.418123924,0.344581857,-0.473182597,-0.027784193,-0.057567566,1.0,0
119933.0,-0.462081604,0.472234365,1.010394582,-0.381421621,0.767349746,0.133061087,0.591119622,0.057816711,0.335017698,-1.132861089,0.478736084,-0.077297694,-1.396122435,-1.660741642,-1.952128748,-0.089300386,0.825729606,0.881013419,0.285432127,0.012837128,0.107849154,0.670407931,-0.645752101,0.745287768,1.057465411,0.907018657,-0.266892416,-0.27799751,9.1,0
47701.0,-0.36363251,1.3513267,0.10191986,1.125739026,0.120741944,-0.439492118,0.426813307,0.492825966,-0.995569635,0.235040575,1.247905153,0.36746777,-1.085407684,1.283451793,0.404317148,-0.649959541,0.291039159,0.0641457,0.535569138,-0.106260338,0.27290984,0.840715537,0.097685407,0.218089293,-0.956690373,-0.3497528,0.382976576,0.22827827,1.99,0
37474.0,1.190604066,0.24398756,0.018605414,0.560629687,-0.16351796,-1.218761974,0.540465731,-0.380335753,-0.312684622,-0.101021367,-0.071919021,0.704659577,0.827144081,0.335243021,0.680423178,-0.003766586,-0.293247489,-0.968255084,0.087830949,0.046158471,-0.345521748,-1.102626019,0.095330215,0.409790101,0.295025242,0.130175073,-0.067957511,0.019686333,54.95,0
78329.0,-0.245829756,-0.583102925,0.302609362,-0.646494386,-0.468178661,0.099984416,0.034904061,-0.093658756,-1.306131783,1.019787115,1.406168002,0.181603733,0.936295773,-0.231821067,0.456345763,0.711589625,0.337642313,-1.048560252,1.548875658,-0.073035908,0.309467332,1.166415983,0.528722835,-0.251284861,-1.055113756,-0.264614737,0.066291467,0.054938561,117.26,0
46136.0,-0.5231167,1.058685918,1.125629385,-0.130392218,0.226451734,-0.482730233,0.583013008,0.0687723,-0.527745549,-0.22620408,1.163992864,0.380029337,-0.130432691,-0.243620652,0.253351116,0.675794908,-0.356837016,0.485804936,0.329174151,0.104780243,-0.220357116,-0.654430006,-0.022941638,-0.055401118,-0.157153996,0.063937306,0.10782161,0.082275392,8.43,0
36514.0,-1.308242224,0.954849269,1.671036872,1.845145628,-1.16210946,0.489589164,-0.81861026,1.204376225,0.406434288,-0.894188009,-1.360247672,0.540801753,-1.148933822,0.049551494,-1.381835758,-1.448252614,1.647090491,-0.976721849,1.178162721,-0.358088779,-0.196442916,-0.424053373,0.082471499,0.381978766,-0.44725115,-0.4632276,-0.117712624,-0.019287701,12.78,0
53040.0,1.050177521,-0.162365637,0.823612162,1.273685087,-0.742480821,-0.11501153,-0.438180751,0.175778427,0.580587746,0.006691024,-0.53727886,-0.631033081,-1.54710625,0.432977944,1.645966069,0.256438639,-0.241069109,0.03902923,-1.020575356,-0.157339078,0.212468036,0.511686046,-0.093392045,0.05200623,0.381680559,-0.214940468,0.043534737,0.034898492,58.28,0
18690.0,-15.39884501,7.472323897,-19.02691234,11.16552584,-6.89385628,-2.120936575,-14.91332999,-0.721214094,-7.175096615,-14.16679466,10.27776886,-14.98543373,0.345179234,-14.66638897,-0.346352542,-8.333242496,-12.60259646,-4.876683421,0.604625911,1.111502215,-2.444883682,0.727495341,-0.345078151,-0.981748551,0.995271346,0.816761718,2.262942374,-1.178063163,1.0,1
125695.0,-0.163409619,-0.008858759,0.533501412,-0.646320591,-0.338832199,0.003659167,0.969870964,-0.058462368,0.630883718,-1.05081324,-1.609135191,-0.091215031,0.355186754,-0.15939822,0.666023561,0.413018841,-1.059314752,0.785456346,-0.314161287,0.241390261,0.367611899,0.875163661,0.201709657,-0.67642453,-0.144781355,-0.602449541,0.0694265,0.069332589,190.0,0
125919.0,-0.902519822,1.535399502,-2.260743534,-0.353913325,0.447510077,0.673682996,-0.297996331,1.443472048,-0.63160735,-1.389990093,0.910248306,1.075077445,0.383927024,0.121727963,0.689266674,-0.01867498,1.313924838,0.145769071,-0.809690548,-0.585322105,0.514424072,1.266644298,0.033817577,-1.700996916,-0.390298907,-0.056659716,-0.493273961,-0.249620884,48.02,0
150950.0,0.096100967,0.981912914,-0.255413852,-0.67731794,1.160323394,-0.73575976,1.351571411,-0.513245363,0.508743634,-0.091591799,-0.655751499,-0.548758532,-0.444177977,-1.428240663,-0.107033862,0.200189135,0.132821671,-0.199645687,-0.206164196,0.259866312,-0.490018203,-0.85982596,0.017397049,0.45914068,-0.422290037,0.068648651,0.007199028,-0.30825746,11.96,0
149843.0,-0.364015156,1.806041247,0.08086187,2.868429224,1.033939646,1.545921474,0.093361251,-0.346535905,-1.115111867,-0.286879757,0.445046913,-0.423132582,0.520045763,-3.604114896,-0.919233092,3.075827168,0.622673414,2.364528691,-1.91749623,-0.264488277,0.707089544,-0.444319799,0.086525571,-0.481711635,-0.606543829,-0.244688757,0.051685522,0.070320657,71.88,0
132976.0,-0.021324332,0.632735428,-0.241153647,0.146302059,-0.629692242,-0.816417459,0.254467508,0.400073185,0.516695061,-1.361311449,-0.871807182,-0.335035558,-0.847982413,-0.822440921,0.610265359,0.617882279,0.663567369,0.618087402,-0.058767362,-0.097468978,-0.120009665,-0.563846727,0.531880422,-0.15249008,-0.953015076,-0.713147824,-0.057859615,-0.015929631,100.99,0
41204.0,-8.440283963,6.147653324,-11.68370616,6.702779571,-8.155839297,-3.716264156,-12.40731306,5.626571296,-6.232160894,-13.38668344,7.605559474,-13.35181502,0.827049643,-14.97947735,1.532813084,-11.77149697,-20.29921651,-7.60911006,3.809136436,0.52073233,2.19285542,-0.282596815,0.008068498,0.403858337,-0.018788393,0.522721636,0.79269069,0.067789546,30.26,1
37884.0,-1.070084301,0.886015363,2.105303191,1.626175578,0.401583011,1.215097398,1.246252078,0.073034286,-1.528862098,0.431099313,1.578097529,0.217203891,-0.267486307,0.192309674,0.303875321,0.182382428,-0.399656642,-0.537443578,-1.188675595,-0.035594823,0.021696757,0.133356562,-0.155502087,-0.315969315,0.097850495,-0.062196856,-0.166942776,-0.199264203,147.88,0
4861.0,-0.85979356,0.859531406,2.660165727,1.935880806,0.118829986,0.81046042,0.173723986,0.142050147,0.9450617,0.201428689,1.68774801,-2.74635892,-0.115526364,1.250262504,-1.855555815,0.227332591,0.335876375,0.401903591,-1.344888724,-0.271273324,0.078257243,0.608927928,-0.169812479,0.135769303,-0.339481196,-0.063409722,-0.331343895,-0.074747564,14.4,0
126808.0,-1.109743816,0.81798941,0.238591265,-1.807376957,-1.64098247,1.034961611,-3.757948311,-7.891990099,-1.136361192,-1.706531597,-1.34073735,0.143968201,-0.420017899,0.547929445,-0.788313094,1.949094506,0.24217498,-0.986772223,-0.923635222,1.837613909,-3.416221794,2.261146462,-0.053122427,0.000489215,0.848469168,-0.01901049,0.06837757,0.288450098,78.29,0
63714.0,0.821898862,-1.160532246,0.680090383,0.376061307,-0.600454372,1.977131354,-1.085160538,0.740597958,-0.565344741,0.648358012,1.539502924,0.489912493,-0.978440488,0.303677116,0.838262829,-2.450407472,0.957401423,0.135910388,-2.407388947,-0.483650702,-0.008080223,0.393944163,-0.035100568,-1.050636878,0.096621476,-0.12116635,0.114462222,0.028901757,135.0,0
137474.0,-1.911297753,-0.061273449,-0.542005865,-0.840516527,1.686414043,0.639107686,0.477822963,0.250043792,0.553407355,0.704388813,0.85447628,0.540522559,-0.556327337,0.137276388,-0.042849763,-0.506317233,-0.133573034,-1.400619389,-0.49629549,-0.782109377,-0.498908716,-0.179514059,0.910807932,-1.646055962,-0.346689151,0.296204283,0.491178443,0.005632273,4.48,0
64443.0,1.079523978,0.872988039,-0.303850487,2.755368851,0.301687623,-0.350283737,-0.042847968,0.246624608,-0.779175596,-0.157696446,1.928567632,-0.935863286,-2.431446445,-1.633472024,0.534336653,1.425605504,1.593528786,1.178467846,-1.568697558,-0.252115099,-0.023254785,-0.158600834,-0.038806158,-0.060327255,0.358338898,0.07698357,0.018935832,0.060574149,0.0,1
76697.0,-7.365748029,7.473345287,-5.695923471,-0.396499583,-0.138418432,-0.03951982,-0.049325751,1.379078105,5.597686407,8.797988505,3.95823722,0.434743685,-0.789914292,-5.436291437,2.055514287,-1.009941378,3.496518421,-0.389967672,-2.507415589,3.739156811,-1.237468481,0.116716251,0.457310269,-1.507903013,0.410429938,-0.621618957,-0.793583772,-2.736672018,0.79,0
145146.0,1.533733063,-2.616478726,-0.986536607,-1.14098676,-1.946067848,-0.698183435,-0.742798756,-0.300924772,-1.093398009,1.366490553,-0.949625832,-0.675109107,0.618868557,-0.472520052,0.011402385,-0.456178215,0.506197467,-0.01672474,-0.414829161,0.33599653,0.093799057,-0.046350287,-0.069587193,-0.010832036,-0.435139837,-0.214004805,-0.041336675,0.02152119,396.0,0
123074.0,-0.516949844,1.105487555,1.298771056,1.896219546,0.988478462,0.664893506,0.532184358,0.281574432,-1.249715421,0.682858257,-0.009473154,0.219064741,0.041024032,-0.178690798,-2.386294214,1.759110732,-1.811138326,0.652277651,-2.900533881,-0.36116323,0.535173418,1.428552109,-0.098119152,0.754931252,-0.823293585,-0.2525159,0.07394937,0.257013258,8.0,0
51698.0,1.091009789,-0.004648726,0.23933934,1.230831511,-0.03613004,0.321456526,-0.065993668,0.196787651,0.186144584,0.058101742,0.715963061,0.634421324,-1.049426647,0.42723359,-0.668601223,-0.385238412,-0.054552052,-0.260049618,0.042860961,-0.16970901,-0.065288596,-0.092381534,-0.128583956,-0.310551191,0.636496569,-0.309841197,0.024554677,0.005414216,36.0,0
57164.0,1.109667881,0.034167116,1.289318524,1.2779512,-0.65310543,0.308299006,-0.529271745,0.139274708,0.647070283,-0.292884012,-0.297612073,1.41292909,1.603502724,-0.647573361,0.255927718,-0.289043798,-0.060483104,-0.706413441,-0.580770561,-0.062634341,-0.016131914,0.270937593,0.005695321,0.128126711,0.395704113,-0.384942028,0.099231158,0.038451747,9.99,0
41313.0,-13.89720587,6.344280456,-14.28166644,5.581008997,-12.88713316,-3.146176367,-15.45046722,9.060281474,-5.486120777,-14.67647025,5.148351721,-10.74959199,1.585488968,-9.798012077,0.733276999,-12.6752689,-20.74066372,-8.153668026,5.22834179,-1.025227924,3.058081838,0.94118029,-0.232710298,0.763508019,0.075456239,-0.453839572,-1.508968257,-0.686835739,9.99,1
59596.0,0.418306518,-1.45563407,-0.882723803,0.257396468,-0.429078017,-0.607480629,0.888571669,-0.330874155,0.077651454,-0.336790238,-1.16359145,-0.511182633,-0.623367614,0.657994718,1.083279859,0.507129912,-0.488280811,-0.481971128,0.494421651,0.900427901,-0.220222512,-1.844494348,-0.333169564,-0.564984541,0.018712875,0.632757067,-0.201130291,0.077620494,498.94,0
59904.0,-1.019998177,-4.463244411,-1.290105426,0.248018397,-2.030720689,-0.196264434,1.208116163,-0.429540712,-1.277742868,0.296218144,0.874791754,0.312648622,0.212880195,0.667214806,0.355294245,-0.862499094,-0.331600635,1.762003779,-0.742053338,2.061599499,0.394239743,-1.254054603,-1.102118472,0.089307306,-0.177694024,0.911658624,-0.30685353,0.207323177,1253.0,0
120396.0,-1.303149912,0.187865084,0.9443948,-1.277833943,1.236744388,-1.301696275,1.402233932,-0.55891391,-0.041603556,-0.694289381,-0.806051395,0.277924651,0.343193447,-0.268239913,-0.927519385,0.15371463,-0.885167335,-1.04041559,-1.13325489,-0.251345948,-0.27417503,-0.65682586,-0.164984906,0.001284167,-0.001841605,-0.024050042,-0.436871846,0.051704753,59.99,0
28191.0,-1.214382059,0.774645839,1.902105626,-1.206848988,0.049239212,-0.313639362,0.483044316,0.18347228,-0.042274981,-0.561876088,1.2042642,0.12881141,-1.445712742,0.278438792,-0.394018324,0.820398322,-0.956469337,-0.038501583,-1.989396779,-0.417236113,0.217852574,0.34396293,-0.098391496,0.192804217,-0.165710275,-0.010551302,-0.376458552,0.100797219,2.52,0
163698.0,-0.471654792,-0.427812772,-0.365093624,-4.190266206,2.177720225,3.349247879,-0.241569477,0.797762283,-2.817542311,0.532654563,-0.31130257,-1.409670832,0.06702065,-0.054232591,0.00815689,-0.525391973,0.110870541,0.02338214,-1.004235881,-0.276447561,0.068036842,0.399962469,-0.518089228,0.713533227,1.007223853,0.130776737,0.012168953,0.027481365,15.0,0
132600.0,-1.01887557,1.827618148,-1.46423143,-0.778318174,0.50291511,-0.366279318,0.125881894,0.94135992,-0.2934567,-0.513096227,0.54772248,1.009062825,0.474478547,-0.418257346,-0.953442109,0.760464615,0.338635693,0.306525914,0.053488351,0.092027722,-0.280443725,-0.802413388,0.167504105,0.118475205,-0.255333031,0.135072846,0.189326127,0.056661633,1.98,0
64659.0,1.187645516,-0.570626139,0.827280994,0.050756843,-1.317497541,-0.640563062,-0.657251466,0.069218282,1.254716597,-0.303395668,-0.988305434,-0.643207544,-1.871853474,-0.004346409,0.374593237,0.141597042,0.123604798,-0.175628787,0.263915245,-0.11671271,0.01570775,0.103493827,-0.059571412,0.472923215,0.194597119,1.535115931,-0.091465768,0.004181995,37.85,0
122955.0,1.86550545,0.021419311,-2.39864431,1.063368091,1.183163698,-0.568161123,1.042569308,-0.517619991,-0.360643549,0.259845274,-1.182593462,0.693770897,1.586387395,0.479253307,0.129409777,-0.220733217,-0.818059993,-0.301525128,-0.14458582,0.14987774,0.168229478,0.324339907,-0.211532458,0.079550578,0.592925513,-0.494102859,-0.05433654,-0.03636245,144.0,0
163048.0,2.090963242,-0.259710068,-0.942076707,0.181659814,-0.168037392,-0.561702805,-0.25131894,-0.17311267,0.916680695,0.041974518,-1.422269147,0.204721749,0.370479717,-0.039855114,0.34914497,0.34517067,-0.667985088,-0.187794446,0.179949314,-0.179489194,-0.065054071,0.004460048,0.149995449,-0.610297463,-0.187779275,0.579317557,-0.054079452,-0.063247845,1.0,0
5949.0,-2.121690425,1.265868446,-0.571912522,-1.698464129,1.220196548,3.999816515,-1.564936295,0.282597279,1.649299257,-1.073329247,-0.058183837,-2.148053367,1.54720063,1.668534694,-1.124768895,0.715221706,0.407743424,0.574976099,-0.290026608,-0.354857875,1.441022125,-0.549720121,-0.013363836,1.011356024,0.086517905,0.987625236,0.259061279,0.04839582,42.77,0
150689.0,-0.498441818,-0.664340454,-0.689633336,-3.877358893,1.907973747,0.726240616,1.250426579,-0.378314439,-2.679557468,1.107360254,0.456154305,-1.391947461,-1.056171712,0.084027845,-1.403008304,-1.594875025,0.449503306,-0.921934927,-1.734235067,-0.472963008,0.149181153,1.114308103,-0.618753531,-0.921386073,0.765602445,0.146289463,-0.412374233,-0.368712987,64.89,0
76474.0,-3.892807243,-9.230136796,-1.490538673,3.146888643,-4.27120561,1.238651311,2.361066161,-0.452144118,0.243064831,-0.840502249,-1.676617375,0.329765539,-0.136081877,-0.320065595,-1.513946643,-1.881896469,0.808926687,1.35495984,-1.163774184,4.772591537,0.948333744,-2.376372321,-2.254423055,0.488019726,-0.575884071,-0.703468721,-0.38836229,0.499309529,2658.84,0
133605.0,-1.900945164,0.52818493,-0.720067666,-0.093268429,0.859964098,-0.065773761,1.059952633,-0.07388544,0.231894361,0.619117034,-1.3495679,0.235497608,1.019292759,-0.189519935,0.191816089,-0.489731264,-0.169101462,-0.568214404,1.454366744,-0.226874264,-0.508843964,-0.26786591,0.660364284,0.078027323,-0.209365248,0.410888626,0.30596163,0.059483788,89.44,0
126432.0,1.888456745,-1.10565085,-0.740286413,-1.506220036,-0.923368704,-0.356054191,-0.790165417,0.10382044,2.20789728,-0.813332376,0.818447783,1.09497737,-0.627498996,0.156052921,0.453514699,-0.238829642,-0.480615665,0.903985008,0.841336305,-0.061360091,0.328364127,1.036873305,0.040354924,0.818197242,-0.08429278,-0.124396636,0.013463555,-0.037124981,72.64,0
159844.0,-0.408110817,3.132944498,-3.098029764,5.803892615,0.890608919,-0.501474323,-0.440054283,0.591828269,-3.267693259,-2.223070328,0.757063214,-3.501803779,0.246742224,-6.06562188,0.339583134,-1.005723154,0.334315624,0.421261362,1.247142631,0.499567913,0.098482322,-0.538374705,-0.217988987,-1.042656617,0.314388821,0.543243576,0.233851015,0.119603461,45.51,1
26935.0,1.049497313,0.206236525,1.397667453,2.463078466,-0.301835045,1.163181263,-0.661401818,0.407878206,-0.296628732,0.583259856,0.857765981,1.412743445,1.085342536,-0.42503024,-0.846441084,0.570379169,-0.569206483,-0.179259812,-0.796887176,-0.088501289,-0.011732867,0.157430287,0.002720153,-0.276403303,0.272933806,-0.015464245,0.060884274,0.022480127,7.57,0
3337.0,1.248759405,0.306506356,0.291629377,0.701385351,-0.420039971,-1.08391461,0.057846218,-0.176478,0.107576651,-0.269743622,-0.150958452,-0.030108241,-0.272293467,-0.187380534,1.149130955,0.502361467,0.023412456,-0.237291298,-0.196292622,-0.105179716,-0.291084142,-0.872694054,0.13209827,0.331902228,0.197833008,0.095679494,-0.02703352,0.030398344,5.49,0
67324.0,-0.303560589,1.07795522,0.833456747,-0.331220607,0.689890357,0.021417364,0.618177916,0.123554253,-0.640842277,-0.354858476,0.51703526,0.454095753,0.670576972,-0.388729656,0.231316197,0.899289719,-0.691440305,0.684923575,0.635131871,0.193130525,-0.283103909,-0.756325853,-0.1738389,-0.876956606,-0.019779717,0.125320085,0.242693787,0.077294482,4.49,0
152058.0,-3.576361778,3.299436221,-7.460433197,7.783634177,-0.398548658,-1.968441448,-3.110476193,-0.328403695,-1.574362845,-2.497560547,4.604170478,-9.001914856,-1.276324005,-13.96947063,1.256945353,-4.491629225,-5.969986931,-1.27466622,1.147783612,-0.181455201,0.540730752,0.719526342,0.379248749,-0.61696186,-0.442810814,0.359840689,-2.651824875,0.422184392,1.0,1
160784.0,-0.206205672,1.072102017,0.374799552,-0.544686486,0.185445264,-1.384754512,1.015533391,-0.235605027,0.083273426,-0.107973412,-0.487900737,0.409104418,0.165324826,0.021615819,-0.444700749,-0.248876217,-0.276884009,-0.931169336,-0.274141975,0.086713799,-0.260958092,-0.496929742,0.12476759,0.455425064,-0.487421271,0.115981017,0.355384346,0.162755948,0.89,0
61789.0,-0.41603948,1.211187903,0.994723264,-0.224185299,0.536690344,-0.470445469,0.923595465,-0.245696402,-0.038527351,-0.001237769,-0.806510827,-0.309020368,0.483015757,-0.807596598,0.974427479,0.514038169,-0.423904301,0.062098782,0.196904707,0.354700093,-0.398829943,-0.819021217,-0.145409136,-0.503692087,-0.014281259,0.099468477,0.19112222,-0.073279792,8.96,0
124850.0,1.890553753,-1.154275685,-1.556494348,-0.528148478,-0.530249667,-0.649398213,-0.199367689,-0.250252487,-0.80454687,1.08501729,0.31312665,0.254977268,0.134886827,0.495446148,-0.109541456,-1.064984406,-0.636459425,1.809343209,-0.592895149,-0.292515604,-0.028839563,0.124104452,-0.071303357,-0.458477777,-0.09912725,0.79018975,-0.095309142,-0.053614968,156.25,0
61681.0,1.176697984,-0.068666101,1.126233392,1.262389589,-0.839223523,-0.00271816,-0.591772813,0.13474269,0.971433844,-0.190818521,-1.173716753,0.16940455,-0.268693971,-0.308408538,0.24477548,0.199937684,-0.357806634,0.099632008,-0.073723112,-0.144485589,-0.089867069,-0.069756901,-0.044791164,0.025750764,0.450355067,-0.385798707,0.06949668,0.034019284,9.99,0
149562.0,-0.034268441,0.623019601,-2.387346821,-0.280783735,0.577529686,-0.912826552,1.748768349,0.006801463,-0.499615048,-1.225347737,-1.256336745,-0.593155037,-0.730342811,-0.309010145,-0.642761141,0.109757153,0.704946987,0.188578373,-0.296390957,0.119295793,0.271355573,0.388706671,0.411971746,0.400785896,-0.190436331,0.52635076,-0.229222102,-0.03466352,212.58,0
81518.0,-0.35768419,1.081284054,1.181572868,-0.132332486,0.255533522,-0.473295072,0.598969213,0.092646072,-0.638932008,-0.341947542,1.202236386,0.527611203,0.138852131,-0.262253181,0.211875344,0.671855706,-0.364108424,0.45694154,0.322177422,0.134317643,-0.23422034,-0.632995456,-0.073000028,-0.046472728,-0.146105995,0.074660786,0.242396944,0.084748501,1.29,0
73408.0,-2.869794946,1.335666962,-1.009530198,1.693884729,-0.741479895,-0.796772696,-2.614241877,1.066636468,-1.135496522,-3.943336821,2.572830216,-2.2886635,0.562084178,-5.33871421,-1.853251891,-2.619233054,-5.231425127,-1.234853737,0.397308037,0.01155721,0.528421373,0.228027081,-0.749297963,-0.067178963,0.215792485,-0.453651012,0.349191043,0.198862268,16.48,1
134080.0,-1.76847657,0.180200041,1.079703693,2.397511184,1.953935077,2.580934255,0.115580998,0.471399423,-0.582194069,1.585506067,-0.123210565,-1.341370793,-2.29944297,0.006584948,-0.324928229,0.720087162,-0.786732123,-0.086921167,-2.255507849,-1.072806873,0.25738783,1.464023134,0.382208271,-0.993934197,-0.454334771,0.167890718,-0.323879933,-0.212122773,10.0,0
124343.0,-2.682536921,1.209483579,-1.008644701,-0.027284728,0.639036183,-0.062155249,2.262396204,-2.536277328,-0.152776059,1.209351666,0.62912434,0.113384147,-0.563238076,0.346116888,-0.665122853,-0.051851638,-1.024738289,0.247255816,0.010432636,-1.553612093,1.258672185,0.290157129,0.379812399,-0.328308965,0.660502172,-0.510946132,0.197319483,-0.270122039,214.71,0
142197.0,2.122315601,-0.962503151,-2.525939746,-1.676110073,1.626629599,3.408812158,-1.529460587,0.941478462,-0.095372229,0.098202839,0.432728348,-0.730842218,0.038616385,-1.914195209,0.747111426,1.589711853,1.288716323,-0.577996226,0.075622452,0.112909413,0.238220908,0.661569107,0.14210325,0.604128307,-0.112562915,-0.067313903,0.048172536,-0.01758395,19.95,0
70270.0,-1.512515758,1.133138588,-1.60105248,2.813400968,-2.664503406,-0.310371094,-1.520895164,0.852995775,-1.496494506,-4.056292616,1.553755868,-2.743551359,1.504540671,-5.428788499,-0.016017123,-3.727187613,-3.946299589,-1.680286443,2.30361261,1.249585563,0.729827756,0.485285915,0.567005413,0.323585692,0.040870854,0.825813553,0.414482272,0.267265082,318.11,1
103553.0,-0.432123683,1.031428318,0.345456239,-0.599240807,1.135583459,-0.249472709,0.987528648,-0.475507388,1.6697716,-0.360283855,2.01678608,-2.772321121,0.457761583,0.132910727,-1.315967387,0.313551885,0.781872259,0.993036191,-0.369932733,0.00935012,-0.143183846,0.203041977,-0.067735572,0.554984832,-0.843494843,0.197448865,-0.350021774,-0.178871064,5.04,0
8090.0,-1.783228837,3.402793713,-3.822742266,2.625368153,-1.976415411,-2.731689012,-3.430559149,1.413203514,-0.776941495,-6.199881763,4.366713486,-8.243262434,0.345761165,-6.590550297,0.265576096,-3.028452388,-4.214486275,-1.213607848,-0.265421595,0.364089115,0.454031932,-0.577525824,0.045966538,0.461700018,0.044146161,0.305704434,0.530980986,0.243745598,1.0,1
170265.0,0.04071675,0.795116841,-0.050693335,-0.705124371,0.927480388,-0.517509783,1.206431828,-0.403865458,0.436307437,0.658917419,0.708058226,-0.418321722,-1.732576938,0.441415579,0.048691099,-0.341590924,-0.859776301,0.805921466,0.314786513,0.182294089,0.264952964,1.302855601,-0.157969919,0.755702519,-0.863408652,-0.322888615,0.271960307,-0.07149079,3.99,0
149949.0,-1.440506172,1.157243463,0.00316719,1.118883289,-0.270352012,-0.716373285,-0.243838965,0.883599184,-0.143803091,-0.138761139,-1.509646222,-0.30862443,-0.937188349,0.919119211,0.492620853,-0.261698357,0.250227948,0.377196303,0.368631305,-0.015395589,0.280505131,0.777209383,-0.200497359,-0.025810017,-0.252145048,-0.396828211,0.367906203,0.105761934,10.0,0
21296.0,-0.88834346,0.369343187,2.643391044,-0.869908687,0.001245771,0.222298397,-0.133236297,0.225434584,1.704829993,-1.576209497,0.007166281,-2.325206214,1.767743978,0.819445652,-0.75674377,0.081006893,0.584772085,-0.370888085,-0.684027424,-0.073156751,-0.201943531,-0.239367037,-0.230202465,-0.265378952,0.086335604,0.918696062,-0.032083232,0.047075425,2.67,0
152098.0,-4.124316251,3.748596901,-7.926506608,7.763241791,-0.769374581,-2.031170883,-3.474549465,0.10712141,-1.55135159,-2.411272015,4.48003527,-8.832509725,-1.21516414,-13.72568461,1.232744415,-4.389687678,-5.810919817,-1.255422402,1.11403305,-0.181978583,0.547096801,0.687853881,0.429938704,-0.620601279,-0.369688286,0.367348754,-2.664767095,0.417100622,1.0,1
139242.0,-6.978404374,-10.42856463,1.806868531,1.164692098,7.336654336,-5.204887491,-5.453731273,0.672851416,0.373255739,0.603986118,-1.46036506,0.318616424,0.841891772,-0.314507846,0.734803515,-1.323463646,-0.517439454,2.180632348,-1.090215215,2.621664369,0.663654206,-0.603002424,2.426354324,0.540546471,-0.16755747,-0.527588892,-0.357570925,0.183559311,300.66,0
118429.0,1.01038637,-2.719643179,-2.473774912,-0.468600938,-0.73711637,-0.484297269,0.559344506,-0.327067833,-0.722523652,0.704153099,0.751951987,-0.339817298,-1.102034426,0.566262122,-1.146340299,0.574640925,0.437456802,-1.188080739,0.920727817,1.143321539,0.593724572,0.312554629,-0.469935566,0.756711719,0.00837809,-0.154904946,-0.18294273,0.026653459,625.0,0
146871.0,1.996553283,-0.381119802,-0.670863204,0.089210841,-0.115310358,0.347652112,-0.639954389,0.206396372,1.086197924,0.006762744,0.261537838,0.842917794,-0.089626643,0.153499726,0.066815644,0.612280037,-1.035473011,0.571966418,0.467455537,-0.180798821,-0.178921784,-0.444973193,0.320386393,0.038595973,-0.362510972,-0.635601761,0.02409079,-0.040768765,6.95,0
83985.0,1.334235567,0.207411302,-0.411672323,0.17826219,0.467531204,0.224769689,-0.099248293,0.092793038,-0.00522005,-0.091289659,-0.030067314,-0.010457459,-0.23972521,-0.058488576,0.594931195,1.211155213,-0.845331997,0.844066756,0.747155162,-0.057074682,-0.357298213,-1.091879193,-0.088730544,-1.4580188,0.393465791,0.186414809,-0.033663099,0.001680879,1.98,0
144808.0,-2.405207092,2.94382339,-7.616654221,3.533373872,-5.417493628,-0.112631915,-1.329371563,1.709416808,-2.322715609,-6.54098852,4.404578482,-4.93815929,-0.74098464,-7.462960627,0.53496766,-4.671031532,-4.472403254,-0.9820899,3.490068593,-0.338706731,0.652683372,0.414132297,0.023869073,-0.260616387,0.405316462,0.029106742,0.519806552,-0.469537114,667.55,1
159378.0,0.034508921,0.740005632,0.548564395,4.674177409,1.373040171,0.48784414,0.138266471,0.096196443,-1.589087254,1.606580321,-1.628751761,-0.578858622,0.143888281,0.111407392,-0.391007155,-0.623488724,0.340883169,0.071840624,1.352945641,0.265159971,0.298470495,0.945444909,0.147877761,0.691180229,-1.231628788,0.306230294,0.303872634,0.308420027,7.56,0
75374.0,-0.950341928,0.254501543,1.700931393,0.008928012,0.652630818,-0.426023635,0.887512908,0.015979184,-0.455963668,-0.325804745,1.236278753,-0.317820175,-2.098881755,0.661998042,0.056909565,0.051212405,-0.567944452,0.153360173,-1.046624992,-0.007658177,0.196755515,0.400533824,-0.083490049,0.167207248,0.146005908,-0.504718449,-0.116457356,-0.12231378,62.16,0
128555.0,2.034340301,-0.146023029,-1.190904197,0.219332466,0.070346799,-0.625921436,0.032192583,-0.118037749,0.363729272,0.246183724,0.645668498,0.825099284,-0.368925233,0.537823828,-0.545019838,0.147223365,-0.578915865,-0.306812444,0.490443976,-0.235727259,-0.258209617,-0.656135887,0.299155805,-0.406547928,-0.313126665,0.205372185,-0.074339633,-0.074956705,1.29,0
614.0,1.39541975,-0.26913937,-0.071822008,-0.247354072,-0.554783754,-0.902045592,-0.071149126,-0.257163273,-1.08281027,0.756010709,-0.97325656,-0.475021352,-0.162096991,0.391369192,0.749378487,-1.25063544,-0.159661386,0.692069772,-0.464384598,-0.499285439,-0.813066988,-1.975568443,0.19653435,-0.194206757,0.152455141,0.12287829,-0.041237619,0.012794128,21.5,0
115912.0,0.154226512,0.980742076,-0.464571311,-0.560351336,0.897762429,-0.795125,0.92011975,-0.060980884,0.074611749,-0.811427297,-0.918484592,-0.556569116,-0.730867406,-0.873288767,-0.148212418,0.399210021,0.369308311,-0.08726713,-0.181946174,-0.026961169,-0.357889632,-0.917072227,0.089893495,0.452241434,-0.432004072,0.121589561,0.217416368,0.081598569,2.69,0
83668.0,-0.360773958,0.363695961,1.920999368,0.625479654,-0.08656178,-0.532525976,0.492150256,-0.139198019,0.240656509,-0.214823689,-0.960223441,-0.783518427,-1.641748279,-0.042264607,0.201279494,-0.571357938,0.241261803,-0.280683595,1.06159811,0.077164822,-0.234006452,-0.487841548,0.005221171,0.368560337,-0.483976836,0.185199221,-0.065452564,-0.083162701,19.99,0
25231.0,-16.59866474,10.5417508,-19.81898181,6.017294647,-13.02590105,-4.128779003,-14.11886485,11.161144,-4.099551431,-9.222825507,6.329364676,-8.952190712,-0.138363691,-9.825054421,0.057223592,-7.541687424,-14.25959859,-5.035051524,1.43226793,1.534919821,1.725852827,-1.151605776,-0.680051902,0.108175915,1.066878341,-0.233720431,1.707520552,0.511423169,99.99,1
58899.0,-0.819574083,0.874251012,-0.291746346,-1.187179789,2.325229191,3.311271291,-0.058782618,1.107409678,-0.467398014,-0.149642907,-0.228134526,-0.17427379,-0.01144895,0.362437834,1.047640216,0.559619428,-0.83546346,0.105091035,0.395042411,0.162933987,-0.277150575,-0.886309408,0.035194356,0.981201417,-0.03200847,0.050103114,-0.146782725,-0.182662475,9.06,0
147859.0,0.090987474,0.952901395,-1.212266919,0.018470673,0.136423985,-1.274374385,0.816505152,0.107391253,-0.132985303,-1.219216581,-0.810642168,-0.323430593,-0.25416324,-0.56368137,0.707569458,0.313138677,0.626815179,0.872586518,-0.226975786,-0.098579094,0.35132463,0.874123044,0.061984525,-0.20616169,-0.230617394,-0.143983553,-0.094665069,-0.041357336,81.98,0
142692.0,-0.640238546,1.524637958,-2.429530263,-1.165638168,3.286457299,3.854615196,-0.590245391,-3.308726171,-0.491129114,-0.069660193,-0.221344903,0.278033069,-0.641202437,1.177542892,-0.125346133,-0.15159271,-0.549744058,-0.530305427,-1.514353457,-1.046895275,3.944361437,-1.069006214,0.0721144,0.637723573,1.274267352,-0.501925375,0.326816832,0.273763223,10.0,0
146227.0,2.261882702,-0.904721777,-2.753831369,-3.075659223,0.257565081,-1.226969638,0.279083836,-0.524782523,0.184242644,-0.178891357,0.300908391,1.219268704,0.967122372,0.738326877,0.414330185,-2.571197516,-0.398761865,1.750688157,0.944183121,-0.492260034,-0.211861606,0.056482509,-0.168395631,-1.131843634,0.599435327,-0.617703331,0.011367152,-0.08009268,37.04,0
78643.0,1.219408957,0.316589313,-0.080844442,0.87702067,0.415876916,0.020572342,0.236501728,-0.117812735,-0.155999602,-0.074794561,-0.708589524,0.664452389,1.382630307,0.122500685,1.09801401,-0.054814805,-0.523797628,-0.476356457,-0.428132605,-0.024114569,0.027456557,0.177804915,-0.207333369,-0.719105657,0.761310205,-0.253158485,0.033234051,0.014901,26.0,0
114044.0,0.174115627,0.938742694,-0.778758898,-0.873820466,1.384244208,0.006596775,0.818856235,0.120740266,-0.176723212,-0.649778438,0.10118117,0.030536722,-0.354726717,-0.789383482,-0.823801105,0.819598798,-0.197562522,0.635936558,0.414717172,0.027017783,-0.357559044,-0.929244871,-0.031691495,-0.413195263,-0.342699316,0.15394294,0.215218284,0.063614809,1.29,0
89628.0,-0.746962103,1.296330987,1.373345914,0.865191311,-0.283070107,0.06278674,-0.076630387,0.597330982,-0.321549529,-0.375500576,-0.761131005,0.147193825,0.329533957,0.232686627,1.067635298,-0.045865809,-0.106243802,0.475303673,0.076814669,0.043363227,0.30530089,0.973813557,-0.177065006,1.089687269,-0.021932608,-0.405276341,0.320877905,0.164131157,1.0,0
158854.0,-0.317676594,0.942874527,0.117318196,4.434247497,1.956241725,0.133179543,0.919679435,-0.688270964,-1.651725389,2.835647779,0.315644729,-0.248867887,-0.166667921,0.155594569,-0.832788564,-0.688801173,-0.209107261,0.190208581,1.831749978,-0.183333464,0.05681087,0.785063536,-0.32383245,-0.288132716,-1.433040222,0.144114597,-0.428161993,-0.139483202,14.41,0
1690.0,1.14546102,0.056849208,1.036931655,1.347917816,-0.731558034,-0.276544542,-0.304816336,-0.052253372,0.595252585,-0.213224847,-0.615359629,1.087893673,1.23129487,-0.52060466,-0.079741817,-0.154135196,-0.256863255,-0.151631565,-0.247193174,-0.032975168,0.11221981,0.5931173,-0.166421563,0.462945978,0.68848068,-0.221550295,0.065580396,0.03512263,22.74,0
51203.0,0.090066081,-2.107755912,-0.570506829,0.201109134,-0.939059358,-0.015674149,0.473159172,0.003848114,0.218005891,-0.274981269,1.060329068,-0.121245539,-1.706332507,0.947368894,0.945811077,0.355666271,-0.253583163,0.11124122,-0.099731187,1.01249826,0.412058534,-0.210316864,-0.571858985,-0.232078939,0.038306602,1.07761786,-0.198955012,0.082710896,597.79,0
58763.0,1.331518715,-0.755018429,0.8015149,-0.75299546,-1.160613907,-0.04848076,-1.09239119,0.093307764,-0.380691941,0.558168143,-0.416343076,-0.65973427,0.373557606,-0.441971527,1.392683852,1.292345743,0.203226685,-1.18457851,-0.004201795,0.098154191,0.393484183,1.099482405,-0.12865365,-0.229225396,0.398159221,0.000851659,0.051159825,0.021190994,24.99,0
108809.0,-3.283261643,3.239729589,-0.018018613,-1.424876232,-0.265852051,-0.601127076,0.384853212,-0.053828449,4.207906995,2.778685168,2.659436055,-1.704772397,1.722937547,-1.095623182,-0.767367668,0.285059248,0.652230623,0.751577056,-0.732040479,1.650077388,-0.789880118,-0.824382676,0.078631688,-0.226067299,0.305585784,-0.367200778,0.628259121,0.082142896,0.92,0
73340.0,-0.462136628,0.540810109,1.625866124,1.130704657,1.068068845,0.250371335,0.524524835,-0.102563499,-0.668149782,0.069170604,0.463018864,1.034327555,1.094462116,-0.298460076,-0.658222112,-0.598718307,-0.324505667,0.350475161,1.725065008,0.319071478,-0.101965399,-0.011524601,-0.42758035,-0.4524631,0.704183805,-0.155749039,-0.149863309,-0.244225477,1.0,0
19545.0,-0.356678372,1.071274078,1.28238624,0.086480364,0.170921928,-0.453570307,0.408926939,0.104828293,0.89493737,-0.667330712,1.863012964,-2.861426564,0.127238959,1.501060094,-0.343840739,0.72255993,0.46027624,0.936012291,0.131369743,-0.009210266,-0.402690024,-0.955489733,-0.035706447,-0.158668499,-0.223353047,0.041841502,0.203951441,0.074845497,4.47,0
82774.0,0.862370848,-2.087340354,0.760797581,-1.205501127,-2.10172194,0.030562199,-1.190766472,0.131394019,-1.764830419,1.409813194,1.537524406,-0.226949923,0.089418789,-0.174800653,0.483572932,-0.155493653,0.488200203,0.304348881,-0.621318677,0.17920281,0.055097426,-0.085215925,-0.08405652,0.192477763,-0.079815639,-0.289647753,0.019162128,0.067636565,282.93,0
146614.0,2.022677901,-0.288608459,-1.213260376,0.128741562,0.035993987,-0.487715064,-0.018656321,-0.154162345,1.079666847,-0.233048951,-1.022651843,0.544195478,-0.00778028,0.073444702,-0.187229274,-0.507864769,-0.116405785,-0.670655079,0.33720304,-0.180828728,-0.164411615,-0.275703972,0.2281004,0.618320707,-0.047736246,-0.113657146,-0.028968369,-0.047815359,20.4,0
58314.0,-5.649110732,-4.71794476,1.562431287,1.590404693,3.275558754,-2.392038649,0.213859636,-0.456311714,0.078035686,0.044467098,0.121736223,-0.060446972,0.079938243,-0.301357304,1.104805192,0.205722303,-0.626232571,-0.537080579,-0.824282852,-2.308822355,-0.705854985,1.042633808,3.738588487,0.390149661,1.667017219,-0.150452517,0.893899934,-0.917550494,40.0,0
152818.0,2.00316695,-0.148837498,-0.240967312,0.429675567,-0.542041246,-0.685651571,-0.349293935,-0.17840026,1.03662576,-0.207180574,-0.585440513,1.380882776,1.742752088,-0.367572152,0.474682987,0.131656499,-0.658134073,-0.378488726,-0.061498577,-0.135277422,-0.169566482,-0.237576953,0.351703037,-0.024458146,-0.362262518,-0.625176533,0.047167478,-0.028969294,0.12,0
159751.0,-1.766877874,1.714379836,-0.045854776,-0.913432382,-0.215024261,0.755477772,-1.861724978,-5.03691659,0.057350243,-1.886065618,0.536599258,0.606076274,-1.279740127,-0.348875986,-0.349519549,1.179323642,0.320280817,1.082904811,-0.307705252,1.131358718,-2.689040545,0.424925434,0.371582322,-0.579433291,-0.970747397,-0.398171727,0.14114174,0.350567332,50.0,0
101216.0,-14.2206062,-16.39374258,-0.296118917,2.154803874,14.6374428,-8.22481183,-9.790241866,-1.184795732,2.105383386,2.163869058,2.19305124,-1.967348336,1.345959957,1.713507476,0.32165227,1.168527482,1.188967641,-2.613887475,0.514950378,-6.84801634,-1.253588664,-0.307237517,-5.798432404,-0.815915937,0.03585192,0.396191603,4.30183275,-1.780115864,632.9,0
32078.0,1.211290012,0.023035221,0.958578749,1.137986608,-0.482107571,0.297862191,-0.503219494,0.081812756,0.786418389,-0.232279479,-1.35613762,0.778099249,1.255039649,-0.623489274,0.120953959,0.271541612,-0.61376671,0.078514906,0.096841024,-0.037258388,-0.104688989,-0.038946785,-0.121948246,-0.428296208,0.562654224,-0.360290133,0.07837665,0.032124691,9.99,0
41594.0,1.223045771,-0.032009495,-0.085074599,-0.17619925,0.055807289,-0.139850677,0.07934656,-0.044432801,-0.080033824,-0.158139071,1.318592602,1.5224972,0.886844701,0.166860685,-0.389256151,-0.381475111,-0.074131786,-0.728641348,0.412247044,-0.015239039,-0.013210933,0.139546365,-0.130834495,-0.171282034,0.514712925,1.149957193,-0.079254071,-0.02077279,14.69,0
40477.0,-3.100100336,-0.666493043,1.220056683,-2.259216499,-0.271699215,1.145179033,-1.563689586,-1.6552211,0.895311931,-2.791733682,0.569701985,1.864745613,0.624972918,0.284395258,1.542567748,-1.154841331,1.151268011,-1.846697295,-2.01742553,0.432857691,-0.985305642,1.479053066,-0.367305579,-0.499646423,0.156962203,0.086723447,0.530451903,-0.328125922,160.0,0
98691.0,-1.691244343,1.369792391,-0.171315959,-0.301887478,0.049643353,0.320916662,0.295008856,-0.73379233,2.377882804,-0.83744822,-0.847242725,-1.907359446,1.327671386,1.158767385,-2.684182856,-0.967554406,1.024084316,-0.538090507,0.299232145,-0.859186633,0.468637562,-0.741059404,0.357202841,0.524165641,-0.653259824,-0.777394948,-0.781808806,0.219001535,59.36,0
141363.0,-3.692002326,-3.986729468,-3.977701107,2.006180097,-3.925923927,2.392674727,8.359668658,-0.682650945,-3.217086246,-1.43706526,-1.514894592,-0.823665589,1.133729399,0.919612793,-1.413186505,0.778961694,-0.514548854,-0.176338243,-1.180552691,4.25849493,1.536786265,0.713945794,4.433461038,0.415660667,0.500080158,2.400299779,-0.875522742,0.215519578,2006.27,0
61456.0,1.223715892,-0.418628844,0.858323245,0.54389828,-1.016697444,-0.092249378,-0.723948504,0.062130973,-0.762641471,0.790636496,-0.473942409,-0.11734495,0.252415602,0.021916553,1.337399847,-1.330902834,-0.070728891,1.111144521,-1.750462109,-0.526923886,-0.206056115,-0.101959768,0.027806755,0.039040129,0.303262232,-0.271673919,0.081103736,0.037608284,29.0,0
64185.0,1.212756229,-1.518559862,0.653485511,-1.263156419,-1.774636136,-0.292188319,-1.157918055,-0.040609985,-1.625793246,1.322241158,-0.282183453,-0.775332031,0.669607168,-0.457087043,1.098788987,-0.428483402,0.649944174,-0.125043906,-0.839266961,-0.090303884,0.043955558,0.29535417,-0.083588156,0.069115801,0.224549062,-0.086799522,0.045198915,0.045845574,138.0,0
61189.0,1.374091433,-1.094619388,0.161690323,-1.360791637,-1.474644274,-1.062921502,-0.66625883,-0.158327576,-2.221753541,1.61987102,1.307530633,-0.689087521,-0.906250788,0.370984744,-0.213292209,-0.367864807,0.515308353,0.012385082,0.237871333,-0.300989862,-0.483249535,-1.285370805,0.191226735,0.429871801,0.113652984,-0.563026493,-0.011986937,0.018208371,68.5,0
100223.0,-19.64185673,14.70633467,-22.80123769,12.11467184,-14.89811253,0.840777704,-28.01129291,-11.91963882,-8.9609217,-18.91324333,4.971248707,-12.68630752,-1.071443113,-7.38337004,-2.992430299,-8.58230865,-13.80656813,-6.000358798,1.422631613,3.834649048,-8.228874098,3.31817777,2.585212346,0.195008569,-1.19480304,0.03842294,-4.126746252,-0.645329219,2.28,1
132538.0,1.923836146,-0.954203856,-0.549175811,0.360878063,-0.681458544,0.53486334,-1.005299112,0.281650257,-0.259856358,1.167579718,0.034049445,-0.149307546,-0.909483544,0.340933785,0.196243486,-0.613224486,-0.830365371,2.093596204,-0.951427728,-0.555357895,-0.432442499,-0.971619212,0.375685625,0.067741216,-0.537971871,-0.945704258,0.054856562,-0.017937782,74.0,0
28344.0,1.256954453,0.405225656,-1.254950074,1.318517358,2.568535285,3.544625914,-0.177340707,0.781943097,-1.050796862,0.770828069,-0.316373202,-0.276500289,-0.060016518,0.560673572,0.48338752,0.788997758,-1.02548418,0.003006027,-0.54496576,-0.024984503,-0.098077757,-0.472810017,-0.092382998,0.991795247,0.765858543,0.021369023,-0.026400476,0.009922475,9.37,0
146302.0,-0.659846207,1.158342141,2.645045909,4.391612407,-0.135975881,1.181998024,-0.156032718,0.420004167,-1.67751593,1.514628161,0.278864918,-0.856428309,-1.311680039,0.248112428,0.271600717,0.278841916,-0.000969594,1.229710563,1.361249834,0.102219493,0.290760178,0.881999648,-0.268024717,0.061956682,0.168660785,0.632717821,0.00445044,0.061348439,7.55,0
165348.0,0.060743194,0.282800967,0.047816363,-1.827279013,0.829829547,0.40741286,0.397766223,-0.224437392,-1.415990216,1.064384318,0.317421618,-0.371824807,1.080615509,-0.345093375,0.032496042,0.855276586,-0.320741961,-0.376947171,2.027715913,0.482041709,0.370222707,1.296159268,-0.370391756,-0.281583388,-0.267157217,0.049311825,0.1244018,0.013231167,9.9,0
147890.0,2.060588606,-0.20084421,-1.46212841,0.158717927,0.05762148,-0.778043297,-0.020674276,-0.116299492,0.663015101,0.230661038,0.286383628,-0.06309629,-1.600176555,0.959091884,0.293070861,0.234268059,-0.848839169,0.83389977,0.22535461,-0.326285212,0.260294675,0.807379261,-0.050794443,-0.500333278,0.23070976,-0.086129594,-0.031479429,-0.076193354,1.0,0
96717.0,-3.705855946,4.107873186,-3.803655995,1.710314448,-3.582466046,1.46972894,-9.621560127,-11.91310469,-0.322296771,-6.625692494,2.175230306,-4.381077558,2.063298709,-0.673818453,1.400763217,-4.25492662,-5.160213016,-1.302525916,2.594452761,3.639602741,-5.49877168,2.941475403,0.916235853,-0.25550448,-0.183834839,-0.584538952,-0.31548357,-0.097222812,1.0,1
7436.0,1.043964981,0.323669282,1.676720966,2.740749637,-0.413086915,1.011916551,-0.783480552,0.3304017,1.02543901,0.227089224,2.030528894,-1.192625317,2.280196593,1.104376979,-1.566248646,0.463298312,0.303351313,0.033762757,-1.117810449,-0.182504672,-0.149857393,0.003493881,0.066054142,-0.022275783,0.196056805,-0.072153088,0.03348148,0.017220804,0.0,0
80690.0,1.36061915,-0.596663346,-0.288265055,-1.002596461,-0.286839457,-0.149933271,-0.362829899,-0.130666603,-1.210646905,0.77768437,0.546670419,0.13273162,1.133997753,-0.098187411,-0.046241217,1.493844424,-0.429475805,-0.605678298,1.225000495,0.28191329,0.229999462,0.489140388,-0.32907726,-0.776938443,0.765257676,-0.070046753,-0.016012546,-0.000219835,65.75,0
55517.0,-1.314137179,1.166353206,2.173745992,2.945284703,-0.56060655,0.703382354,0.125546176,0.003084163,0.281278027,1.812631636,-0.631769069,-1.14358002,-1.829604064,-0.412576357,0.810016744,-0.741668394,0.598452864,-0.188066686,0.43326815,0.056769037,0.109566846,0.789971052,0.010271624,0.396555521,-0.45874492,0.282697011,-0.262801818,0.106439928,32.13,0
137606.0,-0.386669679,1.208723127,-0.632674547,-0.33120023,1.167561484,-0.862540459,1.027371433,0.005978209,-0.156569061,-1.456797495,0.763867264,-0.302942455,-1.136794496,-2.426051052,-1.42421083,0.607682229,1.626735642,1.475120364,0.018724879,0.061719085,0.062417491,0.470505425,-0.402676557,-0.496656467,-0.032294509,0.680037738,0.365125358,0.262104627,12.31,0
161606.0,0.09583924,0.942618352,-1.011150401,-0.072810607,0.10258437,-1.150948518,0.528829376,0.293046787,-0.281161867,-0.952576359,0.950571069,0.093729907,-1.098073656,-0.110314791,0.054859375,0.431397839,0.427626416,1.316265705,0.001777874,-0.229914834,0.393226502,0.990369118,-0.00258698,-0.024332329,-0.333233879,-0.17277705,-0.090453614,-0.055755521,42.81,0
151800.0,-1.674094224,0.732960821,-1.277820348,-0.100998477,-0.210314574,-0.554785096,0.000724742,0.779793772,-1.969628793,0.592086412,-0.364316193,0.087493108,-0.488917298,1.351468328,-0.829557393,-1.43657954,-0.047429164,1.943781142,-0.403915693,-1.045651816,-0.029886862,0.228724741,0.055914877,-0.516286401,-0.477026944,-0.616506782,-0.578444616,-0.362925707,30.0,0
87202.0,-0.419820174,-1.155978008,-2.092515502,2.78675033,0.736296592,-0.167291966,1.600027463,-0.117426851,-0.796953814,-0.133950251,1.033032012,-0.284367998,-1.20827981,-0.429211904,0.24894536,-0.92892153,1.679985519,1.315338866,2.226160656,1.275358027,0.480639718,0.533516931,1.284645406,0.51613127,-0.6029411,-0.30502369,-0.021363145,0.129096386,451.27,1
144779.0,0.132591953,0.772789656,0.663453745,1.06778136,0.225161775,-0.536379173,0.593952221,-0.168140116,-0.559862136,0.095060925,-0.806974874,-0.442551179,-0.453011232,0.519193175,1.392920247,-1.238201869,0.763466147,-0.34174856,2.842920299,0.216374535,-0.176591818,-0.379253659,0.055520092,-0.065120638,-0.868457055,0.604289992,0.162428609,0.179961692,8.99,0
146582.0,1.935339475,-0.402608288,-1.069332101,0.286593901,-0.296388791,-0.929800506,0.086419362,-0.260836512,1.092265328,-0.241553508,-0.96155217,0.57751196,-0.087648765,0.11133641,-0.2250508,-0.544952752,-0.066515298,-0.71149099,0.291547175,-0.140144735,-0.132524702,-0.23237958,0.1668704,-0.066647303,-0.090079441,-0.086906087,-0.031397163,-0.047820286,58.12,0
26823.0,-2.149852749,0.020279816,1.811579096,-0.041755284,0.041080966,-0.732636038,0.400012934,-0.233892238,0.39984233,0.773658444,0.464657039,-0.010599138,0.172928593,-0.378962036,2.062722505,-0.560300932,0.265298629,-0.771090075,0.740088046,0.255779705,-0.288385172,-0.030805587,0.399259127,0.45217237,0.081518697,1.090324684,-0.055461242,0.493490054,30.02,0
50089.0,-0.57450069,1.117221867,1.635889401,2.855814204,-0.369436204,-0.180819251,0.209806636,0.228980399,-0.70378639,0.527348926,-0.907958136,-0.14913538,-0.446980435,-0.073032393,-0.586189321,-0.400517918,0.390936414,-0.300612987,0.32055956,-0.104599952,0.047200888,0.329075064,-0.004759123,0.718633032,-0.267539604,0.079823638,-0.315483738,-0.224792329,12.52,0
93860.0,-10.85028159,6.727465688,-16.76058341,8.425831679,-10.25269687,-4.192171044,-14.07708601,7.168287933,-3.683242174,-15.23996196,8.030708408,-16.06030576,0.270529742,-14.95298104,-0.241094884,-11.86673064,-15.48698992,-5.748651557,4.130031427,-0.646818273,2.541636947,0.135534921,-1.023966892,0.406264526,0.106592779,-0.026232389,-1.464630024,-0.41168182,78.0,1
76756.0,1.288003348,-0.705680221,0.313000726,-0.683847712,-0.903194504,-0.388072309,-0.559959965,-0.039943049,-0.840617968,0.683115961,0.97246721,0.215402183,0.159102698,-0.168904941,-0.722582013,1.077481165,0.150876681,-1.096101578,1.216480456,0.179322991,0.033728253,-0.022987214,-0.089309341,0.033361487,0.475964022,-0.30428384,-0.002572013,0.010490069,58.0,0
147287.0,1.898828287,0.566769473,-1.043154441,3.473307954,1.106186769,0.785395686,0.284751325,0.037399543,-1.344362637,1.5379293,0.060958878,0.940100314,1.123183407,0.158083733,-1.886291374,0.975924963,-1.191902971,-0.246229366,-0.742571758,-0.128767412,-0.204502904,-0.600898267,0.213675445,0.05513792,-0.047159813,-0.284674849,-0.044972327,-0.049821646,26.44,0
152840.0,1.88206105,0.138241832,-1.350259452,1.57395445,0.203021568,-0.59405736,0.097806099,-0.094957685,0.394923835,-0.188460694,1.020198956,1.028179227,-0.130451553,-0.975965674,-1.237973589,0.006185808,0.572246255,0.592782655,-0.223728242,-0.194389116,0.116151106,0.585960099,-0.023757191,-0.066545015,0.268071325,-0.483594682,0.033515183,-0.028713411,28.56,0
160136.0,-0.189667612,0.979805744,0.172491675,-0.640885079,0.328876416,-1.073713534,0.94113768,-0.132250278,0.249979249,-0.090858242,-0.972014761,-0.202956726,-0.68919816,0.185881831,-0.264426094,-0.139812034,-0.321434128,-0.768607498,-0.181115781,0.035263114,-0.293684544,-0.62673143,0.092600021,-0.042772499,-0.477031926,0.150428605,0.353402539,0.155107622,3.99,0
67045.0,-1.303856434,-0.48018076,2.175216495,-0.960992055,0.166221076,0.297409164,0.010451502,0.375451662,-0.048896676,-0.966253981,0.936588309,1.145696688,0.839216017,-0.427618438,-0.504676423,0.533033176,-0.681482553,0.073682914,-0.684928719,0.350414331,0.330328799,0.691047912,0.083206323,-0.208704504,-0.037049524,0.973129453,-0.02248234,0.096420753,115.69,0
18966.0,0.898614275,0.033896193,-0.083297005,1.256326169,0.554091348,0.702342333,0.155668232,0.196359736,1.160758531,-0.518258785,1.606341951,-2.525492525,0.166046774,2.428011871,1.169787788,-1.53234065,1.822234493,-1.963373148,-2.149184768,-0.252496771,0.031510778,0.278743283,-0.027336787,-0.708803343,0.393031705,-0.231544653,0.011632995,0.005579101,89.99,0
69342.0,-1.275977064,-0.750356345,0.087884921,0.999574978,-5.388329074,3.56600251,5.173184573,-1.592859693,0.194044849,-1.202878201,-0.438882826,-0.276993591,0.134566494,-0.607671973,0.797029076,0.304646469,-0.386087198,0.08704748,-0.870040674,0.017379205,0.895394375,0.718495392,0.938861358,0.092380901,-0.162892356,-0.337749122,0.507266713,-0.462955522,1260.0,0
89101.0,-0.080673283,1.117754631,-0.488608932,-1.14986716,1.386224722,-1.642298411,2.144069193,-0.942042624,0.012355355,0.233774093,-0.57430074,-0.024133681,0.119932817,0.150791987,-0.106249527,-0.933231334,-0.585263229,-0.60036938,-0.232969075,0.21605086,0.124020762,1.017916148,-0.311850693,0.05041539,-0.308829103,0.037480746,0.179961726,-0.11132765,7.68,0
127264.0,-0.631131771,0.349160563,0.580578091,-0.250415484,1.124776218,-0.389977477,0.644405993,-0.119093132,0.670327341,-1.016902266,-1.197261011,-0.138673509,-0.164388638,-2.050219607,-1.512030448,-0.369113734,0.928548057,0.315879786,-0.037617829,0.281510473,0.153965123,0.954489096,-0.367968968,0.742050789,0.225498422,0.776341341,0.179062872,0.02048948,22.2,0
149291.0,-0.365847282,1.394585123,-0.883128901,-0.130852474,0.474152154,-1.344974655,0.741067759,0.066037924,-0.266580659,-0.929718983,-0.412252984,0.534076609,1.180743241,-0.785735454,0.581460184,0.027416923,0.585472549,0.494403891,-0.273738765,-0.045344387,0.33243336,1.126089056,-0.071361674,-0.049192241,-0.269751234,-0.147149841,0.153846755,0.116587979,14.99,0
172751.0,-0.575198561,1.203221626,0.071546805,-0.303771603,1.048679357,-0.192257778,0.848641747,-0.038083391,-0.616851261,-0.485646208,-1.093124777,0.322356912,1.395033131,0.267370475,1.02884343,-0.587740796,-0.313155906,0.220558632,0.981606389,0.093053259,0.302626211,0.987081802,-0.488776305,0.260396674,0.38565765,0.040082913,-0.300694141,-0.156757173,1.0,0
44945.0,0.352121422,-1.242951988,-0.483546934,1.445792384,-0.432854403,-0.235496083,0.740846095,-0.257631139,0.029435248,-0.151405564,-1.208955632,-0.236854647,-0.008667266,0.443913995,1.089628553,0.470807231,-0.746433923,0.337402656,-0.312842618,0.858437829,0.307007692,-0.180350873,-0.638867251,-0.434083226,0.597048816,-0.279428634,-0.076606236,0.097652581,491.1,0
79778.0,1.231342469,0.253564598,0.174581508,0.505651625,-0.19392708,-0.567045242,-0.050320597,-0.010439571,-0.136391143,-0.101344526,1.257126252,0.57387979,-0.250465434,-0.020643096,0.467691553,0.793813903,-0.35156105,0.36096015,0.219128804,-0.082223833,-0.261399528,-0.817272927,0.078663974,-0.054685768,0.214301754,0.098878796,-0.030785676,0.016762205,4.49,0
122020.0,1.456633361,-2.197948087,-1.399720315,-0.834779226,-0.736226163,0.497848489,-0.444804178,-0.014021755,-0.123770058,0.61624231,-0.258797904,0.263631691,0.772848574,-0.403499548,-1.022321803,1.482840904,-0.327317487,-0.984505348,1.522612339,0.810484844,-0.006175054,-0.81048189,-0.094674705,-1.448608774,-0.467869622,-0.54432126,-0.063197162,0.00039498,396.14,0
88201.0,-1.065040965,1.807791931,0.096596642,-1.507758152,2.075844838,0.159701864,2.389922217,-2.720072796,2.515090841,4.288171165,1.525671615,0.266225545,0.639585401,-2.002096466,0.151261757,-1.102997747,-1.846296396,0.28226877,0.208509612,1.613022064,0.470316087,1.209976324,-0.30918868,0.237075693,-0.533120559,-0.457384667,-0.092315875,-1.198887907,1.79,0
135613.0,2.084201479,0.257683707,-1.895378864,1.206107529,0.852105051,-0.700137626,0.668302419,-0.405243199,0.162088,0.241747182,-1.549319061,0.396092253,0.477180865,0.36715274,-0.529761305,-0.546105734,-0.437974318,-0.487006068,0.059281989,-0.239841808,0.006425111,0.284301528,-0.102493822,-0.753188273,0.580447258,-0.444236591,-0.011536633,-0.068569663,7.82,0
45672.0,-0.742609975,0.983076072,1.866441734,0.065456158,-0.062849642,-1.180158433,0.975873817,-0.457819492,-0.289403028,0.094343116,0.35958048,0.568347567,0.934028982,-0.313817742,0.75788396,-0.099445864,-0.38169943,-0.688286258,-0.167711893,0.140855734,-0.217829147,-0.3728009,0.15476572,0.92301846,-0.240730377,-0.012595901,-0.144174121,-0.093597322,9.98,0
134305.0,-0.90366305,-0.955084501,1.12218334,-3.078774761,0.072741263,-0.720760684,0.549709164,-0.107134387,1.641837569,-1.826470934,0.648604691,0.515035075,-0.883231545,0.164824006,0.928058876,-0.440890641,-0.817692433,1.3133153,0.937402013,0.380683826,0.404212533,1.061024904,-0.028775728,-0.401947115,0.193878646,-0.767837076,-0.047078375,-0.076713975,144.0,0
53347.0,1.410386976,-0.569266985,0.533975041,-0.649878217,-1.296637207,-1.094524059,-0.688400221,-0.078472515,-0.46734302,0.671185281,-0.526616979,-1.622685873,-1.852711943,0.251016177,1.038034756,1.331256025,0.333846566,-1.331257218,0.622981572,-0.067378279,-0.120419911,-0.562177004,0.162427815,0.315768204,0.162086192,-0.474535275,-0.002680412,0.017925004,6.18,0
137595.0,2.061479869,-0.164670589,-1.093731277,0.433756783,-0.291188224,-1.257500578,0.075232032,-0.244190105,0.784242722,0.120709046,-1.007135925,-0.412908178,-1.544192863,0.595569969,0.215563582,-0.032504165,-0.193035935,-0.675539927,0.153774117,-0.328662214,-0.307459112,-0.828758097,0.361046563,0.002297249,-0.353748098,0.200820334,-0.081128624,-0.063384913,1.29,0
123462.0,-2.929579417,-2.630493998,1.775472796,-2.31085373,-0.490391807,-0.042833639,-1.674939443,0.399246684,-0.567327111,0.746205185,-2.095009164,-1.235205324,-0.171779718,-1.429284508,-1.357162252,-0.153652078,0.425297973,0.335756291,-0.345835213,-0.606779996,-0.280585447,-0.29446449,-0.455936623,0.479730893,0.443785349,-0.255994404,-1.050256587,0.587968873,19.95,0
27849.0,0.815165174,-1.994536117,1.680064628,0.122636089,-2.492436918,0.48334797,-1.548674087,0.283350755,1.084938564,0.090808067,-1.412492117,-0.182215665,-0.24569244,-1.569230581,-1.622331036,0.556103682,0.995702724,-1.094993493,0.906087403,0.503127724,0.404829674,1.061447866,-0.375781403,0.482088558,0.437876741,0.073723982,0.059010813,0.071263285,247.0,0
125172.0,-0.082994371,-0.410267024,1.482539317,0.300103152,-0.098590653,2.101841536,-0.009884484,0.434532182,1.216817747,-0.45787174,-0.864262654,0.529905479,0.171314291,-1.117230815,-1.5134528,0.650878315,-1.250766576,1.305683866,-0.07161668,0.24081306,0.259548969,0.954718121,0.110671847,-0.426009504,-0.265558884,-0.609652926,-0.061585211,-0.19126388,149.99,0
22253.0,1.202713945,0.305586346,0.518784491,0.939266894,-0.457776585,-1.19944912,0.132530148,-0.385477779,1.216907059,-0.418961915,0.978125683,-2.023270176,2.021703595,1.717405947,0.135363127,-0.00803323,0.475842843,-0.206182692,-0.537778683,-0.084472631,-0.110049643,-0.073942476,-0.039659896,0.701424906,0.464842173,0.334767651,-0.070195706,0.011590739,29.99,0
78575.0,0.991362975,-0.296275055,1.443949105,1.073839638,-1.102118821,0.349398113,-0.934516339,0.416268801,0.582955054,0.077313461,1.442604125,0.473543643,-0.944888986,0.287946611,1.235924496,0.661141326,-0.604873356,0.716828993,-0.939395581,-0.124999298,0.355581518,0.954186067,-0.047275827,0.218500487,0.19064611,-0.255535077,0.07602304,0.036251388,44.68,0
65345.0,1.259127475,0.479382033,-0.21853726,0.909157388,0.297385549,-0.670511735,0.473376072,-0.214432442,-0.588056219,0.201233712,1.124975414,1.050000695,0.445366928,0.64580469,-0.046874606,0.052541789,-0.70976416,0.17335828,0.157134786,-0.104657743,0.038063946,0.158166401,-0.203221132,0.037219503,0.882749304,-0.295059562,-0.008904974,-0.001667513,0.76,0
40980.0,1.380860189,-1.186156182,0.804228857,-1.474134352,-1.561610266,0.011953737,-1.373549189,0.10883571,-1.946672637,1.527433186,1.498999297,0.167405233,1.052281112,-0.382207696,0.33193364,-0.269215673,0.368274848,0.288451216,-0.518590494,-0.269497688,0.035200712,0.504440539,-0.004938793,0.038950745,0.251065997,-0.094999751,0.065066999,0.017880998,29.0,0
112418.0,-0.416760142,0.301519218,0.22847095,-0.547454412,1.320606404,-0.663938252,0.547347874,0.005407406,-0.321535051,-0.495704146,0.808575542,0.544253745,-0.304313297,0.701994386,0.091534539,-0.371571771,-0.623479683,0.769696719,0.388602184,0.018010451,0.484938035,1.313186374,-0.188344085,0.728893135,-0.2319971,-0.494176737,0.19420914,0.205454125,1.0,0
63844.0,1.216293853,-0.263993954,0.632402609,0.556609306,-0.392737706,0.523049895,-0.573904864,0.123533068,0.940647359,-0.269523969,-1.891528623,0.268574335,0.837962764,-0.591458488,0.246896102,0.550068457,-0.713306237,0.161188249,0.472902909,0.047285137,-0.157464277,-0.301169589,-0.177202623,-0.951730876,0.447473059,0.39784829,0.012320231,0.020087263,42.14,0
61904.0,-2.220173481,-0.023536547,-0.493285065,0.065158982,-1.18822504,-0.881102552,1.184561507,0.549746702,-0.220509144,-0.986187235,-1.326059188,-0.380349652,-1.318936789,0.900288042,-0.504158192,0.276792427,0.042206987,-0.236179806,-0.480401825,-0.334416521,0.079607424,0.2080535,0.626496624,0.416383111,-0.242292896,0.307047038,0.246086605,-0.329510646,244.29,0
75947.0,1.098395761,-0.34028041,1.216727372,0.709707328,-0.956210335,0.455643372,-0.889714325,0.426866629,0.851780598,-0.078680538,0.979117737,0.568932482,-1.27463442,0.05920925,-0.116397613,0.123529199,-0.077634285,-0.040892802,-0.100003388,-0.20359531,-0.027661621,0.058971463,0.064191435,0.020403142,0.111105157,0.333664486,0.022087617,0.010635848,6.89,0
155632.0,0.055349766,0.794569745,0.009614386,-0.733455686,0.805330419,-0.770186834,0.952820934,-0.159320052,0.004018346,-0.403769331,-1.540316408,-0.069679505,0.162311591,0.067351108,-0.353955542,0.105102493,-0.66026446,-0.525666748,0.177289249,-0.003263738,-0.301941243,-0.699590728,-0.009270236,-0.660832081,-0.394244962,0.181122838,0.245017861,0.091505378,1.29,0
171640.0,0.159066075,-0.155177951,0.328793778,-2.269131201,-0.001424713,-0.047283238,-0.042832877,-0.165169831,-2.628866295,1.116453418,-1.53787394,-1.635232401,0.661184944,-0.23330271,0.627353092,-0.888950426,0.528317624,0.551444418,0.917717919,-0.161717807,0.097729116,0.736289925,-0.423240968,0.060593806,0.197723142,0.280317073,0.134163462,0.122225355,4.0,0
26819.0,-2.197163021,-1.058879492,1.993563912,0.727789047,1.906719226,-0.955103093,-0.243528902,0.360956197,-0.524236014,-0.605535992,1.083786293,0.977196879,-0.497030898,0.249102325,-1.263686493,-0.48593433,-0.064904058,-0.352433734,-0.578172919,0.407581027,0.190101966,0.01484578,0.117484558,0.216674595,0.70306612,-0.417409008,-0.02968748,0.088667447,61.0,0
39120.0,1.369864583,-0.443678414,0.031463443,-0.768259052,-0.650536966,-0.937804029,-0.179894636,-0.285718346,-1.032249203,0.590451191,-0.494562434,-0.477676563,0.574736579,-0.066553161,0.654252977,1.207625775,0.107506107,-1.795087636,0.957130055,0.194366739,-0.287351298,-1.072948996,0.106479328,-0.154655845,0.258651371,-0.617647858,-0.014812244,0.022891265,55.85,0
32781.0,-0.487037461,1.349601582,1.302140334,1.839219243,0.960771286,-0.736776828,1.477254354,-0.52622621,-1.537382177,0.610070398,-0.493599401,-0.096096489,0.672025912,0.037125151,-0.098940134,0.074254888,-0.626891487,-0.447156282,-0.709996636,-0.016194778,0.071937452,0.33322493,-0.267306081,0.406828739,-0.070091865,-0.067391484,-0.181021607,-0.088939757,21.63,0
110401.0,2.003978025,-0.365763599,-0.391227575,0.585411339,-0.448421136,-0.18070603,-0.705716268,-0.091098337,2.835867692,-0.533443497,-0.697585358,-2.372791541,1.643585881,1.244483761,-0.186073129,0.257273141,-0.002259616,0.72544155,-0.17894196,-0.234284724,0.00238158,0.480169606,0.038241557,-0.696220084,-0.040144373,-0.211401594,0.01042263,-0.04816511,21.46,0
137363.0,-1.136465806,0.993650681,-0.227319881,-1.084305872,1.752104024,1.87929687,0.520433103,0.77734328,-0.561185459,-1.03060982,-0.706893676,0.840805195,1.115578044,0.246603591,0.474081728,-1.286569137,0.768661753,-2.49509036,-1.065438357,-0.274477825,-0.0325419,-0.071493038,-0.01594502,-1.269778106,-0.268363861,0.394605755,-0.27764144,0.062518031,19.91,0
154599.0,0.667713641,3.041502376,-5.845111956,5.967587038,0.213863333,-1.462922811,-2.688760584,0.677763512,-3.447595896,-4.707570806,4.905819865,-5.208373972,0.53249838,-10.5440114,-1.307418701,-2.133593488,-5.133081491,-1.062150781,-0.819371096,0.558424598,0.329760146,-0.941383472,-0.006074662,-0.958925352,0.239297865,-0.067355679,0.821047586,0.426175252,6.74,1
74082.0,-1.817651621,0.886437732,1.987365585,3.26708609,-1.645528543,0.975207449,-0.390346461,1.145366619,-1.168031999,0.073877276,0.42859781,0.555971148,-0.583482716,0.428125968,-0.768926773,0.072782932,0.639728054,0.519073954,1.44305117,-0.121633826,0.004252952,-0.124102149,-0.109382319,0.54510389,-0.039729578,0.157821626,-0.108638018,-0.20794152,175.24,0
116657.0,-0.071191969,0.791425174,-1.420079667,-1.752836351,3.468581015,3.270032497,0.946838034,0.280918128,0.664534437,0.45000475,0.453781966,-0.41439207,-0.517591916,-1.516824294,0.279743613,-0.072375489,0.023373262,-0.489385345,-0.446978497,0.509138978,-0.553078892,-0.873316539,0.01350914,0.586371628,-0.400846931,0.088378571,-0.029405514,-0.473927615,8.93,0
5025.0,1.132375578,0.122317499,0.179000968,0.413277703,0.806392791,1.569713946,-0.386295113,0.369731597,1.377915096,-0.625543803,0.930784759,-2.069386953,1.972502604,1.755381597,1.451368322,-0.745215761,1.211578437,-1.932511395,-1.557201961,-0.246150221,-0.343052382,-0.594625369,0.171248897,-1.871096218,-0.01095766,0.236596806,0.013853322,-0.010476337,3.49,0
158911.0,-1.165937344,0.176876143,1.540691013,0.941343557,0.432231951,1.083845434,0.560899319,0.495944402,-0.038708203,-0.385690241,-0.172098692,0.034223147,-1.538991654,0.122719505,-1.229968844,-0.55569276,0.083678968,0.195969642,1.67784801,0.486820686,-0.44744491,-1.412272655,0.205826591,0.166967502,0.44466064,-0.80767728,0.284573746,0.149097019,138.12,0
100718.0,-0.973025842,1.10724226,3.124213018,4.932351778,-0.827809701,2.53252598,-1.445037631,1.228844496,1.054209066,0.478525426,-1.759918656,-3.575039184,0.399771235,0.704837066,-1.600875339,-0.147918126,1.565058176,1.079319197,1.46705002,0.19894406,-0.079077226,0.33093567,-0.271054158,0.415148824,0.181330933,0.625274053,0.273098143,0.08769455,18.31,0
62132.0,-1.008448752,3.065922538,-2.941555687,1.563479358,-0.176928358,-2.193742569,0.28630246,0.594216064,0.260452358,-0.108860251,0.807552561,-0.25627669,-0.265681733,-3.200371872,1.073957162,0.89742075,3.241159503,1.420632949,-0.696868002,0.481689192,-0.200047705,-0.248104887,0.285052017,0.341357847,-0.204043916,-0.392416298,0.550417918,0.185232275,23.51,0
75761.0,-5.207303695,4.777862777,-3.446374811,1.188109384,-2.913016939,-1.44535249,-2.936372375,4.028278048,-1.549006819,-1.256273911,0.427082168,1.664625356,-0.062798239,1.630083323,0.237812824,1.458195922,2.59502647,1.622363477,0.28841427,-0.876555614,0.554914542,0.192547219,0.471927278,0.370402117,-0.00751734,-0.41092153,-1.673282568,-0.286188246,1.0,0
119780.0,1.946029118,-0.799826232,-0.883910212,-0.864267253,-0.342473799,0.14308082,-0.691145983,0.094696787,1.127561994,-0.127049054,0.484596752,1.009277772,0.653507423,-0.010813249,0.440739288,0.747608384,-1.058082494,0.718162385,0.502889976,0.045921677,0.212977938,0.598525949,0.083430343,0.181839379,-0.323108237,0.879247516,-0.071131036,-0.052666533,65.0,0
57309.0,-1.999395871,1.820326239,2.066213798,4.565435962,-0.331279937,0.718887352,-0.250022301,0.809835276,-1.246957698,2.006493189,-0.468202588,-0.131479932,-0.024153851,-0.022606995,0.551294588,-0.555219408,1.006766071,-0.836057204,0.847713242,0.383659724,-0.421695836,-0.637453129,0.44036514,0.33931995,0.058987749,0.171255472,0.630851242,0.321143148,4.13,0
61676.0,0.46969601,-0.976606515,-0.171584656,1.428515999,-0.522599005,-0.129815815,0.495119124,0.026057514,0.032066268,-0.053103,1.218820745,0.374960477,-1.746269276,0.875075321,-0.223080755,-0.456499431,0.102961741,-0.191618088,-0.3222802,0.417063885,0.251935126,0.024827922,-0.396198128,0.217224548,0.53577391,-0.308811992,-0.052164538,0.059413168,351.63,0
39180.0,1.242847877,0.708371089,-0.208836848,0.94665475,-0.089463863,-1.685959726,0.495341083,-0.425143051,-0.391254972,-0.63580345,0.80904067,0.785767417,1.148282433,-1.2404846,0.755983497,0.242166268,0.934795995,-0.19399612,-0.53313404,-0.011704233,-0.088210438,-0.137854086,-0.028832621,0.866463935,0.54401184,0.331370327,-0.024833123,0.044821055,0.76,0
163802.0,2.049661109,-0.483691525,-0.973255035,-0.009920468,-0.019707639,0.219228369,-0.539107834,0.087461851,1.197033635,0.006478763,-1.891884789,-0.385372366,-0.400036737,0.014666869,0.720884256,0.794373281,-0.877106507,-0.018520499,0.387526472,-0.128379389,-0.336000443,-0.982364287,0.332392041,-0.349063029,-0.515110618,0.264497538,-0.054631634,-0.045364302,29.9,0
76575.0,-5.622469419,3.480623179,-6.200676594,4.311233668,-5.226286324,-1.341763573,-5.220940942,2.682843537,-2.921484382,-6.561257411,3.211263878,-6.861660514,0.326461835,-7.755253664,0.504652193,-6.276616786,-10.6117147,-4.146773745,2.197287713,-0.156288523,0.949568986,-0.42898575,-0.3506755,0.197549504,0.15923423,-0.377790861,-0.213561786,0.459528918,219.8,1
45023.0,-2.943381748,-2.332451288,2.568958933,0.74711377,2.083550196,-1.319266697,-1.837966585,0.421284623,0.347714928,-0.18217834,0.522165292,0.746004369,-0.163247365,-0.267018437,-0.417392432,0.336617806,-0.45881142,0.564472162,0.728689278,-0.006130494,-0.013848426,-0.09131709,-0.268974043,0.069692719,0.202919826,0.356930211,-0.006092683,0.268288191,26.24,0
84824.0,1.233835337,-0.21490148,0.580916248,-0.159266042,-0.894775239,-0.740216123,-0.430302034,0.083963048,0.409684849,0.008019759,1.161353544,-0.052206172,-1.76555814,0.687384366,0.750602954,0.68854014,-0.511879878,0.300053677,0.330192091,-0.164508219,-0.101587574,-0.410931748,0.103797534,0.342565781,0.025503182,0.892837187,-0.086935162,-0.004149223,5.0,0
80937.0,1.15722286,0.174163225,0.719909789,1.195763174,-0.415915157,-0.221863414,-0.106618088,0.037486061,0.15532517,-0.009923507,1.057226138,1.438460271,0.290949398,0.054285878,-0.921445045,-0.114034968,-0.344255018,-0.104513026,0.337684829,-0.117827881,-0.20002647,-0.404834459,0.011780526,0.33514114,0.507477956,-0.545023374,0.038016512,0.017667208,5.29,0
35118.0,-1.531772894,1.086877405,1.441332249,-0.549082098,0.246154683,-0.772599291,0.88992431,-0.457102682,0.360898048,0.474467597,0.127172877,0.012156198,-0.250335444,-0.283859073,0.703260625,-0.064178433,-0.45155698,-1.05437561,-1.153211801,-0.273276229,-0.134094018,-0.291185749,0.235165757,0.369755328,-0.668564836,-0.207245762,-0.725727705,0.012488005,2.69,0
143421.0,1.966192952,-0.352313711,0.152352692,0.473192363,-0.939709438,-0.489556566,-0.752325517,-0.043694427,1.391685034,-0.205186487,-0.678828875,1.099451277,1.347069197,-0.488352807,0.783943104,0.3683332,-0.740157315,0.121043812,-0.33701513,-0.147525529,0.090075082,0.519847209,0.258889811,0.066598556,-0.349393107,-0.415760917,0.066421572,-0.023681032,4.21,0
115008.0,-0.259565351,-0.115040123,-0.977541469,-1.116323607,2.54013326,0.738132009,0.328266086,0.163063653,0.541510695,0.088986455,0.677552894,0.534238549,-0.410485594,0.4720809,0.390559942,-0.832079492,-0.542668007,-0.360722413,-1.030242655,-0.263982501,0.480196898,1.898993262,-0.044288795,-0.916471636,-1.714044427,-0.720604286,0.46998459,0.137267021,1.0,0
14557.0,-0.033829521,1.009832028,2.565953946,3.317453013,-0.480549817,0.506730834,-0.319470651,0.167488092,0.743991633,0.215938358,-0.040773621,-2.756012622,1.639929874,1.046642151,-0.350085651,-0.110951585,0.919090946,0.44860876,0.673622427,0.033665458,-0.126905261,0.076885908,0.012968648,0.336134303,-0.664464349,0.079486119,0.133880046,0.093656139,0.0,0
78637.0,1.186420865,-1.041660851,1.041330853,-0.488475995,-1.528044614,-0.012345504,-1.163441135,0.149335399,-0.055603223,0.443170309,-0.398387325,-0.561593867,-0.114978564,-0.602078529,0.656900574,0.916089332,0.612059984,-1.419159247,0.082285207,0.154497323,0.371173961,1.014601843,-0.127511013,0.132899144,0.348200691,-0.022994495,0.05164899,0.033016693,76.06,0
122166.0,0.051559653,0.868472782,0.449395935,-0.323897166,0.476331025,-1.027766898,1.046471854,-0.280022959,-0.322304895,-0.50299506,-0.920158808,0.1620643,0.197193712,0.198012681,-0.209955061,-0.34155402,-0.232296952,-0.667850379,0.488660594,-0.104214363,-0.148840061,-0.314746506,0.090300714,0.059298162,-1.032847514,0.13466848,0.167003739,0.215615841,1.29,0
169013.0,2.02671929,-0.212543341,-1.268320275,0.087977118,0.209090051,-0.432466905,0.100924603,-0.251453295,0.877955732,-0.270361161,-0.992418636,1.218466593,1.445656351,-0.222703836,-0.375635299,-0.461965556,-0.318856455,-0.694808804,0.464293411,-0.058435044,-0.16002521,-0.221547973,0.173669804,0.52795654,0.035739841,-0.113393601,-0.024933104,-0.044367494,30.0,0
137153.0,1.79653678,-0.975278128,-2.120510296,-1.348683726,-0.303506333,-1.799419196,0.619375321,-0.558121947,1.503310569,-0.878723467,-0.762853316,0.283053008,-0.676477066,0.753071629,0.971493577,-0.945838561,-0.091000754,-0.186944291,0.827675511,0.124102008,0.190248926,0.34274177,-0.164047219,-0.058021891,0.249955166,-0.121309535,-0.07611028,-0.039525284,191.98,0
70484.0,-0.704158024,1.024870869,0.510468103,1.44093158,-0.496480727,-0.290659663,0.723217888,0.415662444,-0.538652469,-0.227348281,-0.522481709,-0.063536408,-0.836123138,0.724459652,0.486509544,-1.078870957,0.809091525,-0.527517662,0.395636273,0.154767185,0.222648996,0.643436184,0.26842565,0.399179749,-0.48938724,-0.251838623,0.315885309,0.204277925,112.5,0
114024.0,-1.097196983,1.982335022,-2.282233823,-1.536943844,1.507411676,-0.045466702,0.757764026,0.780565729,-0.500850665,-0.362019701,-0.96510197,0.368008834,0.391248907,1.065866119,-0.051626847,-0.47149865,-0.10304624,-0.38004781,-0.285726576,0.110493096,0.266239216,0.701613855,0.05645022,3.497674954,-0.094727087,-0.05766975,0.339759634,0.298045527,1.46,0
45718.0,-1.282626814,1.19748728,2.430146217,1.180648062,-0.071227905,0.862783785,-0.267984501,0.966551779,-1.232257968,-0.239663896,0.550096664,0.109645315,-0.49347231,0.37958271,-0.07973646,1.46272897,-0.959394468,0.542785281,-1.728552802,-0.26540657,0.229796724,0.364485049,-0.252907054,-0.340113987,0.185768105,-0.062013674,-0.065267818,-0.010607351,3.48,0
76856.0,-2.358597067,1.506931401,0.407305408,-1.089663577,-0.714918041,-0.435278229,-0.140844036,0.716492238,0.599070414,-0.384516671,-0.880018031,0.914422581,0.468794703,-0.143181165,-0.878271317,-0.321924318,0.395577278,-1.146152189,-0.649464759,-0.224676628,0.122576526,0.253353116,0.005919818,0.178889084,-0.178661837,0.8571542,-0.70166021,0.210129355,10.0,0
149000.0,-2.055804568,-1.647241739,0.70963631,-1.998609955,-0.431900697,-0.547551029,-0.483797091,0.686420155,-0.915573843,-0.232132657,-0.059219942,-0.777532711,-0.801320993,0.155596005,-0.637518431,2.094795993,-0.471829829,0.069004335,0.032868172,0.809311755,0.686303168,1.006945006,0.126292744,-0.505415085,0.193755557,-0.126713602,0.168537089,-0.080636754,211.0,0
129378.0,2.114763892,-0.895221814,-0.924369743,-0.472587624,-0.695856047,-0.347683767,-0.668859403,-0.029278997,0.002265749,0.809223792,-1.511608286,-0.613926324,-0.883615564,0.135507548,0.120655405,-1.209773808,-0.110139687,0.68109587,-0.381863888,-0.603075034,-0.892717706,-2.156512726,0.601901701,0.357632472,-0.769509138,0.039240106,-0.048703024,-0.037762968,32.95,0
81692.0,1.137024138,0.212845068,0.49216277,1.28857777,-0.38141521,-0.603025939,0.032979406,-0.045451854,0.065271142,0.034476594,-0.026244166,-0.012814095,-0.738844774,0.519294835,1.244441206,-0.202763855,-0.035316823,-0.535097946,-0.956219704,-0.19693075,0.120709878,0.361264833,-0.0445433,0.398177292,0.527949684,-0.270859782,0.027557445,0.023236659,20.0,0
148471.0,2.062200545,-0.037457,-1.253873821,0.364444618,-0.06672539,-1.254725762,0.179840877,-0.353432698,0.66096465,0.008466988,-0.679719011,0.224678429,-0.099787766,0.497608691,0.841193205,-0.230070894,-0.454541244,-0.090117397,-0.325624549,-0.26276327,0.263056232,0.929297704,0.009177112,0.020268625,0.233081773,-0.098098628,-0.014038197,-0.058519662,1.0,0
155120.0,2.087385784,-0.074490616,-1.718357167,-0.01010589,0.590583001,-0.260513141,0.082003928,-0.120951608,0.372031316,0.178697703,0.41169923,0.720653009,0.087987987,0.636139314,0.133738941,0.194360645,-1.008285083,0.677588114,0.310315645,-0.186206938,0.248405156,0.812168775,-0.054649386,0.12629655,0.34137099,-0.122642731,-0.029286054,-0.068388919,1.0,0
114908.0,-0.404669998,0.676402568,0.713179174,-0.849672938,0.508613159,-0.964263401,1.122565987,-0.194900387,0.046265455,-0.950503604,-1.473261085,-0.301816998,-0.869644733,0.051478182,-1.345704374,-0.32575846,-0.282497164,-0.38545242,-0.51511395,-0.235979465,0.203016856,0.738499526,-0.398405871,0.116574147,0.196285412,0.607770127,0.048042045,0.122931782,11.5,0
65457.0,1.237184762,-0.17672176,0.473114718,-0.558659088,-0.862584171,-1.166747946,-0.021363322,-0.268110405,1.469446819,-1.156813366,-0.133125439,1.598111471,0.91262794,-0.274124243,0.097531737,-1.310779123,0.32141732,-0.48802042,0.792276959,-0.070294764,-0.006734875,0.38002497,-0.146218759,0.798569071,0.857626043,-0.609378881,0.073787569,0.026369038,9.95,0
148823.0,-0.860114005,0.613794749,0.195382052,-0.959652794,0.865427284,1.364026143,0.450190497,0.8577187,-0.106168762,-1.481180514,0.020321919,1.07170356,0.278337164,0.361819783,0.286269497,-1.793798377,1.261378921,-2.518913993,-1.434572243,-0.22982213,0.156743946,0.531046968,0.247956704,-0.178525865,-0.640451772,-0.087552658,0.073712829,0.101845756,60.0,0
156382.0,2.093292064,-1.74887112,-0.727191449,-1.725721151,-1.272221471,0.198468262,-1.401082046,0.083316718,-1.241028215,1.636889734,0.362130312,-0.099897585,0.68453639,-0.452162911,-0.56539259,0.110267203,-0.062714538,0.503936864,0.29930198,-0.192229092,-0.333256487,-0.744080654,0.356145432,0.21644118,-0.589104983,-0.519401146,0.013187469,-0.026839693,101.46,0
152269.0,-2.934297161,0.745476546,-1.511594558,-0.110481445,0.024653009,-1.533304103,-0.054984838,0.057756947,-0.494875227,-1.696687251,-1.091510795,0.029984933,-0.168541696,0.150729595,0.505313026,0.701981601,0.823938511,0.832922898,-0.483330003,-1.010194835,1.050339713,0.55668778,0.076034554,-0.07202157,0.273644914,-0.132715708,-0.081520015,-0.587665087,2.99,0
76582.0,-0.576505135,1.047083733,1.21417268,0.413204756,0.237529147,-0.388126635,0.41033984,0.077932653,-0.6580364,0.034562866,1.189986678,0.220548018,-0.240248353,-0.11067328,0.801573547,0.283530858,0.012388706,0.64398704,1.324921974,0.216487723,-0.187270839,-0.515412497,-0.050729449,-0.046353867,-0.498534249,0.186015243,0.228421877,0.199712774,6.99,0
70090.0,1.260762585,-0.40542964,0.05838128,-0.631098561,-0.753982959,-1.085862137,0.030935066,-0.307780233,-1.614189767,0.801890809,1.663773014,1.250782951,1.200313394,0.336329052,-0.187792207,-1.381044899,-0.145689329,0.659428073,-0.295148588,-0.305416555,-0.635291383,-1.508790517,0.185168571,0.544333338,0.055047929,0.667011118,-0.088503041,0.007831995,60.9,0
172165.0,-1.404624289,-0.495998779,-0.299998076,-3.363151734,1.911079222,3.881308479,-0.053901358,0.673703354,-0.213116793,0.772636435,-0.142051715,-0.967469321,-0.095906939,-0.882293371,0.012685725,1.189393333,-0.400963633,-1.259394395,-0.307815269,0.042696843,0.175273196,0.993085085,-0.003573047,0.737897989,0.16643983,-0.185117782,0.01370493,0.11886839,99.0,0
124836.0,-1.468662773,-1.017126508,2.44286058,0.459822626,0.718114554,-0.394416269,-1.375735803,0.500224424,0.956632609,-1.380917971,-0.676292565,0.604204418,0.899545445,-2.385936134,-0.357973074,0.291297021,0.902934463,0.662656648,0.031138841,0.499637231,0.198063249,0.452322952,-0.021380456,1.136947814,0.457898973,0.726244507,-0.053619041,0.02140593,19.0,0
156681.0,0.033068722,0.863195134,0.292919592,-0.592854685,0.446119527,-1.035830191,1.011090449,-0.189594831,-0.066299484,-0.424408078,-0.853802052,0.227202746,0.13800932,0.0919514,-0.370250355,-0.157734384,-0.359824582,-0.852976502,-0.157018776,-0.033599567,-0.252337219,-0.537073832,0.077988577,-0.016689214,-0.499315865,0.142933358,0.250737589,0.097241717,4.49,0
137954.0,-2.369869946,2.76638392,-0.487241439,-2.827334825,3.03586418,-0.681042032,4.469738903,-3.417799868,4.804331951,8.102748195,1.670586348,-0.809421003,-0.305080588,-3.521239586,-0.133637708,-1.792905467,-2.740681025,-0.276669597,0.078561648,3.243854972,-1.045743222,0.89634775,-0.77962599,-1.041705028,0.287094179,-0.219484059,-0.299110092,-2.008962154,7.7,0
84204.0,-1.92745282,1.827620567,-7.019494685,5.34830324,-2.73918788,-2.107219296,-5.015847976,1.20586816,-4.382712509,-8.337706974,7.190306089,-9.42484446,-0.223292646,-12.87549422,-0.071918161,-6.299961398,-12.71920716,-3.740176156,0.84405961,2.172709056,1.376938323,-0.792016726,-0.771414188,-0.379574272,0.718716522,1.111151256,1.277707257,0.819081152,512.25,1
144071.0,2.118458663,-0.862259599,-1.764300769,-0.654789536,-0.113038698,-0.425598551,-0.2658895,-0.263212634,-0.530712038,0.94623248,-1.64742485,-0.564225186,0.283383602,0.247563947,0.644139186,-1.165084085,-0.512400723,1.421852126,-0.741762647,-0.427283564,-0.152985313,-0.052507089,0.014005034,0.060971908,0.016152014,0.79894574,-0.081571566,-0.053151872,75.8,0
146384.0,1.959985078,-0.040899315,-2.118086099,0.451159493,0.415653205,-1.126615338,0.347535377,-0.357480834,0.664928893,-0.540251415,-0.97975993,-0.319132997,-0.134937355,-0.80518605,0.996804194,0.459360848,0.242449518,0.817701635,-0.209758923,-0.044909832,0.186962762,0.537961586,-0.170517136,-0.730596109,0.309210836,-0.067688051,-0.017896042,-0.023338947,78.5,0
18675.0,-12.33960316,4.488267302,-16.58707294,10.10727387,-10.42019898,0.130669812,-15.6003233,-1.157695981,-5.304630968,-12.93892931,8.805681967,-13.55613013,1.16546376,-9.809881502,0.369987279,-9.505210445,-17.54203031,-6.792637787,2.069377449,-0.085501463,-2.089609633,1.7453145,1.376815809,-0.554271418,-1.610740852,0.153725445,1.212477208,-1.869290476,188.78,1
60411.0,1.304348596,-0.788837598,0.937168474,-0.298652515,-1.548984659,-0.482346459,-0.911292587,-0.036550929,-0.094390125,0.4764341,-0.948077243,0.082930948,0.263375755,-0.491034693,0.00758522,-1.5272001,0.216753567,1.077813147,-0.628849973,-0.4580981,-0.309873091,-0.232419463,-0.01807169,0.431265505,0.281028245,0.952900289,-0.006230767,0.019126097,25.0,0
132364.0,0.039147469,0.884310876,0.139880798,-0.824269119,0.795817423,-0.507597555,0.961717943,-0.088290683,-0.427933839,-0.269823819,0.523535374,1.222790426,1.048295776,0.073188601,-1.183177763,0.192734101,-0.891629118,-0.22623502,0.378570767,0.049495695,-0.229493916,-0.461260621,-0.019392742,-0.470837213,-0.42157892,0.146936524,0.250313389,0.084484962,0.89,0
123027.0,-0.76357727,0.531747837,1.417281211,0.692868736,1.681285878,0.61717321,0.895048591,-0.290208344,-0.3816655,0.229112951,0.307301731,0.346769267,-0.035894082,-0.270231049,-0.79154009,-0.856832748,-0.390392065,0.485678346,1.359239077,0.121063134,0.025488807,0.599826386,-0.779818532,0.27128952,0.936580088,-0.243560586,-0.319479354,-0.420471372,9.99,0
4496.0,-0.943127706,1.355471852,1.424962342,1.550440859,0.062900889,0.100756105,0.203064943,0.346003615,0.613169533,-0.854923091,0.296344738,-1.903851869,2.148783826,1.639488629,-0.570746685,-1.158568118,1.513565406,-0.44246786,0.585558108,-0.132191975,-0.102276361,0.057309616,-0.126256205,0.056978746,0.143996418,-0.240203386,-0.122503015,0.032256821,10.24,0
93344.0,2.251081772,-1.616622629,-1.902619373,-2.37822103,1.004642196,3.66490132,-1.970136739,0.80961209,0.082777582,1.194106723,0.705518487,-3.210001415,2.024635773,1.071720231,-0.398995619,-0.547100881,1.084949134,0.149761485,-0.5515995,-0.380574573,-0.290334259,-0.187485229,0.302807989,0.623368467,-0.269807451,-0.195163375,0.018161242,-0.055724662,24.0,0
153769.0,-0.492146379,0.204522642,-0.641852159,-3.588816241,2.813777294,2.990711965,0.348135851,0.78008103,0.56060778,-1.88135999,0.34057388,0.423651281,-0.30349179,0.730602648,2.123666474,-1.670789247,0.230194484,-0.209951336,2.206837253,0.183631407,-0.200750259,-0.594466043,-0.313644512,0.695704546,0.717183427,-0.779619352,0.102257835,0.058979646,4.71,0
48989.0,-1.171728776,-4.691414325,-0.721006021,-0.876386516,-2.668123576,-0.650173163,1.0391289,-0.414737622,2.355498513,-2.210672832,-0.342908443,0.917443698,0.048946033,0.167759371,1.842985299,-0.690213947,0.041314064,0.696316302,0.605473508,2.477585067,0.914349326,0.064130567,-1.276505428,0.512438855,0.207130897,-0.775321739,-0.13590038,0.252502531,1275.05,0
40662.0,-4.446846548,-0.014793158,-5.126306996,6.945129976,5.269255348,-4.297177163,-2.591241685,0.342670615,-3.880663045,-3.976525139,5.730084356,-5.031868148,-1.135439109,-10.78705057,0.265456231,-1.104217463,0.636412737,0.994101369,-0.688720555,-0.108006423,0.247912823,-0.049586179,-0.226016962,-0.401235601,0.856123603,0.661272427,0.492559739,0.97183435,1.0,1
86324.0,-2.513184824,0.779011629,0.159861558,-0.331384641,-0.843945955,0.364766796,-0.308503488,1.232426226,-0.27410942,-1.316232079,-1.627824562,0.81685258,1.302588802,0.307956361,0.012851974,0.61916266,-0.110045395,-0.226369063,-0.719572595,-0.533023013,0.289308236,0.608590653,-0.127421575,-0.664440389,0.045448832,0.477123656,-0.578954669,-0.181990505,93.0,0
143560.0,1.816298298,-0.555140048,-1.180681285,0.389862265,-0.101295882,0.248951711,-0.597776052,0.170123022,0.949521313,-0.343898236,0.557963345,0.562383135,0.045507389,-1.242687224,-0.167473642,1.042538283,-0.00919204,1.250522045,0.028400485,0.076410904,0.194129906,0.525738217,-0.006570352,0.159826338,-0.196673708,0.584058714,-0.035098007,-0.015960465,98.58,0
128425.0,1.949717444,-0.403397261,-0.887052792,0.56904201,-0.154882458,-0.088110979,-0.194905723,0.037467355,1.268212681,-0.161875723,0.070776463,1.34665524,-0.510066027,-0.029046214,-2.145172183,-0.778923148,-0.016496615,-0.418701041,1.019321721,-0.264595967,-0.311034653,-0.523901573,0.189164284,-0.404360707,-0.00491074,-0.495621834,0.012619799,-0.063223728,14.31,0
145129.0,0.316102799,0.645012741,-0.260303943,0.217366827,1.117961949,-0.311345612,1.141115398,-0.595753321,0.42664882,-0.282794777,-0.78797819,-0.447911944,-0.17722245,-1.740568432,-0.230703213,-0.637454164,0.952881339,0.232632652,0.857830634,0.096372259,0.073158773,0.840960437,-0.099673206,0.585063181,-1.256781038,0.498622533,-0.165959031,-0.15889265,29.04,0
147226.0,-0.818553006,-0.402829868,0.391972661,-0.283045366,0.769638581,0.240662927,0.60534394,0.244683927,0.096817934,-0.606824627,-0.327979748,-0.693789911,-2.356672575,0.724546226,-0.326221225,-0.453052629,-0.105181902,0.738319801,1.952036066,0.369374616,0.004191642,-0.363674284,0.170099271,0.039032567,0.028324622,0.09039991,0.026283661,0.135299463,142.71,0
141713.0,2.015737313,-0.833235322,-2.543239287,-0.286677796,-0.093711508,-1.796359531,0.667244975,-0.657505557,-0.950806695,1.026363114,-1.304333674,-0.992942097,-1.386452529,1.000468077,-0.212278828,-2.191120067,0.258066045,0.816384034,-0.675181231,-0.476646754,-0.048264587,0.15561522,-0.192011482,0.017256572,0.41711537,1.012744079,-0.154972406,-0.073714601,134.98,0
110087.0,1.934946456,0.650677737,-0.286957049,3.987828091,0.316051835,-0.099449376,-0.021483158,-0.172327299,0.508730035,1.072955206,-0.427567391,-2.777649224,1.637140149,1.571080121,-1.445366818,0.908649625,-0.122016068,-0.104109917,-1.684021634,-0.344452124,-0.173601631,-0.190973582,0.219975571,-0.216596551,-0.136691886,-0.12995365,-0.050076835,-0.051081896,1.0,1
92374.0,-2.622637006,1.913721071,-0.802786709,-0.854280547,0.399077603,-0.67199226,0.552331587,-0.071610057,2.539047781,1.822910341,1.600626607,-1.671948989,1.689802626,1.184414667,-1.580779584,0.043015205,-0.058149895,-0.103183956,-0.012148878,0.076719698,-0.662977393,-0.727533008,0.469238281,-0.501012834,-0.147767432,0.083192317,0.110395424,0.050116752,8.91,0
57012.0,-1.444839158,0.858809838,1.557789083,-0.382168251,0.299700184,-0.483839027,0.467207097,0.482878139,-0.107020056,-1.47154783,-1.77396712,0.195249673,-0.224103724,-0.041684154,-1.576786907,0.356535732,-0.580285814,-0.199619967,-1.305841512,-0.28632412,0.020323175,-0.070175399,-0.457970938,-0.115775041,0.976282795,-0.499441823,-0.097341409,-0.057357937,12.1,0
88737.0,1.917826531,0.951966571,-2.059205513,3.833997712,1.668192191,0.769825697,0.232463057,0.107940567,-1.143645689,0.541699243,0.30197723,0.257697091,0.709147652,-2.420715975,-1.997740181,1.50669615,0.799832475,1.162764262,-1.150627357,-0.115922318,0.015255354,0.239994342,-0.111915985,-0.38057589,0.370994789,0.189116547,-0.005823281,-0.012105091,9.21,1
45100.0,-0.955899985,0.960073708,1.301019379,-0.204221378,1.736682404,-0.742393557,1.647718898,-0.793021588,-0.658261517,-0.072980471,-0.873450604,0.214900033,1.420539313,-0.403224913,0.138850818,-0.105066999,-1.11030102,-0.246855508,-0.347669296,0.087438506,-0.059511676,0.109230095,-0.650301881,-0.413199564,0.944703562,-0.405217511,-0.60782906,-0.301244692,1.0,0
83827.0,-3.766632868,2.74036699,-0.261914113,-2.427576314,0.005930301,0.349267518,0.497642784,0.415964021,2.526299241,3.609563088,0.493780643,-0.064540317,-0.509958806,-0.960416729,0.49822941,0.544657115,-1.363259491,-0.022697345,-0.547287318,1.472622043,-0.707116586,-0.33375789,-0.148507114,-1.36933787,0.181703241,0.653430224,-0.383034827,-1.168782393,15.37,0
162746.0,1.889508684,-0.109004133,-1.724453517,0.317294127,0.265273069,-0.683369391,0.124149688,-0.15341672,0.668214154,-0.72156072,1.099094483,1.314277439,0.584917469,-1.400702875,-0.837233937,0.181934728,0.726659501,0.442264169,0.442863177,-0.014284062,-0.169320665,-0.331889689,0.084179209,-0.487548561,-0.059785579,-0.090858101,-0.012869438,-0.02435157,63.22,0
40026.0,1.194698816,-0.160279254,1.075082287,0.507222151,-0.829939367,0.102715711,-0.722687284,0.184044285,0.533596964,-0.029137179,0.84469963,1.11870848,0.507176815,-0.222029693,-0.072931625,0.605260816,-0.715538149,0.560567172,0.186549434,-0.055264284,0.122721611,0.52009841,-0.104863458,0.070613955,0.359736685,0.575637141,0.005229782,0.009579403,0.01,0
63179.0,-1.329061878,0.263676048,2.583139424,-1.890227832,-1.659730298,-0.049272899,-0.887402655,-0.607650478,2.578756245,-1.525115632,-0.086849596,0.407116512,-1.213731561,-0.441106445,1.98679838,-1.829297878,1.08739931,0.336937687,1.710543739,-0.291796527,1.113328208,1.036915907,-0.137321596,0.641953849,0.238550581,-0.429603742,-0.26187366,0.074567154,5.35,0
151795.0,1.954485183,-0.435686548,-0.330770359,0.337519822,-0.577009858,-0.104228521,-0.679395278,0.079049133,1.169312271,-0.008182217,0.495752384,1.288434584,0.497926631,-0.102442174,-0.248544333,0.342802195,-0.887536028,0.74464657,0.173103425,-0.173946716,0.229483828,0.906237628,0.062304619,-0.299351162,-0.070642033,-0.214240682,0.040213908,-0.048772439,9.99,0
134170.0,1.65907732,-1.600447859,-1.041880986,-0.77636243,-0.185597783,1.785461741,-0.952606898,0.556984994,0.081660205,0.498794904,0.79083284,0.89117135,-0.238246358,0.145128367,0.090393062,-2.214601779,0.52444489,-0.041927409,-1.138253875,-0.382353369,-0.571385516,-1.327426767,0.455940133,-0.819029006,-0.866174684,-0.356332161,0.037278333,-0.026573845,169.54,0
43982.0,-0.83412177,0.863625915,0.607738954,1.092237635,0.350260445,0.933255745,0.438875411,0.603669489,-0.485840295,-0.625908548,-2.128383944,-0.546586854,-0.501642052,0.42198479,0.40103986,-0.638447855,0.349535491,-0.065494545,1.295068598,0.09563117,-0.016828992,-0.131187989,-0.167909785,-1.339918526,0.340334731,-0.102652721,-0.006418501,0.02413514,86.41,0
82832.0,-1.135202123,0.479624242,1.505824316,-1.735973182,-0.824268519,-0.596203916,0.002037663,0.493563428,1.230958617,-1.993207871,-0.518328141,0.829881494,-0.321813021,-0.001267616,0.179221818,-0.869451104,0.313218124,-0.284095229,-0.494781846,-0.332911068,0.31518144,1.005814845,-0.189356225,0.446927949,0.112486684,-0.723000714,-0.057788546,0.062128448,29.97,0
26556.0,-19.17982641,11.81792199,-21.91917358,6.086235634,-14.70884479,-4.308887607,-15.35795181,12.85716502,-3.99986077,-8.928655661,5.849293066,-8.261649837,0.153829148,-8.829359228,0.008878839,-7.070953009,-13.62972094,-4.958829816,1.272091364,1.572949615,1.746801542,-1.353148766,-0.762965073,0.117027852,1.297993756,-0.224825057,1.62105239,0.484614403,99.99,1
113055.0,-0.256248077,0.121090749,0.276275282,-0.944562952,1.476210925,-0.538140086,0.703540681,-0.128738439,0.087345439,-0.424454403,0.343560926,-0.228989654,-1.351780996,0.57534616,0.018572855,0.042634828,-1.048604989,0.983860224,0.048802468,-0.028171611,0.292750722,0.828535648,-0.391223739,0.33381963,0.575552284,-0.468217563,-0.19132543,-0.251898723,1.0,0
133072.0,2.09685055,-0.742167029,-0.940420231,-0.526427546,-0.475887093,-0.364372232,-0.460191871,-0.181198974,-0.431886481,0.769025377,-1.053993923,0.514801657,1.358604618,-0.217517227,0.117188609,-1.217276329,-0.316850692,0.455824239,-0.470382145,-0.429624608,-0.845754619,-1.981873672,0.570591418,0.414482339,-0.717064765,0.019339786,-0.040566032,-0.030499941,46.4,0
129764.0,-2.434004152,3.225946691,-6.596281631,3.593160524,-1.079452045,-1.739740708,-0.047420092,0.301424476,-1.779433597,-5.836452727,3.249431147,-5.96148766,-1.155175729,-11.00228906,0.588286384,-2.365801464,-1.351900389,0.189498487,0.524007524,-0.280533266,-0.035490726,-0.419177641,0.157435951,-0.714849374,0.468859337,-0.348522318,0.42003648,-0.327642696,362.55,1
133677.0,2.059240682,-0.042987015,-1.882375162,0.230465495,0.48374029,-0.385165212,-0.060970866,0.047650087,0.560231469,-0.15022242,0.451763233,-0.343278304,-1.932563877,-0.277090666,-0.250299488,0.716931249,0.196952264,0.554903863,0.499988312,-0.26106921,-0.361315185,-1.064134025,0.304673984,0.045438606,-0.303887539,0.184601632,-0.079787785,-0.048904786,0.89,0
60462.0,1.214828244,0.334417198,0.334628593,0.572558903,-0.276077203,-0.737457807,0.010366657,-0.079274505,-0.287844457,-0.125387274,1.698725086,1.1366174,0.54380537,-0.171227865,0.349501114,0.656804372,-0.279997661,0.147622825,0.089574248,-0.044829956,-0.231758719,-0.684749504,0.112186141,0.300182932,0.200135904,0.075825299,-0.024171734,0.02139516,1.29,0
63604.0,-3.970325084,-4.183374178,1.880764263,2.098391848,-0.854998061,0.494029537,-0.971748186,0.995192633,-0.415594793,-0.281506775,-1.597041093,0.631417648,0.695075937,-0.753455064,-1.05689758,-2.66470573,1.466418503,1.121781977,0.108745632,1.633911073,0.151939011,-0.506152341,0.963276589,0.061296088,0.418802134,-0.095101846,0.217287811,-0.344346255,500.0,0
26899.0,-21.88543391,12.93050512,-24.09887185,6.203314192,-16.46609912,-4.459842126,-16.51983598,14.53556472,-3.897021888,-8.650758329,5.375433907,-7.567213541,0.461807829,-7.827891399,-0.022814853,-6.578041503,-13.00245946,-4.884467239,1.104354735,1.611998219,1.762231769,-1.579055101,-0.951042745,0.134565292,1.507110398,-0.222670857,1.527655278,0.453698639,99.99,1
66920.0,1.08250082,-0.165910995,0.588672324,1.263160262,-0.082542252,1.092970371,-0.441645117,0.342243423,0.606271791,-0.108884711,0.173298197,1.290053302,0.237465443,-0.315700842,-1.383570492,-0.39732409,-0.133036846,-0.166309595,0.334258468,-0.083057435,-0.067084971,0.107337263,-0.214125341,-0.773311206,0.697278991,-0.22786753,0.0657644,0.0094727,35.0,0
10962.0,1.226938849,-0.039917845,0.759808282,0.129662411,-0.589972081,-0.314900873,-0.529542033,-0.048391467,1.460815337,-0.358296896,2.09008835,-1.651952063,2.016772564,1.601329487,-0.12406745,0.767560303,-0.090337066,0.726877694,0.008218932,-0.042732176,-0.033502967,0.141445327,-0.071047105,0.039817749,0.229367172,1.032722117,-0.092067234,-0.00703183,15.95,0
56650.0,-8.762083394,2.791030282,-7.682766857,6.991213965,-5.230695451,-0.357387951,-9.685621456,1.749334945,-4.495678865,-7.864506479,4.77414774,-8.245897882,-1.33349186,-7.974250523,-0.398798947,-7.244340474,-12.76009395,-4.824740223,2.836992995,-0.460389539,-0.090526788,0.348589628,0.05113239,-0.415429872,0.219665266,0.330020365,-0.028251755,-0.156270273,7.52,1
81919.0,1.162182691,0.085508902,0.332929574,0.585800189,-0.457132037,-1.026529424,0.221082415,-0.272446422,-0.034078592,-0.108489766,-0.174856563,0.536257702,0.635958533,0.205276605,0.903188813,0.198918269,-0.380399902,-0.594379776,-0.094792257,0.046011791,-0.168403701,-0.581862638,0.030728524,0.412020714,0.288941118,0.27164248,-0.051084128,0.024298971,58.78,0
157879.0,2.172498924,-1.190965494,-0.082001012,-1.032318442,-1.149090292,0.452251202,-1.677371886,0.177969628,0.578871096,0.657675215,-1.44792274,-0.389860159,1.212031221,-1.070718204,0.649993198,1.871994887,-0.435020211,-0.482944058,0.468778278,0.087364201,0.37962726,1.195110097,0.128584888,0.084363077,-0.279292267,-0.083576687,0.054316729,-0.029847464,12.5,0
148468.0,0.218810192,2.71585508,-5.111657839,6.310660974,-0.848345065,-0.882445799,-2.902079247,0.939162178,-3.627698142,-1.873330853,1.203834484,-6.172629918,-0.921364297,-3.941965105,-0.062221383,-5.241049108,-8.152829372,-3.243436445,1.935483754,0.381681939,1.083640212,1.037323802,0.062325138,0.532489604,-0.149144855,0.639579646,0.351567638,-0.001816515,0.76,1
168452.0,1.973797954,-0.434810266,-0.52391284,0.381574227,-0.426552173,-0.193012775,-0.509564501,-0.084774046,1.361423874,-0.206051408,-1.433443279,0.7942832,1.246499121,-0.433688048,0.417146543,0.230265993,-0.805010973,0.302881036,0.011274011,-0.082012055,0.175934581,0.760314836,-0.001201981,-0.600494651,0.019608188,-0.178506113,0.042520862,-0.036561993,35.97,0
144062.0,1.947494913,-2.443614176,0.302682012,-1.484140215,-1.489835214,3.002000727,-2.817961147,0.978797331,0.331025302,1.176945984,-0.208102337,0.47418593,0.53966691,-1.684115612,-1.811355339,-1.261512201,1.277322,-0.374223356,-0.39439961,-0.382869011,0.040332926,1.006387573,0.179968859,-0.902989438,-0.499619845,0.099163711,0.15225862,-0.03973728,62.0,0
58067.0,-0.264868684,3.386139969,-3.45499699,4.367629058,3.336060428,-2.053918423,0.256890458,-2.957235441,-2.855797234,-2.808455543,1.847503511,-2.414822338,-2.573224542,-6.59912613,0.123470383,2.572371808,6.609365809,2.5306698,-3.602657251,0.482513022,-1.394503794,-0.166029307,-1.452081183,-0.251814671,1.243460543,0.452786777,0.132218076,0.424599466,1.0,1
136045.0,1.995376169,0.164949774,-1.568272471,0.732051106,0.197269168,-1.24055013,0.297468076,-0.322397995,0.440240706,-0.42820937,-0.374342166,0.300825223,0.181603629,-0.976207921,0.186228119,0.236055141,0.661767711,-0.370880633,-0.148990107,-0.142134407,-0.331873537,-0.846218208,0.287469401,-0.193323232,-0.266713187,0.021705316,-0.04229198,-0.026848473,25.35,0
152214.0,-0.577178789,1.366616252,-0.44160232,-0.992468002,0.858445937,-0.590926581,0.970910925,-0.138913121,0.518423318,0.504210618,-1.693178367,0.121148043,0.749283331,-0.271785702,-0.341456027,0.120756654,-0.844719138,-0.527009734,0.215169074,0.408677607,-0.414608039,-0.784637815,-0.036868314,-1.006496767,-0.177565908,0.214682384,0.563053424,0.283852984,1.98,0
129952.0,1.677303204,0.156215058,-0.277867658,3.896354804,0.017287649,0.01267227,0.156763075,-0.048267464,-0.697448854,1.304393757,-1.316547202,-0.052623066,0.071112014,0.064533681,-0.859598243,1.040983467,-0.805588913,-0.827525582,-1.242104032,-0.055529101,-0.427188674,-1.494861973,0.42449831,-0.227984304,-0.618337589,-0.606675267,-0.033738185,-0.011471502,120.61,0
153433.0,1.897742461,-0.555305822,-1.300042691,0.39727638,0.23407252,0.247074574,0.000131417,-0.077439845,1.384714086,-0.42577086,-1.77381268,1.090806479,0.805496728,-0.481151239,-1.473891779,-0.871383124,0.030066842,-0.915251198,0.903719924,-0.005085091,-0.342885794,-0.728572585,0.120820176,0.058079014,0.071570213,-0.341533744,-0.007465228,-0.037284544,86.65,0
156997.0,-1.334670735,2.01100346,-1.760590033,-0.59047563,0.027106101,-0.691252294,-0.112176652,1.151503939,-0.114519409,-0.347576865,-1.719982202,0.255812301,0.243433224,1.202877298,0.499266004,-0.013430952,-0.119773205,0.344794497,0.080209039,-0.066018736,0.402863005,1.144123339,0.04764393,0.295279124,-0.548709182,-0.205318257,0.350260317,0.24370108,0.89,0
58822.0,-4.384220899,3.26466481,-3.077158017,3.403593597,-1.93807528,-1.221081278,-3.310316609,-1.11197501,-1.977593281,-3.288203565,2.886091477,-6.848977934,-1.029234591,-7.460102983,0.055906018,-4.334783427,-9.874560393,-3.541903329,-0.53155876,-0.141533269,2.076382721,-0.990302787,-0.330358452,0.158377626,0.006351446,-0.493860013,-1.537652378,-0.994022491,45.64,1
81849.0,1.260163256,0.244160735,0.509614866,0.620953255,-0.485459726,-0.992372158,0.056998089,-0.201132206,0.056707149,-0.063581656,-0.232445182,0.327863568,0.240542949,0.254082135,1.040441363,0.307579439,-0.420229502,-0.531687647,-0.116882774,-0.097572888,-0.258471298,-0.751459486,0.136691984,0.372681146,0.215404146,0.095094037,-0.029590039,0.01884694,1.98,0
64027.0,-4.031633438,4.548260021,-2.516420493,0.355715999,-1.41814269,-1.554895209,-0.507209327,1.542924291,1.134401472,3.285811848,-0.685929383,1.190592876,1.086662136,0.673929375,0.598263662,-0.393290823,0.366240955,-0.282989211,-0.040874768,1.370993005,-0.060459221,0.35190412,0.382535037,0.366888729,0.082725896,-0.350831961,1.301541805,0.766687715,0.89,0
150261.0,2.134746992,-1.653696446,0.119773243,-1.411470482,-1.91737468,-0.148001426,-1.731552724,0.005215619,-0.787528738,1.403314254,-0.545953364,0.091020493,1.807197668,-1.157862962,0.008583156,-0.293945013,0.416704343,-0.046120316,-0.5462394,-0.256113928,-0.083950095,0.267490064,0.386630485,1.091774254,-0.563225382,-0.306825503,0.066622225,-0.010274447,52.0,0
81151.0,1.301401989,0.325883728,-0.04543599,0.502232007,0.04548411,-0.593093324,0.095099418,-0.166858663,0.054514112,-0.291415371,-0.776400982,0.081679885,0.603714436,-0.381680316,1.130103368,0.71271054,-0.322574628,-0.053046231,0.113544083,-0.024744393,-0.335616961,-0.968240183,0.01592426,-0.501741174,0.33278841,0.145507314,-0.023936691,0.023937137,8.99,0
104743.0,-0.605191158,0.945438339,2.367582692,-0.131372025,0.099927659,-0.313451212,0.610620894,-0.353722974,1.495204628,-1.049620845,0.372280559,-2.307437642,2.22526154,1.101085709,0.546303776,-0.31287903,0.260310746,0.440373934,0.536658432,0.072450364,-0.288556576,-0.386665254,-0.309052536,-0.041526121,0.269868386,-0.7451781,-0.208279542,-0.144192572,11.27,0
156685.0,-0.129777611,0.141547455,-0.89470187,-0.457662245,0.810607981,-0.504723385,1.373587546,-0.209476451,0.208493954,-1.613618339,-0.800150416,0.501435242,1.118014326,-1.816384147,-0.681282551,0.10594645,0.71659131,0.205284623,-0.051322097,0.399447041,-0.032643295,-0.246526436,0.484107765,0.359636577,-0.435972451,-0.248480312,0.021526925,0.109191897,187.11,1
146150.0,1.74406724,0.042592793,0.032328488,3.667052112,-0.07556026,0.965884362,-0.636919518,0.369697824,-0.531384148,1.56004705,0.29890479,0.073098499,-0.61724969,0.138416724,-0.921345051,1.438969904,-1.15034286,0.6628029,-1.626021153,-0.196636766,0.332072626,0.854846969,0.142416667,0.674038262,-0.240580866,0.049306666,-0.00673607,-0.029994137,49.95,0
80120.0,1.210633229,-0.041851131,0.939956242,1.146689955,-0.562040565,0.276552747,-0.563985478,0.132696424,0.922034356,-0.205973242,-1.508879808,0.301754308,0.359382471,-0.445242388,0.219222907,0.313555071,-0.562584925,0.18840128,0.102888133,-0.094643605,-0.114986875,-0.112299062,-0.111197714,-0.452818526,0.532349178,-0.357288722,0.07252152,0.030201108,9.99,0
114496.0,-0.818859475,1.029984819,-0.085772382,-0.424094966,1.575900111,1.022504258,0.993917083,0.368261347,-0.723068817,-0.694315666,-0.165511322,0.682439677,0.507204464,0.407818996,0.457162557,-2.036591937,1.194279366,-2.55986941,-0.924867223,-0.23048932,0.168600257,0.827316803,-0.197426462,-1.379265825,-0.089322912,0.543027655,-0.279628349,-0.190155758,14.4,0
29497.0,-1.273022692,0.686899235,1.130824862,0.823346766,0.695631812,-0.369103289,0.426671608,0.32193533,-1.002566459,-0.040762278,1.368944109,0.444952767,-0.771866752,0.915552815,0.600135869,-0.409169728,0.042414036,-0.272738498,0.71581722,-0.078524951,-0.216971474,-0.718096021,0.204103099,-0.049826319,-0.237536826,-0.695353809,-0.284471044,-0.203013876,0.04,0
122083.0,1.659167816,-1.045538141,-0.612004293,-0.618755431,-0.875677942,-0.68763093,-0.260953083,-0.180921482,1.230144726,-0.540600233,-0.005020166,1.29897237,1.445448323,-0.209344861,1.105028617,0.116319183,-0.404467401,-0.596964972,-0.000220917,0.311646135,-0.022649902,-0.349803724,0.315522719,1.142501409,-0.712624946,0.256397581,-0.067402247,-7.5e-05,195.0,0
142081.0,-4.041654588,-2.339559028,-3.855456904,0.529357895,1.083242897,-1.22539706,0.771298671,0.835357554,-0.772240775,-1.301164443,0.014249716,0.260396814,-0.694474871,0.512189199,-0.998104311,0.849170297,0.69806698,0.761445011,0.280637566,-1.17411531,0.024561011,0.511858531,1.044063313,0.157833417,-0.057491028,0.571527162,0.32934542,-1.59343432,85.25,0
72800.0,1.041467649,0.507347124,0.527707265,2.78882418,-0.008664396,0.340558364,-0.182780147,0.267074204,-0.481553508,0.191050312,1.380871161,0.671707886,-0.563420844,-1.0291199,-1.219518448,0.312221853,0.837096862,-0.01895931,-0.929500593,-0.1802624,-0.04945713,0.039426138,-0.055165475,0.134680202,0.486177806,0.078489115,0.032956032,0.033522747,7.56,0
31735.0,1.193425463,-0.419473349,0.244612095,-1.088352243,-0.647931169,-0.340242798,-0.44875743,0.227122815,1.361266166,-0.787233918,1.133926226,0.115078147,-2.286290101,0.955187069,1.651179084,-0.221517156,-0.261173204,0.378079477,0.599750745,-0.243664959,-0.137903369,-0.446917115,0.06135575,-0.398372163,0.270714876,-0.857145581,0.057533075,0.012676554,16.0,0
125815.0,-0.4736376,1.093402182,0.319733759,-0.642119575,0.494336123,-0.972769131,1.078291487,-0.349333666,-0.050547191,-0.15233355,-0.675434233,0.640936315,0.971074284,-0.175733989,-0.384925208,-0.253861757,-0.398436842,-0.970896454,-0.081901431,-0.023532294,-0.207056301,-0.509765336,0.019307776,0.008458768,-0.367484869,0.135810581,-0.155486934,0.11874322,13.99,0
137748.0,1.537304015,-1.128129432,-1.925827615,1.072358213,-0.430762744,-0.459450816,-0.172678348,-0.153101105,-0.220815188,0.005831882,-1.347684675,-1.000511884,-0.366286471,-2.089424562,0.519934786,-0.368603872,1.133483563,2.653869395,-1.391591586,-0.018134613,-0.31353511,-0.949001889,-0.11811383,-0.979963801,-0.201482227,-0.655457132,0.032030457,0.060816128,307.0,0
69758.0,-0.646729732,1.023742746,1.372766178,-0.242294829,0.830416183,-0.300412629,1.184423024,-0.561600913,0.435288017,0.703615304,0.039872339,-0.264824849,0.269629457,-1.228254582,1.28491776,-0.096115958,-0.186529319,-0.606969813,-0.352968676,0.539319894,-0.487839296,-0.58680785,-0.067527523,-0.338670534,-0.13739176,0.051080383,-0.001245265,-0.44666982,8.99,0
169304.0,2.036518181,-0.022696256,-1.611837969,0.25006831,0.444992229,-0.309573411,-0.098008717,-0.169640238,0.653559699,-0.513265612,-0.873102298,0.571786989,1.543702498,-1.514870357,0.374486728,0.696403564,0.195147914,0.249096167,-0.007838173,0.026840682,-0.092128004,-0.108531515,0.11065292,0.060051955,-0.112574668,0.557516638,-0.043515507,-0.022207273,31.35,0
141584.0,1.699057235,-0.785578316,-0.566093272,0.54998544,-0.758090069,-0.718081444,-0.08773859,-0.192734277,1.00220916,-0.152602999,-0.816273582,0.820249796,0.527514918,-0.194185757,-0.20647934,0.062711563,-0.259829466,-0.885042468,0.199264626,0.142727768,-0.329234886,-1.111081311,0.33826881,0.048554726,-0.670765299,0.123834616,-0.06926462,-0.017998391,165.05,0
151301.0,-0.41601594,0.226796293,-2.995798625,0.001290711,0.169497451,-0.664558166,2.944301297,-0.320453792,-0.657306244,-0.684612602,-1.686637555,0.275422399,0.820697796,1.062236407,-0.266385257,-1.188342292,-0.129023586,0.098675303,0.781203945,0.814450395,0.768865916,1.802058055,0.83827312,-0.732790793,-0.739283782,-0.366415644,0.335408046,0.363706238,432.35,0
143995.0,1.956683328,-0.254508814,-1.712259023,-0.356740279,0.891639003,0.682085113,-0.081537535,0.181557341,0.576226858,-0.139352677,1.117779466,1.15838743,0.108278436,0.738910428,0.975244929,-0.882496898,-0.128302382,-0.64345888,-0.624153529,-0.308935001,0.347341556,1.27090519,-0.025840294,-1.597075815,0.176075183,-0.240828298,0.045790233,-0.083517147,1.0,0
74309.0,-1.426244595,-0.166437993,2.479885675,-0.336462494,0.956447993,-0.527875941,0.393392097,-0.034072601,0.399302009,-1.003398108,-1.465925354,0.078013508,0.118967805,-0.748331114,-1.050825734,0.474399987,-1.06803534,0.105599384,-1.545573583,0.11143827,0.133099868,0.381447576,-0.356321612,-0.107189819,0.891190765,-0.457155023,-0.154627628,-0.148992305,37.88,0
164407.0,1.825421251,0.168182397,0.099011251,3.796643211,-0.334854583,0.138695552,-0.465791385,0.117447721,-0.310018758,1.453340215,-1.523662285,-0.87545325,-0.831607364,0.110661275,0.056528431,1.496103362,-1.08527548,0.301535909,-1.837657112,-0.267304898,0.193548154,0.4719883,0.173381583,-0.170437458,-0.307968236,0.004263914,-0.004347605,-0.028348637,37.93,0
116601.0,1.878899313,0.475013758,-2.08159594,1.413138233,0.82875714,-0.647601912,0.318999602,-0.061997956,-0.05714231,-0.540524121,1.637770084,0.459917168,-0.453474275,-1.608155251,-0.078155563,0.878741928,1.069867021,0.939991144,-0.4266176,-0.109274106,-0.285626784,-0.885475427,0.267510395,0.429753444,-0.146125397,-0.97450015,0.02113207,0.011661498,43.25,0
165393.0,1.77751509,-0.049877862,-2.165418855,1.173591328,0.780475698,-0.972266669,1.045460148,-0.493146281,-0.5999406,0.462386164,0.807123897,1.23726679,0.804837876,0.872410656,-0.637163396,-0.223879145,-0.827181129,0.100008587,-0.028856369,0.088747672,0.302578104,0.68241666,-0.254590218,-0.291165049,0.555295807,-0.43391535,-0.063067025,-0.052760241,150.0,0
149197.0,2.014088663,-0.350839548,-0.586753779,0.299346339,-0.376001994,-0.324149435,-0.45447504,-0.042371461,1.339441039,-0.164968827,-1.493002557,0.248570695,0.164998289,-0.065990971,0.71429077,0.4153546,-0.811326742,0.059473605,0.204206852,-0.183525808,-0.223100097,-0.514088585,0.270146176,-0.761633434,-0.334631759,-0.578667021,0.031570327,-0.036341457,18.99,0
42123.0,1.15614786,-0.746912287,0.06808686,-0.367193037,-1.146643274,-0.879466976,-0.54549825,0.002055358,-0.672284952,0.296924603,1.469524143,-0.679206948,-1.635864989,-0.816301275,-0.47097861,1.331983319,1.224329058,-0.612842185,0.86171267,0.176007693,0.020897807,-0.234315973,-0.058815505,0.435717474,0.33345377,-0.335941965,-0.008804994,0.042345387,102.19,0
67857.0,-1.739333784,-1.30465465,0.314102907,0.053740106,-0.0586957,0.071259557,0.694861853,-0.313269935,-0.649377114,0.51756788,-1.356557756,-0.238382664,0.069579019,-0.431690054,-0.674723889,-1.654161807,-0.053960601,0.52074584,-1.554561747,-1.463994324,-0.665172079,-0.632078029,-0.4211758,-0.400774353,-0.001640302,-0.495162313,0.03163262,0.066279688,320.0,1
54722.0,-3.00611118,2.196355377,-1.056618056,-1.252080205,0.325368333,3.685407179,-2.169014428,2.781905739,0.284867622,0.177081274,-0.852629841,0.35163389,0.43538438,0.703474378,1.466531138,1.411276607,-0.564907378,1.115540906,-0.18511071,0.108379662,0.365979017,0.545936598,0.098124161,1.027504486,-0.02224885,0.405191165,-0.349359375,0.149468445,6.26,0
154543.0,-3.945068015,-4.154507762,1.528542391,1.133350832,4.937187366,-3.513803924,-2.427933553,0.39345686,-0.570448993,-0.008286803,0.962895306,0.90676204,-0.124216887,0.710441144,-0.01950925,-0.577167271,0.07230098,-0.02220602,1.51362028,1.375953466,0.190740071,-0.915603955,0.692576356,0.011231483,0.504182534,0.483721148,-0.193335903,0.140991715,15.99,0
27959.0,0.773446781,-0.514365154,0.166785329,1.632440087,-0.621635061,-0.58726249,0.39379551,-0.169995162,0.380224328,-0.163448617,-0.880448134,0.060063481,-0.811637984,0.235633275,-0.236426204,-0.36642533,0.034303688,-0.39252971,-0.076186475,0.251474459,-0.00183569,-0.349905318,-0.280518986,0.397571045,0.628489899,-0.364000398,-0.023883718,0.056973607,233.0,0
64412.0,-1.348041644,2.522820676,-0.782432259,4.083046652,-0.66228033,-0.598775713,-1.943551851,-0.329578951,-1.853274226,-3.162135955,1.533193838,-4.635126948,-1.113572734,-6.435870738,-0.293191948,-2.849930795,-3.654258288,-1.183034137,0.831623853,0.348896285,1.079871408,-0.35202641,-0.218357653,0.125865684,-0.074180176,0.179115527,0.612579819,0.23420609,1.0,1
44808.0,-1.024235159,1.404469759,1.271750624,-0.395171926,-0.233675314,-1.235633764,0.581932347,0.113555517,-0.700883501,-0.746885242,-0.108505917,1.086799384,1.550429777,0.100942209,0.107486064,0.405898178,-0.515182066,-0.696179952,-0.850819417,-0.209901247,-0.02410057,-0.298753518,0.146178785,0.7276071,-0.534678761,-0.180396529,-0.300783001,0.09497397,0.89,0
69436.0,-0.590471722,1.08384325,1.804315797,0.851882029,0.044919195,-0.439370149,0.596318481,0.08890365,-0.547202281,-0.158977624,0.059738645,-0.007669414,-0.277877377,0.355431789,1.458195001,-0.533681851,0.196928171,-0.605461299,0.04211401,0.129550675,-0.126862168,-0.269090433,0.034659786,0.34521266,-0.284427265,-0.545788848,0.393642118,0.195681905,8.65,0
41579.0,-3.03059743,-4.403696315,1.627870535,-0.535434173,1.308364028,0.13462728,-1.452700316,0.831267884,-0.175799476,-0.426919789,0.054756536,-0.015243201,-0.329947968,-0.676611799,-0.223714486,-0.442979538,1.748701675,-3.228917123,-1.443199566,1.368916709,0.743608457,0.908706326,1.590262322,-0.683697679,-0.800705833,-0.429205712,0.055438328,0.266009027,370.14,0
155542.0,1.868225752,1.363077038,-1.994934283,4.173515744,1.23975095,-0.746186462,0.572730531,-0.13123484,-1.551838521,0.228849431,1.701894708,0.144622386,0.104087684,-2.954166723,-1.374121926,1.889417455,1.714510739,1.104659911,-1.597440213,-0.172216498,-0.301001481,-0.818972281,0.206812307,-0.263683032,-0.114958101,-0.240672124,-0.006629449,0.017257735,3.14,1
147578.0,-0.889237017,1.531341785,0.422869062,0.984198999,0.672699777,-0.81138156,1.221705981,0.071000075,-1.338678548,-0.669487155,-1.084669189,0.287506038,0.439978082,0.685566129,-0.282963675,-1.069863541,0.372127205,-0.315282416,0.974918167,-0.012232073,0.117714542,0.335918013,-0.542855055,0.086923032,1.173345506,-0.192207116,-0.081948153,-0.024528424,22.26,0
56856.0,-4.905577276,4.381567948,-3.588600181,-0.22578234,-0.72437687,-0.201181765,-0.293002737,1.565808457,1.848054169,4.615654455,-0.442230429,0.926733905,0.722908063,0.441764957,0.225574666,0.260256115,-0.634541119,0.752343341,0.832342615,1.646871576,-0.361763227,0.033811908,-0.007104334,-1.423370144,0.384187685,-0.277920435,1.387449715,0.971003324,36.68,0
70814.0,-0.588177747,1.25259963,1.118752293,-0.289238115,0.353955512,-0.397693838,0.770762841,-0.06250713,-0.297339907,-0.03651939,-0.958498653,0.201731342,1.158242749,-0.173692763,0.818308472,0.378905999,-0.763810151,-0.214141732,0.292249737,0.316542384,-0.302254824,-0.690940564,-0.119578843,-0.451281881,0.004078402,0.124673757,0.378434193,0.1758605,10.48,0
165047.0,1.988026088,-1.902453212,-0.936205223,-1.516945904,-1.489159769,-0.424542423,-1.096833417,-0.105401545,-1.309202668,1.672389675,0.355516852,-0.311737639,0.176971737,-0.236928206,-0.758812713,-0.183650931,0.124587184,0.607507268,0.178236729,-0.146218031,-0.044213158,0.036530564,0.08014785,-0.355519384,-0.301477617,-0.191965818,-0.011550716,-0.035538771,158.05,0
135198.0,-1.033550041,-0.137087939,0.145660381,-1.845611637,-0.258934516,-0.965110422,-0.483026716,0.290162229,-0.503124601,-0.196690167,1.140063195,-0.585965371,-0.673491614,-1.934758407,-0.901715239,2.112534633,0.992505014,0.029463822,-0.381398861,-0.050122705,0.257516834,0.772207394,-0.434143547,-0.089798336,0.044735824,-0.228974027,-0.221072974,-0.360929105,29.0,0
70881.0,0.751236605,-1.587891407,0.25182589,-0.336334555,-1.297754631,-0.054714725,-0.4028083,0.071116134,-0.648856812,0.505274725,1.394540656,0.150659681,-0.739471411,-0.029072326,-0.841202601,0.490663103,0.829245638,-1.646809925,0.708961162,0.544989991,0.23309588,0.090832774,-0.229155232,0.259206979,0.301261346,-0.27263294,-0.030701706,0.049115045,290.16,0
156744.0,-0.641237365,0.765782634,-1.326029785,-0.461120082,1.226214308,0.578584107,0.187741651,0.798661019,-0.080040614,-0.808352757,0.853323857,-0.153631542,-1.468459028,-0.013327593,0.946975035,-0.27323063,1.027194102,0.270346327,-0.730748848,-0.212096931,0.402921202,1.194502674,-0.09469644,-1.735439946,-0.51396228,-0.033558144,0.169268275,0.087701658,29.39,0
7740.0,1.023873869,2.001485266,-4.769751832,3.819194585,-1.271754227,-1.734662427,-3.059245032,0.889804792,0.415382113,-3.955812344,3.572054816,-7.186451591,0.147242341,-5.249304549,1.678333674,-2.641473109,-1.31205856,-0.391716051,1.118263552,0.204137684,0.343282649,-0.054195664,0.709653952,-0.372215867,-2.032068366,0.366777602,0.395170669,0.020205539,1.0,1
66037.0,0.286302364,1.399344748,-1.682502709,3.86437704,-1.185373402,-0.341732014,-2.539380123,0.768378375,-1.547881628,-2.659717947,2.621588126,-3.462361885,-1.054300173,-4.955823304,-1.400274458,-2.339942917,-5.197794477,-1.342814498,0.288846911,0.270360155,0.352456414,-0.243677652,-0.194078547,-0.172201087,0.742237198,0.127789797,0.56973079,0.291205859,7.53,1
17220.0,1.189784357,0.942289402,0.082334145,3.024049706,0.412406009,-0.214414558,0.053557839,-0.110353351,0.883797757,-0.554223901,0.154921009,-2.776756575,1.641206626,-0.456076957,-1.240414392,0.857322736,1.707024466,0.526349196,-0.86510461,-0.143434645,-0.502635558,-1.047397528,-0.056752024,-0.340688405,0.541235201,-0.098300287,-0.00304112,0.04981902,3.79,1
35950.0,0.430731717,-1.705487597,-0.487537588,0.056846202,-0.859369299,-0.269592444,0.457903777,-0.17874091,-1.564683263,0.674058191,1.465937284,0.719645145,0.19693447,0.691847046,0.203917046,-1.54103602,0.063957179,0.619070598,-0.866077306,0.392402211,-0.368965148,-1.667548481,-0.176381186,0.000515964,-0.057858806,0.133837553,-0.114534235,0.078477747,463.0,0
149096.0,1.184891123,3.152084205,-6.134779825,5.531252206,1.733866514,-1.816861466,-0.916696278,0.265568287,-3.158014235,-3.890169242,4.736593843,-4.162115192,-0.456696779,-10.26675811,-0.583018263,0.513470571,0.113665406,1.488620359,-1.805576714,0.336441866,0.124235616,-0.82386465,-0.079887356,0.02882779,0.389711469,0.060171071,0.485186935,0.326551572,0.0,1
153022.0,-0.121962132,1.106963583,-0.689083585,-0.176520289,0.30239294,-1.136555951,1.245329685,-0.344850423,0.232896727,-0.586095373,-0.564738868,-0.637161819,-0.733086908,-0.77354529,0.839530928,0.00614218,0.507383418,0.675313455,-0.263199701,-0.099645046,0.271425305,0.978830698,-0.171851433,-0.09280589,-0.384515816,-0.157128556,0.161744009,0.169483667,76.89,0
145979.0,1.751542878,-1.66512453,-0.894180152,-0.665677632,-1.081004459,-0.211044214,-0.682531973,-0.031037189,0.242727624,0.553565155,-1.069645622,-0.711430765,-0.591416524,-0.335815602,-0.256324266,0.984786176,0.417448552,-1.736019821,0.837562986,0.363075726,-0.099335478,-0.7598295,0.273336825,0.556290608,-0.563988952,-0.616127257,-0.038386694,-0.002131448,225.08,0
80871.0,-1.39984755,-0.108491234,1.916229159,1.147211824,-0.28190412,0.006812963,0.482953926,-0.002143928,0.03256508,-0.395895211,-1.191912898,-0.627145391,-0.710234757,-0.068546677,0.89336935,-0.111905755,-0.130682052,0.555028187,0.70157204,-0.07897737,0.112720884,0.488103964,-0.40249092,0.071973486,0.485732485,-0.067648851,0.147053917,0.003661774,198.0,0
167296.0,-0.718059265,0.49671936,0.126041912,-0.981844093,2.876686952,4.235512531,0.148926012,1.142163444,0.224092971,-0.887733452,-0.8227129,0.307216406,-0.621734661,-0.214940178,-1.507113618,-0.328189722,-0.417264331,-0.903828978,-0.538819857,-0.225871137,-0.444378852,-1.254172484,0.0975022,0.608359794,-0.213222588,-1.200833178,0.059064693,0.150412021,8.38,0
108254.0,-0.896128496,0.230576085,0.675868244,0.225525059,0.735033378,-0.700864199,0.5087901,-0.103803953,1.581750113,-0.636590986,1.449527696,-1.808060343,0.99526159,1.706723625,-1.687770232,-1.000059568,0.657708524,0.786573225,1.052131667,-0.125931472,0.040129511,0.893709194,0.282735671,0.034675248,0.015844108,-0.43580584,0.387999689,0.166535487,6.0,0
165545.0,1.715526647,-1.215659747,-0.977663243,-0.89278258,-0.599330342,0.01808304,-0.55718879,0.068037471,1.305860258,-0.288489677,0.600110931,0.907184641,0.195867823,0.13235806,0.5747627,0.612539107,-0.942957367,0.789881323,0.485267366,0.239563845,0.29797145,0.577484031,-0.002439025,0.359588294,-0.354376154,0.660962173,-0.079665152,-0.029736202,179.0,0
160480.0,2.073559265,0.153022141,-1.691066158,0.425962172,0.390248486,-0.902639857,0.178292589,-0.23239002,0.50823581,-0.374813884,-0.55717693,0.099698133,-0.049877732,-0.820985646,0.214667393,0.311938581,0.491506246,-0.305116257,0.041487681,-0.164920829,-0.364014251,-0.947287414,0.345550234,0.565089039,-0.265950248,0.170048508,-0.063273764,-0.030436621,1.29,0
165964.0,1.902678076,-0.469332348,-0.531268829,0.354749928,-0.425877052,-0.163304329,-0.469193694,0.033320464,1.285578763,-0.197110721,-0.910576109,0.408293238,0.031462701,-0.0201739,0.770212594,0.2096093,-0.54898907,-0.183284585,-0.10165718,-0.109701553,-0.161003915,-0.455461066,0.358896368,0.556287637,-0.42875394,-0.650039864,0.023522681,-0.017425632,54.67,0
51575.0,1.192521447,0.198539653,0.147221236,0.456950175,-0.025363801,-0.105564947,-0.14518543,0.140083734,-0.109293535,-0.138313928,1.448224902,0.552219208,-0.475585451,0.048025146,0.741296873,0.509068659,-0.059706867,-0.065167569,-0.139044003,-0.132328487,-0.237295489,-0.717291982,0.113491311,-0.366291557,0.134794896,0.129202544,-0.015154471,0.012528994,1.98,0
119808.0,0.027059939,0.806343303,0.179554215,-0.776509295,0.611235326,-0.618773699,0.897256719,-0.035398753,-0.269646925,-0.23892104,0.472047657,0.676675278,-0.101482768,0.305987894,-1.071475144,0.200211497,-0.770811385,-0.138981687,0.326739535,-0.024751196,-0.231418638,-0.524284394,0.016693837,-0.345080324,-0.479904515,0.140942088,0.242722192,0.083710584,2.58,0
155286.0,-1.204252901,-0.480914799,-3.128651426,-0.598335413,-8.042128145,4.58138001,10.44769321,-2.27689649,0.124818456,-1.244363914,-0.059634702,-0.644505655,0.007461252,-0.502942088,0.174066688,0.17693369,-0.76401316,-0.737283445,-0.374095164,-0.76992303,-0.795502045,-0.034943173,0.338475867,1.224821881,0.151757988,-0.161556676,1.177939318,-1.069253837,2028.99,0
26931.0,-22.56169926,13.20890428,-24.64381878,6.232531823,-16.90561136,-4.49743872,-16.81018419,14.95510677,-3.871296823,-8.581265516,5.25698761,-7.393614992,0.538800829,-7.577552018,-0.030725532,-6.454783237,-12.84565652,-4.865917737,1.06244185,1.621444225,1.765986636,-1.635516647,-0.998316503,0.138972227,1.55935014,-0.222124517,1.50442466,0.445919826,99.99,1
14439.0,-0.409597964,0.589661807,2.062646174,-0.407604433,-0.305347472,-0.033683379,0.043371358,0.177172939,0.939230575,-0.836583815,2.492551769,-2.124363458,1.05585412,1.710131071,-0.042629583,0.250544972,0.444867225,0.373570057,-0.380408443,-0.080332067,0.099659285,0.485864989,-0.092551529,0.219470493,-0.398984022,0.99194428,-0.029259167,0.032364201,15.95,0
104366.0,-0.792721431,0.477943014,1.576152906,-0.344665935,1.019454506,1.814885987,0.051827548,0.151299919,2.007633974,-0.863366015,0.89205901,-1.65887065,2.683143886,0.760427737,0.645224404,-1.582754138,1.30225716,-1.328782616,-1.541851897,-0.201778753,0.297118532,1.587501852,-0.216729703,-1.444240917,-0.626170198,-0.096451858,-0.316699452,-0.006479013,15.13,0
172301.0,-2.069405452,-1.027168598,1.18034938,-0.191722315,0.856914358,-1.5091543,-0.833407424,0.640318858,0.359458819,-1.12997046,-1.340174304,-0.411870527,-1.23156448,0.658384094,0.819144939,0.459465176,-0.412553033,0.255987072,-0.350200353,0.194553784,0.11153748,-0.493412484,-0.051267428,-0.150046501,-0.364975645,-0.619380141,0.049978743,-0.205516684,1.0,0
102489.0,-2.296987499,4.064043342,-5.957706345,4.680008064,-2.0809376,-1.46327216,-4.490846869,1.029246283,-1.593249251,-8.993810884,7.8644674,-10.64983965,1.826591016,-12.91363174,-0.766330315,-7.954097709,-7.8096351,-1.718511172,3.832985142,1.264953797,1.089084184,0.97539781,-0.625530334,-0.535180928,0.247435029,0.160399508,0.969581605,0.335041294,104.0,1
145123.0,2.137378971,0.041251159,-1.766723933,0.07071312,0.673383336,-0.497756459,0.249717405,-0.316428806,0.491821137,-0.018974889,-1.221131348,0.513069927,1.166504249,0.239151287,0.735621426,-0.014946458,-0.853937392,0.099449213,0.056225938,-0.129636774,0.201010505,0.758408212,-0.068455511,0.093989946,0.419113607,-0.101576205,-0.019396423,-0.05711877,1.79,0
44464.0,1.191831288,0.244981034,0.495147646,1.67600062,-0.268714559,-0.287969082,-0.112376774,0.048792116,-0.400294887,0.571067236,-0.479626102,-0.76461894,-1.285180586,0.512627145,0.972609861,0.477596323,-0.154704612,-0.70139673,-1.108391859,-0.22104564,0.027873003,0.024577716,0.019067786,0.098963788,0.240323012,1.033836164,-0.074860197,0.000191012,3.91,0
135304.0,2.218632593,-0.657393807,-2.20501146,-1.09450967,0.087055574,-1.067291601,0.011769612,-0.285285422,-1.011598993,1.130189989,0.900088756,-0.814155118,-1.622479011,0.881830126,-0.510320626,0.662081508,0.240367536,-1.082452967,0.881058174,-0.11154136,0.386466518,0.97263688,-0.02094898,0.725227787,0.36361086,0.034230113,-0.096019444,-0.086746667,19.0,0
134604.0,2.100799115,0.073208378,-1.533877271,0.195745024,0.427573646,-0.804255299,0.274193001,-0.362702775,0.423576231,-0.025427769,-0.699993136,0.801610205,1.276487608,0.230713556,0.673249355,-0.183195794,-0.668102013,-0.103235444,-0.149759295,-0.135723824,0.23862259,0.875741258,-0.003026103,0.643934264,0.353817156,-0.135884374,-0.01719064,-0.051305074,0.99,0
119375.0,-0.967089447,-0.413847196,3.198472667,-0.396769817,-0.849661922,1.257785613,-0.880772198,0.618269497,0.338628458,-0.539720354,-2.458357134,-0.213115419,-0.360416614,-1.482834364,-2.252312602,-1.503600147,-0.013164819,1.728722906,-1.423681721,-0.51655177,-0.236078861,0.077407372,-0.339928642,0.698016608,0.659547154,-0.465552551,0.149743486,0.092743077,25.0,0
118226.0,2.175106333,-0.924235136,-1.854677807,-1.263412482,0.031834816,-0.27339756,-0.393244965,-0.217136724,-0.718766145,1.012970151,-0.092918336,-0.192012362,0.732135686,0.054670634,-0.273249309,1.502784849,-0.635689859,-0.352899108,1.18573671,0.151040444,0.44459853,1.180199746,-0.244878477,-1.31099719,0.33505726,0.134001456,-0.048681909,-0.078667267,65.85,0
127986.0,1.241130243,-2.297393233,-1.073226019,-0.448096104,-0.687795617,1.489832548,-0.71699144,0.40111658,-0.235652635,0.677788958,0.704313814,0.636158325,0.047007538,0.201306629,0.564042797,-1.516201517,0.140072263,0.323593973,-1.457949925,0.102075557,-0.303860952,-1.128956645,0.181570125,-1.677930244,-1.074240467,0.306283591,-0.044030139,0.000535486,395.82,0
157482.0,2.249082856,-0.896599396,-1.010952315,-1.014926496,-0.580705671,-0.370207113,-0.833225341,-0.156973581,0.044851728,0.740781164,-1.669646898,-0.643833899,0.657490386,-0.517191495,0.12044542,1.349397707,-0.207850517,-1.037387095,0.931605341,0.011086695,0.150693675,0.533240262,0.050044646,-0.971734154,-0.02226301,-0.115959462,0.002314213,-0.059840447,10.5,0
87297.0,-1.603420788,0.74753416,-1.291857057,-2.764552193,1.290411726,-1.357734484,1.326002525,-1.14799347,1.226391426,0.587685222,0.439109167,-0.386360456,-2.63411354,0.515231327,-1.562954655,-0.354897855,-0.796675856,-0.060198874,-0.525601595,-0.187460951,0.693323551,0.491463503,0.216828096,0.768890043,-0.189357979,0.439942179,0.080753518,-0.193056696,1.0,0
150643.0,1.850557362,-1.00899977,-0.773633776,-1.266147813,-0.79742879,-0.409300154,-0.645577747,0.041767178,1.645278712,-0.546153251,1.057344492,1.15123472,-0.052549485,0.215480877,0.755090635,0.180481382,-0.717474309,0.770680125,0.546190361,0.035168379,0.29892587,0.79925792,0.097596937,0.82265854,-0.267360352,0.155014888,-0.025459458,-0.034397399,95.74,0
86376.0,-0.67023813,0.945206352,0.610050626,2.640065087,-2.707774626,1.952610561,-1.624608199,-5.229907862,0.210202028,-2.06990439,-0.529805728,0.999716276,-0.086112024,-1.50855714,-0.450669492,-0.328387383,2.270271178,0.709666018,0.913175997,1.474928757,-2.504450187,1.436472378,0.351542386,0.648466904,0.579681417,0.075737593,0.346717084,0.282208626,323.77,1
34634.0,0.333499491,1.699873446,-2.596561167,3.643945269,-0.585067615,-0.654658532,-2.27578851,0.675228969,-2.042415924,-2.83487116,2.802005126,-4.392732438,-1.36967145,-5.327286652,0.163158962,-1.359389477,-5.095182879,-0.338012656,-0.124137989,0.329341714,0.469211945,-0.144362651,-0.317980934,-0.76964431,0.807854588,0.228164299,0.551001874,0.30547342,18.96,1
35473.0,-0.557095661,-0.38187454,1.733212729,-1.054305865,-0.988392991,0.570230613,-0.014018605,0.28114365,-1.445163714,0.325394665,1.06827937,-0.885564109,-0.741361237,0.02409237,0.863412998,1.050419958,0.351459141,-0.441526758,1.20669021,0.486456678,0.516177041,1.122920592,0.05324332,-0.299190552,-0.053655421,0.005670209,0.080059049,0.10234786,148.0,0
82763.0,0.797696873,-0.727068903,1.172990801,0.738138281,-1.329681051,-0.331479022,-0.445125521,-0.056938767,0.534862876,-0.248927826,-0.187264617,0.858954281,1.617560678,-0.438131944,1.490711626,0.820193879,-0.752250519,0.283595981,-0.658074568,0.441040592,0.359693553,0.683580995,-0.228278707,0.492156805,0.155825077,0.550317066,-0.017250832,0.069884157,214.8,0
67351.0,-2.268736685,-2.082593671,2.678620551,-1.101618537,-1.306605732,0.353148254,-0.133294591,0.609125368,2.295429241,-1.999848986,0.035851629,0.982914129,-1.348733295,-0.86495231,-1.879134154,-0.692494427,0.075989494,1.062732733,0.663362368,0.974498502,0.426453976,0.885121319,0.497799665,0.339373997,0.901445608,-0.482709916,0.241657575,0.174783664,350.0,0
150818.0,-2.604584201,-1.678948563,-0.907286639,5.463562622,3.649555957,-2.225674975,-0.458908994,0.190582175,-2.824117297,1.574529905,-1.192898583,-0.172845501,0.666707292,1.365421137,0.076557211,-0.994533631,0.698550579,-0.195049132,1.143562515,1.08072395,0.799957612,1.085282936,-0.326026929,0.102068345,-0.263686675,0.655688155,0.133686774,-0.41971942,12.14,0
97258.0,-0.820424492,0.735701964,0.169149841,-1.541289955,1.676700231,-1.746694776,1.516418167,-0.41197668,0.448928836,-1.362515394,1.71216222,-2.084640047,0.836346195,2.377091516,-2.082216624,-0.085675815,-0.202885367,0.270027414,-1.076478354,-0.236899831,0.137980064,0.45247012,-0.450564016,0.051916094,0.700105766,0.00497938,-0.060480722,0.075325288,7.68,0
51358.0,0.964226655,-0.749265756,0.71512759,0.087953455,-0.890956721,0.265052498,-0.590239009,0.153546796,0.619972879,-0.167421286,0.580864598,0.987499467,0.591691571,-0.24160383,0.019108335,0.76143634,-0.773406685,0.583401089,0.444311128,0.278057444,0.165598264,0.309130339,-0.250892367,-0.234498787,0.237707856,1.117470445,-0.063677157,0.022949907,144.81,0
120515.0,-0.747558808,0.665322755,1.044561308,2.514339219,1.689879716,2.968390546,0.495384178,0.855280334,-1.266275584,0.473268741,-0.411209247,-0.305949798,-1.264624649,0.031390089,-2.086442759,-0.056812236,-0.101921735,-0.734937487,-1.850843213,-0.135765787,0.291621387,0.859015114,-0.096581214,-0.973431135,-0.144838961,0.182544326,0.147261132,0.143851197,77.71,0
599.0,0.142623031,0.615164603,1.421546993,1.291217358,-0.617997169,-0.428987746,0.678547976,-0.367664404,0.162606581,0.270924218,-0.367729528,0.131576417,-0.092987035,-0.286104226,0.421350576,-1.087501364,0.541915716,-0.464147858,1.782341074,0.118753324,-0.118523734,0.073900645,0.295626883,0.74064572,-1.544209345,0.133509984,-0.001465889,0.014812932,55.61,0
168991.0,-1.524963144,2.060509951,-2.168045541,-1.231078481,0.236344607,-1.177088394,0.397059523,1.127354296,-0.609207872,-0.342495433,0.232814978,0.378344017,-1.444539973,1.971722157,-0.737865542,-0.123350769,-0.048915982,0.287317726,0.019286276,-0.212092751,0.347157541,0.832163243,-0.00862407,0.712824375,-0.205089477,0.059528693,0.226623401,0.184521426,7.7,0
114367.0,-0.097998338,0.79958272,0.767994802,-0.003652088,0.692816206,-0.82206394,1.097137377,-0.506265688,-0.298727572,-0.070876978,-0.630026248,0.219256577,0.55900422,-0.070661463,0.26801272,-0.753946141,-0.044588301,-0.755720623,1.091236429,0.088756163,-0.195502854,-0.308539091,-0.004677008,0.017499796,-0.81922157,0.256254083,-0.162805518,-0.019640818,0.89,0
163890.0,-0.316193378,1.032226381,-0.157626823,-0.511527177,1.095270002,0.684232406,0.428796685,-0.602842543,-0.318223642,0.068838291,-0.250310166,-0.076087098,-0.70539763,0.554815061,-0.209058579,-0.050928984,-0.467073276,0.340503773,1.753848715,-0.024879033,0.505949508,-0.862514997,0.055440767,-0.435743504,-0.624722899,0.340562297,0.412464836,0.234343895,4.49,0
94029.0,2.013608469,0.255489733,-2.128886092,1.179442184,1.059679586,-0.564691281,0.592150493,-0.318051838,1.02566035,0.202622219,1.304756171,-2.515297438,0.237329767,2.704375759,-1.096944928,-0.119454073,-0.017095656,0.677541094,-0.146710306,-0.296214854,0.047827666,0.306911265,-0.087068173,0.266612976,0.52559951,-0.483510812,-0.087821129,-0.077333203,36.0,0
44485.0,1.222296472,-0.210291334,0.434838245,-0.295608528,-0.485492209,-0.069114107,-0.475525205,0.206745086,0.328015341,-0.053204254,1.204517847,0.279240951,-1.063408483,0.562741038,0.952801034,0.459360393,-0.390161458,-0.125064711,0.091516184,-0.151669947,-0.090301898,-0.29981544,0.08876509,-0.277002862,0.020247612,0.940967218,-0.065728415,-0.010172849,0.77,0
148360.0,2.129801402,0.6176876,-3.342772089,0.657876345,1.298483533,-1.505997048,0.748742483,-0.408075874,0.203113478,-1.014793446,-0.409037237,-0.97666238,-1.215311768,-2.229072742,0.136541532,0.464607501,2.127711461,0.776388611,-0.182030041,-0.183905608,-0.101706468,-0.135134227,-0.067190506,0.275086389,0.406437507,0.701036886,-0.08882091,-0.018121661,0.76,0
76437.0,1.087734003,0.050824258,0.578645518,1.550664032,-0.564407008,-0.521165285,0.005489617,0.028732993,0.478543768,-0.090670588,-0.31429055,-0.087727438,-1.715555638,0.399857122,0.032711877,-0.806281867,0.543657489,-0.965263574,-0.564911913,-0.263496185,-0.071872314,-0.090073455,0.003707668,0.574613508,0.533960094,-0.342308479,0.027159138,0.021549589,28.19,0
85200.0,1.004468431,-0.892209925,0.754325226,-1.284093793,-1.343313376,-0.543380198,-0.566553267,0.017206347,1.562891697,-1.064514125,1.416111164,1.792684403,0.686825484,-0.149142911,0.568571628,-0.243421063,-0.364947126,0.627696232,0.923198681,0.210413225,0.243664231,0.7059693,-0.228712958,0.429278025,0.436630335,0.082410404,0.024357783,0.03488812,120.0,0
150747.0,2.04621761,0.151704669,-1.79396908,0.214215808,0.727188742,-0.277617467,0.116555915,-0.090581151,0.12945035,-0.24124498,1.048629896,1.19113792,0.849803075,-0.823886592,-0.515679429,0.504593329,0.121374558,0.097422417,0.380018188,-0.089642863,-0.317933335,-0.797235135,0.286967331,0.148698534,-0.234653444,0.175523871,-0.058286352,-0.042600285,1.29,0
62176.0,1.199338186,0.391901777,0.499574387,1.235179138,-0.277751997,-0.834512812,0.210075619,-0.251012523,-0.181881325,0.012502002,-0.190537977,0.801697264,1.17992765,0.104946968,0.859462647,0.165217047,-0.555929944,-0.309651768,-0.437908555,-0.036359093,-0.032501843,-0.051557807,-0.045281538,0.391730827,0.568339905,-0.427760261,0.025453074,0.03082859,20.0,0
132725.0,-2.649661491,0.074924843,-2.52125595,-4.230721441,-1.09824467,-1.889465615,-0.269093298,1.251322967,-0.249816284,-1.635040527,-0.379593279,0.955753252,-0.761532832,1.864510933,-0.843468279,-1.584118763,-0.018161358,2.038109018,-0.621403133,-1.254819185,0.015032105,0.183260246,-0.077036684,-0.350639072,-0.099745562,-1.039141495,-0.254374781,-0.308570325,50.0,0
125352.0,-0.50794749,-0.5469175,2.291672538,-2.112875976,-0.845382272,-0.425270399,-0.858401518,0.256730198,-0.103172128,-0.278319154,-1.23064267,-1.202535106,-0.519649783,-0.838791216,0.024842428,1.800782428,-0.27679836,-0.577113945,-0.521136654,0.00071933,0.512458591,1.377962159,-0.18141373,-0.003468343,-0.405187813,-0.195736262,0.166437954,0.161655376,0.02,0
58395.0,-4.498225352,-6.984237251,1.926483105,0.014614732,4.085542351,-3.683975174,-3.914113937,0.339713387,-2.129225147,1.972834125,0.630699001,-1.133631041,-0.636961558,0.118071811,0.721815455,-0.754136802,0.611149976,1.456662378,1.269979946,1.803124943,0.590676783,0.166275682,1.090147126,-0.04097992,0.613259493,0.161048803,-0.345902589,-0.034947319,170.0,0
161146.0,0.393458172,0.481714991,0.065575958,0.185813389,1.134798112,-0.242159734,1.201706351,-0.770952881,-1.486659629,1.19104594,-1.016510786,0.074680836,1.323412929,-0.41612377,-0.448688524,-2.779823888,0.056394942,0.803417059,0.011129406,-0.304272618,-0.353477498,0.003406833,-0.228567236,0.603902824,-0.120391231,-0.534698683,-0.303697274,-0.374716473,5.0,0
79962.0,1.145367884,-0.061801899,1.278945952,1.350793941,-1.014744849,-0.213799142,-0.572808131,0.103862693,0.932725964,-0.195292515,-0.835004527,0.338071157,-0.240208191,-0.30402594,0.20790127,0.090295434,-0.231321249,-0.029381432,-0.211517655,-0.144773606,-0.063164606,0.003664678,-0.004595373,0.375990011,0.403846203,-0.408166421,0.070093672,0.038266712,12.99,0
50484.0,0.833707062,-1.898958331,0.133713618,-1.209686719,-1.552169626,-0.283588874,-0.520215851,-0.133936086,-2.379362751,1.391773926,1.830331135,0.505433134,1.326151284,-0.12628581,-0.012841126,-0.593658273,0.59571165,-0.299529319,-0.398833751,0.32279736,-0.062599729,-0.463289414,-0.127107239,0.220819042,0.094613516,-0.374976826,-0.013713893,0.065151905,319.0,0
138884.0,2.042074206,-0.848182022,-1.221709257,-0.720955267,-0.69074754,-0.40258158,-1.031589825,0.086088833,-0.135220627,0.24541395,1.286872047,-0.374780291,-0.410838141,-1.812233499,-0.26790302,1.904872848,1.14510299,0.136383734,0.482408598,0.101072456,0.300526725,0.789598238,0.110567713,0.652182264,-0.19515901,-0.145374932,0.010985201,-0.009707235,49.99,0
156172.0,0.090372246,0.948594338,-0.336039228,-0.620634536,0.871328206,-0.609130842,0.82993023,0.057594926,-0.238268793,-0.648583694,1.037975136,0.345140251,-0.608131522,-0.711640911,-0.893398903,0.513303021,0.192059498,0.298796745,0.015473045,-0.007712982,-0.287398315,-0.740271157,0.103455972,0.646994684,-0.485850013,0.088397411,0.215595099,0.074492585,1.68,0
78997.0,-0.274935992,-4.266319324,0.560860115,-0.222977142,-3.008128835,1.037531985,-0.845663654,0.253704099,-0.657842797,0.786695617,0.493978417,0.143925465,-0.704678472,-0.902981074,-2.443505467,-1.325576085,1.589470232,-0.245036944,0.166732813,1.212058362,0.113494519,-0.743025907,-0.610668436,0.247995279,-0.099282887,-0.295615665,-0.050879488,0.158577497,835.0,0
76237.0,1.163032514,0.235938519,0.413609319,1.389494502,-0.109340107,-0.16934776,0.099044415,-0.040070633,0.224987848,-0.137954298,-0.462367351,0.760688042,0.303458093,-0.020440247,-0.141482391,-0.743375198,0.238806194,-1.031277798,-0.370981833,-0.160238358,-0.096174117,-0.021380549,-0.068109522,0.106814246,0.677527552,-0.314379261,0.042515741,0.017159797,9.46,0
141075.0,1.68162958,-1.855774632,0.148066607,-0.567041964,-1.983602849,-0.327593149,-1.29664661,-0.034159483,0.483598046,0.560304072,-0.718133181,-0.024122883,1.231068415,-0.977502823,0.588316293,1.656077054,-0.144195927,-0.732807829,0.092177592,0.491983301,0.57241665,1.285624117,-0.009597357,0.114503204,-0.478050286,-0.121600429,0.018903985,0.009662301,234.0,0
73914.0,-0.716768996,0.318914592,1.717094524,1.423797403,-1.314595178,0.930028383,0.639008235,0.057844462,0.282270927,-0.14193779,-0.594953943,-0.255948572,-0.377035112,-0.277361007,1.277382354,-0.346591972,0.185386476,0.085654277,0.228401127,-0.218935156,0.193364272,0.883713192,-0.104413259,0.115030586,-0.313857219,-0.148262874,0.046972524,0.023001578,235.75,0
8226.0,-2.129279555,-0.841248649,2.401934821,-0.188640131,0.553508656,1.909953121,-0.13405362,0.734080661,1.368235538,-1.257413485,2.675621089,-1.868144634,0.832032446,1.36673021,-0.067038643,-0.528538547,1.161069071,-0.932633282,-2.033402309,-0.415524689,0.094841606,0.925799503,0.764328218,-1.061887715,0.174920954,0.601990773,0.099518965,-0.084027945,129.0,0
77953.0,1.222232795,-0.502937659,1.000396496,-0.626599762,-1.569995461,-1.065344051,-0.718350282,0.073762517,2.139947732,-1.014186024,-0.530677127,-0.348619773,-2.349603435,0.318859322,1.49533259,-0.431996839,0.102343855,0.357544563,0.448298338,-0.280567303,-0.016789771,0.089962358,0.031661937,0.674007753,0.380498797,-0.699251002,0.079357392,0.033766454,1.0,0
79794.0,0.936580322,0.120527017,0.970583567,2.598634608,-0.572688592,-0.25154699,-0.032935032,-0.069265719,-0.558092735,0.59717042,-0.486207459,0.206926989,0.755160298,-0.025737086,0.716001231,0.932826813,-0.792634506,0.014708313,-1.246167226,0.13865684,0.183771342,0.27739429,-0.143654914,0.401323315,0.377072884,0.044056744,-0.004613478,0.052384503,121.9,0
136834.0,0.956294946,-1.931079282,-0.248426184,2.043442515,-1.404771992,0.18113815,-0.147077306,0.010580576,1.585246885,-0.264422477,-1.444308144,0.691459881,-0.038615146,-0.507517598,-0.898958507,-0.077093336,-0.180470433,-0.145980291,-0.269877818,0.709147265,0.131909533,-0.345774801,-0.140416779,0.035355916,-0.43424313,-0.850839904,-0.002577802,0.061466311,494.28,0
136246.0,2.237843927,-0.551513324,-1.426514769,-0.924369217,-0.401733652,-1.438232373,-0.119942139,-0.44926281,-0.717257576,0.851667885,-0.497634233,-0.445482254,0.324574771,0.125543176,0.26658771,0.802639551,0.225311501,-1.865493951,0.621878654,-0.045417007,0.050446758,0.125601318,0.215531455,-0.080485479,-0.063975313,-0.30717581,-0.0428379,-0.063872102,8.2,0
165570.0,2.06338494,0.104121545,-1.899299218,0.634898319,0.417651586,-0.71573303,0.018135784,-0.169347329,0.851638868,-0.671873501,-0.805990386,-0.090947499,-0.278995469,-1.695558776,-0.348946524,0.207616141,1.151365797,0.29661428,-0.030632733,-0.164681409,-0.055651947,0.122814548,0.053047371,0.502111349,0.132762575,0.616140539,-0.046228818,-0.026134602,1.0,0
47686.0,1.288726836,-0.455017075,0.101909006,-0.683462899,-0.794683398,-0.931315861,-0.127633838,-0.210007536,-1.417930197,0.816319328,1.357558559,0.781061902,0.459108448,0.43402647,-0.021193341,-1.196162805,-0.208078839,0.810149618,-0.206172798,-0.371161154,-0.726708045,-1.796728,0.238856311,0.301859285,-0.047999571,0.601793402,-0.085166599,0.005919192,48.99,0
124909.0,1.131230232,-2.286270487,-3.210620311,-0.025234268,-0.253345549,-1.204818891,1.255441491,-0.708255033,-1.08841519,0.789710738,-1.226300446,-0.767378337,-0.825394883,0.9996907,-0.160984599,-2.127511772,0.225529834,0.887208301,-0.818709415,0.525821484,0.232482293,-0.105856796,-0.568188187,0.809547504,0.279911661,0.926874679,-0.244402843,0.015043392,597.9,0
11917.0,-3.797887967,-0.354955359,0.861626618,-0.522786765,0.398695541,-1.07684595,0.352937012,-0.168588235,3.091922912,0.786763887,0.717304588,-2.162832545,1.354724828,0.456709547,-1.224464555,-0.50166038,0.79623918,-1.08033756,-0.80654674,-0.972276394,-0.914523312,0.298831121,1.093291612,0.44495281,0.3024344,0.943392077,0.90172344,-0.295650125,24.5,0
132295.0,2.186865193,0.151686537,-2.342566265,-0.098822916,0.787536288,-1.435774781,0.819699676,-0.595650903,0.207549992,0.016023305,-1.19136073,0.184007027,0.305870042,0.716215928,0.389394525,-0.458940527,-0.51814902,-0.36098553,0.363416446,-0.210434703,0.104275411,0.476732807,-0.128181959,-0.587536053,0.541749796,0.280550249,-0.084443705,-0.085674468,0.77,0
148933.0,-0.81258531,0.010654407,1.310211097,-0.48399855,-0.135043968,0.058242331,0.207702164,-1.351598051,1.415263756,1.070150994,0.950435666,-0.022483823,-1.16074755,-0.679554056,0.078986227,0.322852252,-0.938214419,0.39587502,0.28597573,-0.405176394,0.575138722,0.068353614,0.215118777,0.007980413,-1.370010017,0.220402422,-0.484808923,-0.481565647,68.37,0
153738.0,2.300813239,-0.370907368,-2.58731697,-0.977897782,0.521081088,-1.439258958,0.532507773,-0.685219757,-1.225368877,0.900099239,-0.652475709,-0.177060765,1.019491362,0.203599721,-0.608296535,0.067038068,0.425996826,-1.824313045,0.796033023,0.044707144,0.481537856,1.479896027,-0.228279651,0.795225128,0.833487014,0.266783748,-0.094922449,-0.08338542,20.0,0
170826.0,2.043573593,-0.114615001,-1.179060659,0.225761207,0.06068769,-0.709184398,0.066091649,-0.160818698,0.32086072,0.246346941,0.652533876,0.962034141,-0.0771157,0.474981445,-0.624869429,0.189575397,-0.648612349,-0.256396126,0.557149632,-0.21201096,-0.260419422,-0.654198676,0.290411509,-0.339110929,-0.289309921,0.198765622,-0.07553328,-0.073754539,0.89,0
63575.0,-1.12297109,0.486130499,0.92465202,-3.103852879,-0.156376273,-1.090533685,0.444402498,0.461117304,0.308406198,-2.062229861,1.505762078,1.347169257,-0.280918523,0.711286312,-0.067219008,0.054383062,-0.525315133,-0.19320247,-1.020213002,-0.305437186,0.191345745,0.322798224,-0.068656637,0.237897096,-0.071147953,-0.364047646,-0.054964109,0.021213954,23.49,0
53076.0,1.296230804,0.417447288,0.193963068,0.901644195,0.130531367,-0.371634021,0.158125824,-0.202668657,-0.079511756,-0.045088248,-0.876737592,0.687487636,1.574717703,-0.00779123,0.948315692,0.377153837,-0.868182736,-0.067135112,-0.064492966,-0.02955935,-0.11211351,-0.220002032,-0.121021884,-0.440454448,0.671540041,-0.413518434,0.032838041,0.020600197,1.18,1
22657.0,1.18652565,-0.284257715,1.020275479,-0.568514408,-0.913859467,-0.289413746,-0.696162952,-0.005023496,3.028772458,-1.513727752,0.807901074,-1.425665812,2.063639038,1.220469041,0.735521157,-0.78380918,0.83665442,-0.042963175,-0.010286214,-0.147633261,-0.123461114,0.175192534,-0.010396175,0.045239899,0.417286067,-0.697912837,0.084491324,0.028339602,11.85,0
71033.0,-3.170818415,0.185734555,-3.399851579,3.76115529,-2.148047028,-1.598944425,-2.519565318,1.316215011,-2.400106116,-4.993417038,4.447191766,-5.293760103,-1.419578299,-6.425276214,0.914083034,-3.515197166,-6.347453308,-0.903512166,1.191606268,1.932253725,1.092051134,-0.041080429,0.904395218,0.180015602,0.04997034,-0.257099838,0.859281566,0.225924186,426.4,1
96135.0,-1.952932626,3.541385243,-1.310561408,5.955663594,-1.003992663,0.983049268,-4.587234602,-4.892183603,-2.516752033,-2.850323902,2.024674081,-6.487746413,2.3764626,-2.241516346,-0.566869735,-3.936856918,-6.127193572,-2.328551961,1.562129552,1.965029783,-1.998091228,1.133706234,-0.041460872,-0.215378738,-0.865598577,0.212544577,0.532896738,0.357891633,18.96,1
128918.0,-0.565876374,1.047328141,1.644400451,2.544427422,1.66790662,1.432453709,0.781783071,0.147910942,-1.419504815,0.765855473,-0.575660689,0.354737849,0.559643984,-0.636897314,-3.015797342,0.633013491,-1.10905329,0.300881612,-0.820835222,0.006116618,0.11802667,0.617046117,-0.480878518,0.121635628,0.353818533,0.09529454,-0.067982607,-0.100842436,1.51,0
17230.0,-0.469326705,1.111452782,2.041002725,1.731595163,0.135146842,-0.093625175,0.26615517,0.082988236,0.580255403,-0.164562675,0.50037637,-3.021760182,0.92421326,1.500793775,-0.400282644,0.706047713,0.115114265,-0.046795879,-2.548521592,-0.358708666,0.159387389,0.592669569,-0.053596184,0.320747502,-0.369120754,-0.136604685,-0.100845187,0.039347148,3.93,1
128891.0,-0.793408989,1.116720302,0.616190265,-0.824168416,-0.315263649,-0.578004606,-0.080777794,0.654399373,0.323671923,-1.249884905,0.955579259,0.311583566,-1.06154633,-0.783642748,-0.166197515,0.891639428,0.411990908,0.907900924,-0.169493994,-0.152891638,-0.168186672,-0.556126423,0.021424206,-0.14724031,-0.244963947,-0.280728888,0.018100477,0.030880472,0.77,0
38707.0,-1.141028305,0.787401115,2.299373014,0.317840257,0.326809886,-0.300078105,0.531282404,0.086816,-0.44901439,-0.620145265,0.959714883,1.372178888,0.501361342,-0.29786403,-1.804002753,-0.143417073,-0.453146351,0.006600015,-0.307409026,-0.133889263,0.051980898,0.264802607,-0.43570525,0.583267798,0.668848093,-0.427221499,-0.055588976,0.059974,3.0,0
54898.0,-1.285734063,1.130932911,0.415461315,0.446717568,1.030142585,1.38596087,1.833103162,-0.646248236,-0.414127496,1.094651071,0.047414844,-0.823443336,-0.880249825,0.150442284,1.012287909,-0.371402015,-0.743558447,0.533641327,1.527047006,-0.236553273,-0.089656117,0.104304862,-0.659220456,-1.703365629,0.610576853,-0.111335006,-1.105662987,-0.345409165,145.0,0
73773.0,-2.085009471,-0.298864758,0.993207071,0.611420274,0.797882307,-0.44591772,-0.048142029,0.657251967,-0.422720499,-0.672710408,0.647975657,0.791887686,-0.907441632,0.596347173,-1.332961359,-0.203850887,-0.031926987,-0.238368857,-0.602974759,-0.153716585,0.156638881,0.114167064,-0.1130506,0.008292805,0.075070007,-0.528947188,-0.151108075,0.037728428,38.75,0
40742.0,-2.377532802,0.520539362,-8.094139455,8.005351473,2.640750214,-3.381586453,-1.934372441,0.562322112,-3.104027186,-3.051210355,5.735762659,-4.747692501,-0.784223284,-10.7163393,0.656516978,-1.142467272,0.918590809,1.126335223,0.092973478,-0.634747081,0.148284202,0.721099541,2.661290698,-0.508619934,-0.401656629,0.587611216,0.500326371,0.551759688,1.0,1
33385.0,-1.048855026,1.827573433,1.774413659,2.571301042,-0.107658619,-0.022353084,0.458378908,0.185924383,-1.17766046,1.844421173,1.448349681,0.213452228,-0.187220473,0.276101297,0.644502853,0.079409386,-0.241528079,0.300833595,1.008955996,0.55077498,-0.253617342,-0.350654561,0.015853359,0.478064415,-0.401689731,-0.115034464,0.128956682,-0.182450314,1.49,0
70524.0,-9.205500159,7.473133097,-3.218609112,-1.465665689,-3.170876547,-1.763764789,-0.961441543,2.107321545,4.96490046,8.521285083,-0.011444919,0.798365617,-0.009628525,-0.85190594,1.220009343,-0.129378039,0.066499851,-0.795329508,-0.99752636,3.440158268,-1.168825749,-1.072844217,0.442383207,0.564680838,1.219904501,-0.0564471,0.643483647,-0.54273947,8.93,0
165575.0,-6.366184415,-8.650036471,-2.579523546,1.008581029,7.403971018,-5.585944877,-3.404055863,0.762791613,0.140594683,-0.297928953,-0.177499888,0.516360812,-1.435286797,2.089748188,-0.722453344,0.048795039,-0.602745833,0.626752925,-0.496675036,2.118320324,1.254795652,0.273752091,0.015510407,0.376297106,-1.506052583,-0.319898082,0.301581097,-1.155375289,5.39,0
139882.0,-1.500916582,0.630125803,0.692794452,-1.780435638,2.036027401,4.768175497,-1.748629682,-1.352653944,-0.099629689,-1.344699479,-0.347917765,0.109883441,-0.33284011,0.148673943,0.893674482,0.704255217,-0.609885004,0.141762548,-0.599982971,0.61795958,-1.209056207,0.432044377,-0.054989624,0.709760596,0.184912278,0.496133513,-0.116667907,0.115773395,9.95,0
68432.0,-0.78696787,1.199114962,0.979316712,-0.002123271,-0.255810971,-0.376703425,0.119773893,0.688749589,-0.673138868,-0.581985225,1.55193921,0.326081632,-1.078157764,0.346549705,0.514148163,0.402519739,0.341938734,0.018650255,-0.234980182,-0.084182847,-0.138845766,-0.52752429,0.108514154,0.14068858,-0.302094533,0.077591193,0.124070706,0.022451589,9.03,0
60878.0,-0.683082805,-0.349619439,2.105847691,-1.615906944,-0.800412704,-0.748170087,-0.271728585,0.180780922,-1.217929966,0.175278033,0.944844796,-0.201353079,-0.870256122,0.175366242,-0.030047494,-0.55972618,-0.568652627,1.750150282,-1.193975108,-0.41576905,-0.278935074,-0.634954372,0.197087798,0.500286929,-0.724806368,0.646401498,0.032372138,0.125743185,34.9,0
80670.0,-1.371948124,1.548554488,-0.883803589,0.985816722,-2.346672959,0.775593063,1.183529455,0.944706563,-0.85194385,-0.890078557,-1.109292961,-0.215454943,-0.511733834,1.30939244,1.350721562,0.0968946,0.409533165,-0.030104496,0.095402559,-0.64423361,0.183679731,0.398486834,0.130878526,-0.275536348,-0.135126147,-0.281517562,-0.310923438,-0.287097758,387.9,0
76835.0,-0.981929876,0.781818526,1.804716077,-1.441260474,0.165363392,-0.471684414,1.005205401,-0.517427691,0.538901886,0.080548744,-0.038126353,-0.123166169,-0.011744566,-0.598581582,0.852985708,0.101904945,-0.639408089,-0.888679447,-1.02067614,0.048713827,-0.102807484,-0.015324934,-0.071168707,0.121478673,-0.503752367,0.641519266,-0.588480675,-0.261000033,22.82,0
68225.0,1.067740323,-0.798161416,0.465515705,0.506179142,-0.844496637,0.159743097,-0.446439346,-0.115925973,-0.648083784,0.580975113,-1.397072067,0.610360393,2.071038598,-0.603284187,0.211836495,-1.263014258,-0.455022002,1.525267124,-0.857076213,-0.109095495,-0.188804802,-0.15494639,-0.307289525,-0.424158554,0.63690267,-0.19147418,0.05942275,0.055118997,158.0,0
21903.0,1.113024571,0.193712727,1.47047051,1.96465302,-0.798228525,-0.050398311,-0.684373803,0.115641378,1.183364507,0.124114284,0.834269091,-2.870304734,0.889211017,1.576943724,0.53423951,0.778028675,0.478916053,-0.345662597,-1.583119937,-0.21409708,-0.144324751,-0.238133848,0.198064992,0.350447575,-0.158676493,0.82337488,-0.062353793,0.0159075,10.8,0
155535.0,0.711155482,2.617104907,-4.722363221,5.842969959,-0.600179299,-1.646313177,-2.785198366,0.540367735,-3.044029097,-3.92650994,2.757837459,-5.437353689,0.546878907,-8.396572967,-0.810715739,-3.014293978,-6.642482263,-2.584028224,-0.820354415,0.461031944,0.360500882,-0.86552551,0.139978108,-0.336237871,0.128449338,-0.155645815,0.799459946,0.392170236,3.9,1
79311.0,1.046543209,0.045906216,0.569340628,1.557320396,-0.500609822,-0.483584252,0.094075839,-0.025938168,0.340237394,-0.127261148,-0.162578059,0.388245844,-0.815683366,0.226255382,-0.061884321,-0.844579365,0.492289883,-1.069625185,-0.577289332,-0.161127474,-0.048547455,-0.029505259,-0.025722657,0.612968161,0.556746277,-0.348201781,0.028799666,0.027388179,49.99,0
168953.0,-0.658959596,1.632647881,-0.404834477,-0.679822048,0.608714914,-1.188362005,1.274465251,-0.503943006,0.812319909,1.144160286,-0.788919638,0.151069536,0.565427068,-0.185960792,0.490628094,-0.597942038,-0.697216297,0.046752902,-0.028931146,0.612027122,0.198954467,1.30035355,-0.152381015,-0.071250948,-0.573216874,-0.225577908,0.768942785,0.339325409,0.89,0
86632.0,-0.711685523,0.202628776,0.239902168,-0.813525145,1.984182636,-0.19937772,1.713329786,-1.195441634,0.675035987,0.968953739,-1.07957101,-0.223882399,1.037828734,-1.048997635,0.140337455,-0.333381093,-1.283438024,-0.091863118,-0.165168567,0.120336508,0.117637636,1.332331505,-0.392641533,0.13788563,-0.364074109,0.327404686,-0.819439881,-0.38471638,39.1,0
57298.0,-1.755865074,-0.373065842,1.522562785,-0.921103128,0.102950182,0.084186654,-0.65779438,0.901782839,0.807149685,-1.244921575,-1.886386556,-0.20697497,-0.910055979,-0.199058916,-0.584911975,0.199224633,0.065544088,-0.550105116,-0.279998742,0.170545386,-0.107140538,-0.512834829,-0.090295605,-0.719248058,-0.059089338,0.875892114,0.154941047,-0.060043163,34.66,0
154274.0,-0.637038601,1.341219699,1.725577326,4.38131873,0.739630181,1.941965803,0.236254587,0.286443978,-1.305536135,1.289698328,-2.323684759,-1.10193878,-0.44036473,-0.373792437,-0.576976753,-0.65064644,0.5430181,0.216882595,1.874555447,0.128206245,0.050715877,0.373897105,-0.565007787,0.065171991,0.574684035,0.701149529,-0.131334376,0.071903421,28.26,0
159969.0,-1.255477677,0.914654834,-1.345243865,-0.754867036,0.17411916,0.382412173,0.031825768,0.446369379,0.976922826,0.141387154,-0.013789908,0.077556189,-0.375032828,-1.195066594,-0.331546146,1.507352045,-0.312009156,1.042743572,0.135862499,-0.485339827,-0.336102531,-0.732169617,0.619341787,-0.444791028,-1.061231994,-0.063402493,-0.41550485,0.148022622,72.67,0
162461.0,1.579752904,-1.146335612,-2.091872377,0.802754314,0.07025459,-0.470053153,0.650106401,-0.476559983,-1.07128513,0.884554113,-1.125900986,0.592889987,1.324371335,0.187740771,-0.710875632,-2.195491584,-0.001247101,0.675862335,-1.028328208,0.015551694,-0.13066053,-0.340683155,-0.178888555,0.611907532,0.313920548,-0.550084691,-0.042732622,0.003354382,309.24,0
78864.0,-0.235949779,0.910002841,1.756028814,0.905744673,-0.083643347,-0.462635409,0.385876682,-0.029374112,-1.122786589,0.100792583,1.764886648,1.129417078,1.003823683,0.328926527,0.929826397,-0.342915361,-0.021859177,0.179190626,1.87672433,0.254975538,-0.057935356,-0.153948632,0.050076921,0.567593491,-0.696807522,0.240896259,0.133382968,0.145605722,2.69,0
120799.0,0.052325004,-4.960304031,-4.249784138,-0.778647771,-1.023753862,-0.618493664,1.653983349,-0.897968147,-2.154277397,1.174604436,-1.682483279,-1.427086001,0.145282725,0.592563375,-0.393704991,-1.019713031,0.575811574,0.163333607,-0.115013706,2.096029026,0.81447178,0.01096789,-1.302240437,0.144072014,0.299698501,0.179849165,-0.314552496,0.128338036,1264.04,0
84904.0,1.215017474,-0.302109807,0.76204693,0.484970481,-0.536062301,0.665364591,-0.797304583,0.333723284,0.8603361,-0.049442705,-0.199869829,0.36105015,-0.558400684,-0.135784654,-0.336523283,0.733181657,-0.807350647,0.72863536,0.692533284,-0.093212177,-0.123414658,-0.232072207,-0.11926071,-0.821194077,0.354304697,0.37405011,0.006420635,0.004094795,11.5,0
54565.0,1.213069783,0.334437537,0.286001661,0.639849763,-0.149343619,-0.593375116,0.036373499,-0.088006597,-0.031848326,-0.338637116,0.223277136,0.5330114,0.606444192,-0.338794945,1.301991021,0.167359572,0.250186454,-0.797146849,-0.559502765,-0.086467169,-0.255268186,-0.682868424,0.153881258,0.044890385,0.156756412,0.122757439,-0.004009637,0.028303788,1.98,0
133820.0,1.56142913,-0.493041925,-1.845874681,1.594020157,0.212452129,-1.133817963,1.035637024,-0.551525436,0.063234412,0.130396348,-0.886844183,0.705390134,0.512589116,0.439296684,-0.615755005,-0.685170322,-0.214143917,-0.61360394,-0.238753478,0.252686311,0.202338984,0.2820035,-0.233383202,0.084481106,0.406146969,-0.523875142,-0.059605894,-0.016901842,255.0,0
123416.0,1.898069563,0.508306201,-0.699630168,3.625149277,0.492123196,0.111834073,0.154839019,0.049417939,-1.084563643,1.627896081,0.103684485,-0.006618602,-0.922353563,0.624792138,-1.468095394,1.106459862,-1.03742181,-0.114442159,-0.915221897,-0.329155905,-0.251223476,-0.799219754,0.312880756,-0.441921331,-0.275425842,-0.339786613,-0.047181327,-0.05766479,8.27,0
75864.0,1.310785153,-1.342663365,0.231243763,-2.534922194,-1.874680839,-1.326848743,-0.805129221,-0.090008495,1.546510876,-0.743554068,-0.956172324,-0.700473368,-2.376104429,0.425150126,1.57826328,-2.474199697,0.516230741,1.759985426,0.429052537,-0.56906041,-0.354463711,-0.500377843,-0.063194657,0.320503591,0.513985899,-0.730423466,0.081567709,0.033769794,59.99,0
115691.0,-1.550272715,1.088688502,-2.393387662,1.008732717,-1.087561887,-1.104602382,-2.670503277,0.147654676,-0.978625549,-3.514133305,3.586042424,-4.053357848,0.862426025,-5.765823022,-0.50751103,-4.921865144,-9.56726769,-2.772974111,1.717095268,0.327490457,0.802316031,1.037104789,0.09581542,-0.320190913,-0.080730631,0.091011687,0.024928493,-0.077819979,17.06,1
139284.0,2.133387188,-0.890209851,-0.855544143,-0.804331192,-0.493126742,0.168491274,-0.844285937,-0.003286788,0.167895063,0.566610035,-1.588997807,0.224383245,1.081735161,-0.319306394,0.602833498,-1.139392337,-0.524723384,1.141236688,-0.454082177,-0.489288062,-0.636496274,-1.277768828,0.406428365,-0.150321435,-0.49786018,-0.310239009,0.027388981,-0.028909426,28.95,0
159569.0,-1.132953533,-0.152772048,2.264922397,-2.289107761,-0.852749473,1.855495528,-1.445713967,1.171690089,0.187239802,-0.688715829,-1.180744387,0.47634763,0.928810281,-1.651004094,-3.103652684,1.468264205,-0.03228312,-0.223418384,1.01306876,0.17349327,0.262217444,1.055060796,-0.596807178,-0.2548666,0.879283899,0.091643369,0.219280144,0.045170788,4.8,0
67148.0,-2.281865853,1.429753543,1.089401303,-0.792835161,-1.343517761,-0.924848015,-0.314849905,0.775765669,1.154048695,0.271096788,-0.867776877,0.149020342,-0.672602348,-0.247641442,-0.43079387,0.178282185,0.071887393,-0.280318928,-0.627940393,0.315512205,-0.002775384,0.443317738,-0.112747566,0.78774742,-0.008058265,0.964724962,0.303191563,0.105012001,17.22,0
73165.0,1.237992096,0.765539175,-0.333430024,1.346134,0.133667603,-1.231315154,0.349584859,-0.276890448,-0.174564152,-0.697789333,0.218905668,0.178133329,0.492542433,-1.446082962,1.028806812,0.57034546,0.862989463,0.524667759,-0.629318791,-0.062656523,-0.06136246,-0.076738981,-0.13017306,0.267257915,0.709768823,-0.329258301,0.038857632,0.058689906,1.0,0
23725.0,-0.383581269,1.163063646,1.398338316,0.220892736,0.249061779,-0.474465811,0.518426492,0.007529934,0.947477842,-0.91540642,0.887895346,-2.718517877,1.329305551,1.115167446,0.453191069,0.080142453,1.042516294,-0.263674025,-0.650347163,0.015279385,-0.390593037,-0.794542008,0.03431737,-0.049555306,-0.269902879,0.064299102,0.232291921,0.087680606,4.49,0
121739.0,-0.231656025,-0.455802452,1.441037936,-3.012221767,-0.609101475,-0.189891703,-0.519617488,0.225287397,-0.253662145,-0.421372446,0.69589019,0.443604611,0.240558877,-0.095055137,0.573174017,-0.968682301,-0.746672438,2.318367853,-0.420692154,-0.415355529,-0.114964309,0.079078233,0.097543621,0.742956652,-0.942024401,-0.000633155,0.189997516,0.194149207,9.93,0
163952.0,2.074446226,-0.051311314,-1.125446913,0.381088492,-0.071317544,-1.129920821,0.180241578,-0.325238998,0.552013248,0.073988373,-0.873378323,0.388966717,0.087983833,0.266710177,0.050873244,-0.0622132,-0.341627825,-0.821477398,0.202028853,-0.221583893,-0.299535374,-0.725923547,0.322797596,-0.110465469,-0.278422246,0.205186305,-0.070766803,-0.061594361,0.89,0
156763.0,-1.066373276,1.411087145,-0.265788857,-1.012911572,0.893964997,-0.856800378,0.846423848,0.298337608,-0.364238358,-1.311452155,-1.016860189,-0.114063114,-0.069864068,-0.71428702,-0.523287757,0.616926257,0.34278942,-0.166362495,-0.59115867,-0.107654297,-0.290441387,-0.939112336,-0.102404812,0.477066789,-0.062877281,0.084910734,0.045181225,0.120333711,8.99,0
87958.0,0.13809989,0.159816953,-0.370575105,0.028236764,0.193870603,-0.527822216,1.20409691,-0.239493396,-1.825743899,0.655740474,0.341961855,0.255880414,-0.332641952,0.566661185,-1.563741719,-2.211457322,-0.041609191,1.423099135,-0.483038841,-0.395855902,-0.082248044,0.194346335,0.15466641,-0.038299572,-0.297582505,-0.567919638,0.116809802,0.100718622,111.0,0
93245.0,0.097826987,1.031248971,0.140562448,-0.567274013,0.938013419,-0.620119338,0.982309371,-0.301344154,1.129343873,-0.813416676,-0.469193353,-2.048564912,2.852621535,1.288987401,-1.20310054,0.046972483,-0.010981385,-0.36032627,-0.011377526,0.015033534,-0.447074818,-0.808557627,-0.020023915,-0.754642752,-0.375029835,0.142680247,0.225810447,0.085814857,4.99,0
48533.0,1.243848449,0.524525773,-0.538883626,1.209195974,0.479537597,-0.197428734,0.04916626,0.037791632,0.128118591,-0.552902906,-0.668358831,-0.818803694,-0.883832091,-0.994580854,1.50684875,0.624003315,0.705794272,0.524181774,-0.731749846,-0.171540655,-0.051659886,-0.084089409,-0.192846389,-0.917391986,0.681952813,-0.194418574,0.045917145,0.040135998,1.0,1
72407.0,-1.867976492,-1.104126326,1.241633026,0.580642624,-0.442196083,-0.107605219,-0.698705796,0.689292013,-1.474493412,0.464381368,0.240970392,0.696330479,0.848303174,0.147824541,-0.242526025,-1.391725776,-0.04025375,2.375571201,0.054861606,0.392375749,0.094000085,0.171838766,0.160081337,-0.054339496,-0.022760397,-0.181328739,0.296928914,-0.054699488,158.0,0
94625.0,1.707856937,0.024880791,-0.488140039,3.787548155,1.139451485,2.914672622,-0.743357878,0.699135879,1.008470647,0.912806096,0.765354142,-2.043868387,1.001547339,1.322887254,-2.720076962,-0.153429555,0.752610596,-0.755785824,-1.912562634,-0.368014255,0.010865192,0.548257832,0.091218295,-1.00795946,-0.082182818,0.179709189,0.007737719,-0.06884131,33.76,1
143009.0,0.012786634,0.811778818,0.280030979,-0.582566346,0.420810314,-1.043718932,1.00043979,-0.174342423,-0.025486283,-0.419775899,-0.900950535,0.080565147,-0.135882537,0.148009081,-0.339072909,-0.144037178,-0.34422926,-0.816539315,-0.156386951,-0.035077327,-0.250968355,-0.560964437,0.09726305,-0.024951797,-0.505682197,0.143686359,0.246455122,0.097367418,9.98,0
67771.0,1.348320625,-0.993502556,1.459346415,-0.297037504,-1.666920861,0.41661932,-1.51643313,0.210118062,0.634803643,0.2411354,-1.481620133,0.130044892,0.832672915,-1.568839516,-1.416831616,0.669360788,0.669765961,-1.29207068,1.17197014,0.089932399,0.114362083,0.733947032,-0.160820094,-0.024514473,0.571369032,-0.016770653,0.090606379,0.023518412,3.0,0
49484.0,-0.189789538,-0.141409537,-0.498465627,-0.186493892,2.751126801,3.39245083,-0.415236835,0.94304082,-0.109431059,-0.097793406,-0.623977871,0.007734466,-0.11046528,0.110648644,0.148436816,-0.44306187,-0.16375051,0.069390108,1.610455727,0.285809306,-0.037102083,-0.192549405,0.257302501,1.035249355,-1.081368023,0.192206096,0.222493188,0.248318082,23.41,0
139138.0,-0.278679892,0.797985455,1.107537658,0.648761103,0.489962657,0.811149782,0.30836579,0.257063671,-0.298294079,-0.033128336,0.361925728,0.488762601,0.010398176,0.158618811,0.045471755,0.146129246,-0.686720082,0.651742341,0.968649357,-0.01286016,-0.062027344,-0.191127124,0.084409923,0.22451468,-0.867655056,-0.921125513,0.129739331,0.214297423,26.99,0
97895.0,1.927290995,-0.944031426,0.698490412,1.11937443,-1.321059833,0.915449572,-1.728806987,0.386797599,4.084388871,-0.636270052,-1.738467654,-2.651154779,0.396251145,0.332206507,-2.068123336,0.080286103,0.606927991,0.64184138,0.228098136,-0.328605872,-0.13158503,0.383423246,0.095665111,-0.734610039,-0.29657251,0.454263657,0.028080388,-0.048014876,12.0,0
114439.0,-0.918282718,1.433855131,0.29402624,-1.010572621,1.390789603,0.132820453,0.923418284,-0.979618847,-0.381409491,-0.470265062,1.012605445,0.654376751,0.526565736,-1.224793504,-0.736602014,0.420260054,0.041085575,0.203545376,0.247510391,0.033359964,0.351140591,-1.280772903,-0.229854897,0.125730241,0.688867117,0.272346471,-0.281653817,-0.208210426,1.79,0
40673.0,1.032164928,-0.345454773,0.71989604,1.36528321,-0.081300763,1.614167391,-0.56399106,0.462275121,0.984585822,-0.282897248,-0.35871419,1.576459458,0.401806064,-0.713229531,-2.373416522,-0.629923147,0.07038804,-0.535684422,0.885458391,-0.034186305,-0.406914161,-0.800248964,-0.118951836,-1.13692731,0.552858576,-0.460815632,0.081078301,0.015627455,55.7,0
123318.0,1.861313504,-0.207335945,-0.407634943,1.094748333,-0.296459847,-0.109230904,-0.391676319,0.091681931,0.470697433,0.381821726,0.698374273,0.80866541,-0.05437016,0.401939439,0.396597605,0.842584625,-1.156828778,0.506909741,-0.293825343,-0.16513436,-0.080498027,-0.312663051,0.307607627,-0.482488254,-0.438398446,-0.963824599,0.039750272,-0.031481302,44.49,0
111857.0,-0.920416531,0.7480621,1.286976433,-0.867098394,-0.424200986,0.645204971,-0.728404257,0.782222025,0.33671355,-0.440292864,0.115214088,0.186520453,-0.263221999,0.081050736,0.501694114,1.513517794,-1.296923412,1.395351779,-0.431075057,-0.245603343,0.384663006,0.732533283,-0.109073364,0.279988742,-0.255246103,0.256210689,-0.517532213,-0.038588765,2.32,0
67571.0,-0.758468653,-0.045410278,-0.16843829,-1.313274814,-1.901762532,0.739433415,3.071892046,-0.483422244,0.618202762,-1.769059721,-0.651414014,-0.005423291,-0.517194341,0.21746976,0.883558824,-1.173977649,0.24334711,-0.342300728,0.687056202,-0.032499899,0.042619457,0.397223782,0.072228865,-0.242275997,0.56091647,-0.540954584,0.150606446,-0.117140115,549.06,1
34966.0,0.142802122,0.52584801,1.327447478,1.659648602,0.282260336,1.115154907,0.321620097,0.159175398,-0.174763808,0.351431047,1.285289357,0.949169623,-0.11767005,-0.060328318,-0.095794433,-1.618659041,0.74706151,-0.445169822,1.207538978,0.097819258,0.206973902,1.135008376,0.083822311,-0.239513821,-1.265611377,-0.247292567,0.185558279,0.020510343,23.88,0
142207.0,-0.505739664,1.028453677,-1.068467609,-0.685507705,2.187260051,1.254659945,0.816383349,0.516277534,-0.227862313,-1.625818511,1.122868471,0.013708492,-0.645456195,-2.468784448,-0.636966039,-0.145847897,2.266207323,0.240415645,-0.904147818,0.076696947,0.128317394,0.719234316,-0.293526546,-1.096369642,-0.155995617,0.759118987,0.406385101,0.256883869,29.56,0
27289.0,1.111639094,0.063539066,-0.012589601,0.403367666,-0.029159634,-0.454212025,0.266026409,-0.019475051,-0.378521915,0.063796843,1.623329584,0.785769274,-0.577718664,0.817818336,0.374275569,-0.038411639,-0.192607383,-0.762070716,0.030251009,-0.065966914,-0.283809189,-0.980699269,0.131188529,0.00636182,0.150005597,0.147397975,-0.063031143,0.002567306,50.9,0
42607.0,-1.45086234,1.132894472,1.082909084,-1.388701742,0.487569999,0.43129278,-0.551759736,-2.276668256,-0.082090342,-0.336535967,0.274112118,0.896584311,0.858818403,-0.018467019,-0.110278261,1.159461421,-1.229131086,0.509735288,0.085609897,-0.661751505,2.166653971,-1.151128909,-0.085334904,-0.813180891,-0.427718153,0.449995287,0.113634826,0.101410165,19.9,0
74924.0,-1.697927087,0.324564305,2.646654278,1.190167131,-0.36322141,0.401203589,-0.672779438,0.68709788,-0.312398683,0.143016553,1.572034577,0.82892456,0.420263767,0.012914773,1.489468535,0.176691544,-0.225719617,0.848628562,0.215853678,0.170585558,0.344117185,1.241338221,0.107690659,0.240281523,0.177156998,-0.064667572,0.030921024,-0.182950136,10.0,0
152951.0,2.023948676,-0.530542772,-0.745302332,0.233833304,-0.238296178,0.261937235,-0.707300716,0.107313657,1.327752772,0.00882842,-1.657239287,-0.123341608,-0.134219535,-0.203921634,0.499604653,0.462199933,-0.663714442,0.228390233,-0.06379475,-0.153066015,0.150115687,0.594761941,0.08393707,0.078807789,-0.141989724,0.626307528,-0.029929111,-0.048652522,19.58,0
48140.0,1.472797804,-1.008105485,-0.060367977,-1.640002301,-0.955980154,-0.388832972,-0.741124648,-0.106903249,-2.256022159,1.584172179,0.60761162,-0.422965725,0.408709193,0.041446306,-0.128086816,0.014534471,0.017885375,0.202553195,0.614163268,-0.229983293,-0.628019466,-1.62677257,0.146156816,-0.592513769,0.149679628,-0.61098127,0.005290931,0.012147408,49.95,0
126245.0,0.47529942,0.04308796,-0.469755272,-1.341185367,0.417840858,-0.059854432,0.537173047,-0.205031561,-1.191058932,0.385293624,-1.464851437,-0.689234505,0.803592158,-0.296507061,-0.372465492,0.289898131,0.446081594,-1.495319879,2.006239664,0.276265537,0.138839236,0.429340323,0.208718958,0.051571906,-1.233865479,-0.366290757,0.272310676,0.27877025,54.0,0
55752.0,1.363916292,-0.569262405,0.178328437,-0.543367483,-1.131867236,-1.173774125,-0.3749512,-0.222479507,-0.743152174,0.726757263,-0.720176273,-0.85623709,-0.990237341,0.414595526,0.988768,-1.268710108,0.060112598,1.032799786,-0.75758206,-0.517858721,-0.389235425,-0.742824325,0.042027966,0.381086141,0.223803287,1.042696116,-0.077924904,0.005516188,28.87,0
31897.0,1.289491396,-0.498421408,0.161498343,-0.701686099,-0.893858474,-1.098931203,-0.210961558,-0.187588999,-1.294487128,0.793583837,1.676207075,0.043164252,-0.379834885,0.359250466,-0.155319677,1.093117136,0.213038066,-1.434294816,0.997642255,0.130572316,-0.117382854,-0.629958277,0.108638746,0.495688901,0.26085628,-0.56289995,-0.030362486,0.012755442,55.0,0
157601.0,2.057101814,-0.020809138,-1.084450681,0.387399659,-0.026007975,-1.074323279,0.210048324,-0.338581506,0.454891148,0.047067558,-0.652472372,0.750899212,0.665905795,0.158992768,0.027562216,-0.170948724,-0.291178094,-1.008182467,0.096496776,-0.18856242,-0.280653862,-0.64032301,0.330319832,-0.067496331,-0.284299233,0.203347319,-0.063942522,-0.05978107,2.69,0
7526.0,0.008430365,4.137836835,-6.240696572,6.675732163,0.768307025,-3.353059548,-1.631734673,0.154612448,-2.795892464,-6.18789063,5.664394709,-9.854484823,-0.306166658,-10.69119621,-0.638498193,-2.041973791,-1.129055877,0.116452521,-1.934665739,0.488378221,0.36451421,-0.608057134,-0.539527942,0.128939983,1.48848121,0.507962678,0.735821636,0.513573741,1.0,1
161081.0,1.936354726,-0.407222769,-0.172498323,1.625217921,-0.72574456,-0.073225195,-0.678123886,0.090042236,1.64212536,0.055112209,-1.807984033,0.04786983,-0.944765964,-0.361340964,-0.933087631,-0.290503305,-0.160271041,0.22198725,-0.216879288,-0.334908313,0.230468026,1.079888382,-0.03298114,-0.091322838,0.226196327,-0.315775265,0.066800633,-0.041301785,6.9,0
74517.0,-0.306368571,1.075265824,1.088622622,0.101908685,0.778783858,-0.298273811,1.004913537,-0.544922818,0.01572402,0.336827043,-0.856477952,-0.577294632,0.358427822,-0.910379402,1.344185706,0.188983061,-0.341518596,0.197894699,0.953889679,0.316481807,-0.345257209,-0.599683182,-0.158412442,-0.621686753,-0.621579614,0.083323527,-0.20525122,-0.229491701,5.99,0
126479.0,1.770097855,0.265820037,-0.852690945,3.527633449,1.211824244,2.007942151,-0.17549015,0.470100729,-0.925742798,1.40118837,0.344078246,0.843278457,0.292094778,0.14907621,-1.467916291,-0.064917326,-0.185416558,-1.221814341,-1.889994235,-0.330336554,0.176410355,0.770556421,0.063507698,-1.6228284,-0.015535018,0.207002532,0.020110803,-0.075647679,14.21,0
87844.0,2.027231808,-0.031340442,-1.432849771,0.134605874,0.348795995,-0.540293617,0.124909783,-0.171656342,0.23568562,0.150753634,1.155710924,1.27240457,0.556507758,0.565132495,0.068420469,-0.084894429,-0.744327378,0.300648811,-0.016345782,-0.171011997,0.306225554,1.004735917,0.024718232,0.756182119,0.256743881,-0.160892248,-0.02188775,-0.060508457,3.59,0
147567.0,-0.59234005,0.524879668,1.588115445,-0.090874574,0.577479733,0.348515632,0.844728958,-0.049910267,-0.604932783,-0.250035743,0.925159327,0.266454563,-0.299762927,0.124917115,0.098534211,-0.311035177,-0.29868661,0.353216121,1.221154552,0.303280286,0.009828966,0.090196885,-0.265809326,0.730673,0.407786565,0.450878813,-0.170955894,-0.162798069,53.9,0
169336.0,-0.984582215,0.281918897,-0.154253753,-2.556560982,0.442710243,-0.471213694,0.056135049,0.374430361,-1.580566385,0.133041883,0.36706178,0.041402932,0.779472524,0.124822748,-1.050977285,1.612868813,-0.508337709,-0.589418679,0.217040812,0.069390454,0.464091123,1.173217265,-0.12632863,0.328562265,0.125673187,-0.193430503,0.114140041,0.118319649,12.18,0
158788.0,-0.546941547,0.428647873,-0.499228008,-1.99196993,0.111611884,-0.839809263,0.490920115,0.177519056,-1.620681696,0.074189176,0.0065064,-0.558689893,-0.904742486,0.54909832,-1.817202017,0.728545525,0.271194544,-0.96497121,1.187892812,-0.156306633,0.355494793,0.82142173,-0.281837408,-0.375627951,0.012835832,-0.122830764,-0.141602976,0.063884258,29.9,0
157906.0,1.13797667,-1.693446244,-1.090671821,1.35595681,-0.552155396,0.604909699,-0.099425914,0.19000274,0.969441323,0.175525796,-0.460429269,-0.22031243,-1.628053539,0.584155865,0.120235445,0.970238934,-1.130663057,0.94175458,0.044860329,0.540912033,0.056183088,-0.801958021,-0.129766475,-1.26068484,-0.497367358,-0.926388566,-0.0377188,0.025236957,438.0,0
151060.0,2.04862858,-0.367489471,-2.544064913,-0.728471831,2.387380127,3.318407082,-0.477691582,0.791275785,0.403245539,0.092724614,0.004406253,0.390211247,-0.212360905,0.495790403,0.472770171,-0.171451218,-0.368228486,-0.976348351,0.022521355,-0.152758211,-0.292702526,-0.835377172,0.380779678,0.698235422,-0.265198677,0.21915873,-0.052337112,-0.066750228,1.98,0
89555.0,1.978279325,-0.403179196,-0.245488841,0.196863331,-0.67994473,-0.362833619,-0.639806622,-0.027358312,1.342665984,-0.251130828,-0.448133381,1.057315931,0.984633841,-0.38931564,0.46773975,-0.084882081,-0.346308067,-0.164497398,-0.324702257,-0.145332716,0.210911655,0.88614505,0.215443193,1.154428682,-0.181025572,0.069464245,0.021659282,-0.030491014,4.11,0
115236.0,2.172013638,-0.792025772,-1.506089815,-0.737526333,-0.559289329,-1.382862554,-0.174157232,-0.478834304,-0.463159274,0.821877422,-0.798721182,-0.443411476,0.312433161,-0.109500652,-0.373825544,0.467324626,0.392154248,-1.373890518,0.548511726,0.023489791,0.576467345,1.752169788,-0.196124219,0.158532839,0.484751161,0.284303776,-0.047901616,-0.068893088,43.5,0
31557.0,1.311631224,-0.800923929,-0.229249201,-1.178390869,-0.108364286,0.771639954,-0.686195885,0.19190637,-0.903382351,0.704431872,0.170363813,-0.371343286,0.307817262,-0.01179735,0.479095868,1.644609148,-0.366015162,-0.951743359,1.179420216,0.234906906,-0.091726397,-0.530724635,-0.120224466,-1.722709622,0.332629587,-0.367621017,0.007779526,0.003144998,76.08,0
32369.0,0.837390283,-1.060521626,1.54533836,0.564685465,-1.534638012,0.815317158,-1.110761159,0.490586641,1.468534846,-0.430924177,0.873911258,1.339086209,-0.563408394,-0.685692902,-1.451628223,-0.388935117,0.455493034,-0.418908423,0.296611675,0.097976657,0.058968371,0.309501713,-0.075168371,0.342486477,0.047266878,1.090045573,-0.012890874,0.026164852,125.7,0
56072.0,1.156899039,0.134371129,0.078089719,1.04382204,-0.295351926,-0.351562637,-0.221772464,0.095843447,0.733004863,-0.79033263,-0.326501715,-0.234991966,-1.170425369,-1.341732948,0.124863779,-0.142425993,1.469146186,-0.293391343,-0.368938938,-0.167849885,-0.164161241,-0.243463844,-0.053533198,-0.000771547,0.441892213,0.443867073,0.011445855,0.037633802,12.31,0
131024.0,0.469749517,-1.23755547,-1.767340616,4.833490128,-0.268714559,-0.512759848,1.140148806,-0.341273,-1.046350984,0.085661535,-0.00012118,-0.054380843,0.736191603,-2.306644788,-0.464003364,1.6727228,1.165736541,0.561322707,-2.300797676,1.277315034,0.303905313,-0.647075252,-0.373013646,0.260801138,-0.496566412,-0.245972762,-0.117857669,0.144774181,723.21,1
35834.0,1.193595457,0.150890435,0.040355753,1.049700972,0.115641544,6.22e-05,0.017673593,0.023557889,0.146962307,0.033902165,-0.978182802,-0.396950771,-0.623995617,0.472382721,1.33019333,0.10824508,-0.413066312,-0.181679153,-0.562509838,-0.149084086,0.056249637,0.157169973,-0.181541804,-0.655880723,0.662506759,-0.206409542,0.024016448,0.013993569,29.0,0
138962.0,-0.404265998,-0.523200107,2.240299602,-2.588042969,-0.905321252,0.19785388,-0.597899576,-0.091589236,-1.80295243,1.039242275,-1.109904659,-1.735574733,0.263833682,-0.92571546,1.025711133,-0.021477665,0.056343786,0.744570396,0.059804458,-0.135480859,-0.158953718,-0.038955824,-0.254141877,0.531141958,0.130260155,-0.138595763,-0.210186581,-0.133936479,18.69,0
53632.0,0.211082617,0.693074545,1.313281651,0.260122392,-0.309870968,-0.436663366,0.005576108,-0.868742524,-0.319921765,-0.394605862,0.324409925,0.68913679,0.503489228,0.266735203,1.141317842,-0.080895985,0.0005271,-1.118220294,-0.694413398,-0.218859047,0.538640505,-0.914755577,0.040299885,0.397586631,0.701085527,0.180430508,0.067625264,0.135589429,1.79,0
50219.0,-4.957514134,-2.569792683,-0.134987329,0.840230905,2.66744859,-0.222801815,-0.883432596,0.344747851,0.311872961,0.097073951,-0.685792254,0.303863596,-0.516505961,0.277439538,-0.750885392,0.539218443,-0.702904585,0.070369408,0.254912997,-1.687423464,-0.471453523,-0.62709144,-2.445621509,-1.512658276,0.456858903,-0.383900435,-0.295382394,-0.128145947,35.06,0
42237.0,-0.771540961,0.84644919,1.51633774,-0.169351542,0.311159429,-0.153448276,0.520288182,0.153155536,-0.659916236,-0.085747278,1.620243583,1.009650536,0.476522392,0.219670864,0.360401053,0.073775695,-0.409173912,-0.372456469,-0.038797976,0.068715697,-0.138266159,-0.308658358,0.159485476,0.009469309,-0.248619559,0.076014537,0.170192285,0.087261238,4.49,0
168979.0,1.9340468,-0.337025551,-1.432088402,0.0013623,0.721383009,0.895600911,-0.23133166,0.328170895,0.461050518,0.137384028,0.860658686,0.655256866,-0.91559195,0.707129092,0.254973375,-0.55123798,0.111943675,-1.393989328,-0.387260637,-0.346740888,-0.208821678,-0.443573862,0.344319185,-1.657518407,-0.491221539,0.313136081,-0.032015546,-0.089154838,2.68,0
51341.0,-0.400801069,1.119145944,1.409460504,0.084379335,0.075591955,-0.693009452,0.656961015,0.030813808,-0.457164397,-0.562498485,0.341953364,0.240079036,0.278594658,-0.4291875,1.095485326,-0.016323606,0.391719277,-0.723856157,-0.573620241,0.082219565,-0.213253233,-0.494838505,0.047792044,0.355643868,-0.269680376,0.080618933,0.264795115,0.09848026,1.88,0
146068.0,-1.297154791,1.362313662,0.689413919,4.18460678,1.675244668,1.033015358,0.9817444,-0.079979819,-2.44732837,1.950809704,0.125162231,-0.494568249,-0.323580404,0.514652786,-0.477932338,-0.438936681,0.075559774,0.367578705,2.147394745,-0.256976759,-0.07892051,0.125596553,-0.074998578,0.298072478,0.765639078,0.552474444,-0.297902988,-0.043605637,14.38,0
140615.0,-1.352864544,1.825956706,1.378280349,4.382376937,-0.333243255,0.741699841,-0.209408196,0.434842351,-0.672686283,2.624345001,-1.37426125,-0.694691149,0.197378211,-0.349630383,0.731929699,0.062965577,0.063777957,0.572497238,0.897046117,0.499059745,0.146428402,1.087699881,0.017216198,-0.015143002,-0.479542709,0.488814418,0.427468501,0.195622259,15.16,0
93834.0,-3.765680122,5.890735238,-10.20226763,10.25903598,-5.611448417,-3.235375579,-10.63268348,3.272716326,-5.268905243,-11.18212545,8.879475668,-18.43113103,-0.232822028,-15.0216573,0.141186253,-12.1863625,-20.16556738,-7.051651353,2.500827208,1.194137321,2.245605934,0.546320675,0.381853428,0.382024544,-0.821036495,0.39435512,1.412960993,0.782407054,0.01,1
113285.0,2.109792571,0.141907156,-1.955872877,0.266525851,0.751289487,-0.447439336,0.16398656,-0.177288504,0.519380419,-0.388401581,-1.042712805,0.01812801,0.263257776,-0.894460334,0.286214387,0.429914251,0.304067645,-0.210932543,0.208831069,-0.137352866,-0.397747715,-1.024423871,0.270890731,-0.119302513,-0.188867113,0.214077271,-0.05959525,-0.037029854,1.29,0
60188.0,-0.338464947,-0.897825125,1.329456965,0.400520458,-0.433846673,1.065142347,-0.39105454,-0.525941074,2.562031156,1.204877993,0.019340081,1.125871448,0.624612141,-2.250635709,-1.972723461,-0.463981944,-0.405680313,0.161194015,1.80248011,-0.540127397,-0.263372491,0.724633178,0.537974447,-0.363522056,-1.005367222,0.908296014,-1.196595549,-0.905992986,29.68,0
56664.0,1.165265471,-0.08844769,0.054015782,0.291727782,-0.549110464,-1.073905105,0.114458411,-0.086731982,0.015500868,0.100579654,1.271958909,-0.075220341,-2.042826835,1.012110682,0.357658185,0.208194451,-0.305307764,0.142369483,0.23501456,-0.139310067,-0.000881631,-0.187506328,-0.0482931,0.547433384,0.38439899,0.572538873,-0.093177694,-0.003531508,43.2,0
135475.0,-0.629061473,0.554727768,-3.352474484,0.605033924,3.613642153,2.922269358,0.380012131,1.232424452,-0.82205826,-1.10777123,0.259570848,-0.313452363,-0.456504069,-1.460934904,0.320224861,-0.19241559,2.07380903,0.714981318,0.138852858,0.467702686,0.083071615,-0.079988719,0.092287831,0.490457612,0.325079386,-0.354671594,0.16242715,-0.097513674,111.08,0
152751.0,0.933992343,-2.011537507,-3.662960602,-0.212361107,1.989245769,3.415234163,0.205063686,0.688335832,0.815563204,-1.076260797,0.277028063,0.313778144,-0.271440496,-1.109799806,0.364600961,-0.018875321,1.015210236,0.010740386,-0.177816604,1.01950477,0.087434898,-0.866138636,-0.263057857,0.612790787,-0.233323985,-0.126872167,-0.092845242,0.068821395,565.49,0
115309.0,-4.977667787,-1.771661562,0.058543285,-0.734583151,-1.224536352,1.797719867,3.011402769,-1.455154269,1.880123038,1.099384366,0.664072758,-0.0781266,0.003641491,-1.487338668,0.295703342,0.716026712,-1.544781474,0.665481857,0.769771748,-2.871042502,-0.760092087,0.888479601,0.184006739,0.3372438,0.958774572,0.081166794,-2.405331549,1.87301146,433.4,0
29673.0,1.366156411,-0.824018746,0.490397056,-1.061087004,-0.742684218,0.716030116,-1.256066433,0.31826512,-0.516695816,0.746432832,0.485419325,-0.47187192,-0.01359287,-0.208146775,0.797469382,1.742864615,-0.315543792,-0.374671721,0.595746875,0.084150414,0.380498455,1.03403631,-0.226535183,-1.117212916,0.464497284,0.03672075,0.045566958,-0.000163199,14.0,0
151862.0,-0.732736217,1.916725612,-0.504781113,0.555458748,1.66246692,0.089156131,0.938990013,-3.031362229,-1.013100512,0.189890227,-0.80094909,0.101186587,0.750182239,0.671658291,1.34919377,-2.306516139,0.873706572,0.052489117,3.057043561,-0.11778798,2.53912841,0.374511172,-0.67505701,0.362965742,1.423038497,0.359432084,0.016028423,-0.147663892,1.0,0
71821.0,-0.35686955,1.121479965,1.191078879,-0.137836147,0.297703722,-0.455755148,0.643338403,0.060600652,-0.723194225,-0.359618109,1.296262047,0.820128817,0.690139475,-0.371973369,0.151352704,0.646360875,-0.395775504,0.389727919,0.318107015,0.171502188,-0.227422386,-0.587726116,-0.077282609,-0.031523669,-0.127086068,0.072771545,0.24568163,0.085953185,2.58,0
130298.0,-0.261531372,0.562187436,1.054884527,0.245702182,-0.338500339,-0.001604453,0.458603384,-0.071068946,0.158587123,-0.199422907,-0.458230317,0.223240268,0.34165812,-0.202419254,0.795610531,-0.150765553,-0.098309134,-0.387076652,0.632380791,-0.121203617,-0.162608088,-0.380306787,0.18009956,1.087586806,-0.902494996,-0.009279719,-0.090019038,0.03004181,88.48,0
83063.0,-3.6574351,2.985263468,-0.404144868,-1.777259814,-1.369861466,-0.728268517,-0.625247925,1.400292481,1.380813557,2.091030787,1.514016604,1.303503877,-0.006031526,0.192195113,0.120819569,0.571705873,-0.279182001,-0.464550215,-1.213315351,0.977204244,-0.248948197,-0.216321029,0.295431028,0.22135346,0.187883739,0.748975328,0.701442277,0.272104059,1.99,0
80941.0,1.261655318,-0.490499571,-0.191936938,-0.741535078,-0.520587896,-0.769642473,0.034327658,-0.268952979,-1.559229833,0.797740526,1.163754804,1.001494925,1.159152701,0.33591257,-0.130465568,-1.216207715,-0.331310228,0.854728185,-0.099314234,-0.257750506,-0.660495766,-1.629285539,0.104905097,0.021880132,0.114827136,0.697842677,-0.093787244,0.005572627,79.9,0
85557.0,1.1969861,-0.416410886,0.773829532,0.07519087,-0.730571718,0.126933541,-0.540754329,0.031342983,1.085801936,-0.502063591,-1.348017904,0.908833816,1.269579034,-0.824011915,-0.362816534,0.075151835,-0.223699725,-0.498718169,0.761390396,0.100278624,-0.252527289,-0.492739902,-0.071308711,-0.348176406,0.272439875,0.986847868,-0.034522089,0.014922648,46.9,0
38312.0,1.210678021,1.360943297,-1.350132854,1.766577388,0.632101123,-2.121759465,0.830003997,-0.456263061,-0.57743916,-1.569303478,1.403818574,0.025593238,0.389964581,-3.470181526,0.963809162,0.851122557,2.865607616,1.08310904,-1.04277728,-0.014006337,-0.168278646,-0.35624243,-0.150055737,0.609991962,0.807525999,-0.329317576,0.044726049,0.103699825,1.0,0
48058.0,1.067519756,0.236899704,0.988307417,2.491422018,-0.433744098,0.153071735,-0.341084344,0.184394521,-0.301303074,0.647041234,-0.558893698,-0.600495108,-0.931582459,0.310096582,1.133208451,0.693404976,-0.421410117,-0.216544013,-1.579919814,-0.181563249,0.172888378,0.411306561,-0.03940094,0.059190476,0.318000537,0.127130856,0.01742316,0.028963233,31.95,0
138894.0,-1.298443233,1.948100449,-4.509946888,1.305804767,-0.019485927,-0.509237784,-2.643397619,1.283545194,-2.515355703,-4.50131481,2.09307501,-5.418888944,-1.247013712,-3.828268179,0.399050337,-6.366499509,-7.550968092,-4.902766666,0.152892032,0.250415437,1.17803195,1.360988581,-0.27201306,-0.325947896,0.290702673,0.841294588,0.643094249,0.20115575,0.01,1
132779.0,-2.048360418,2.171529741,0.656659953,-1.788171007,1.210625894,-0.101490642,1.832933166,-1.664488002,3.426931203,3.253623513,-0.456737209,-0.5036608,0.904646324,-4.012065338,0.772343859,0.013537882,-0.943032371,0.231481386,-0.140990559,1.495940187,-0.828510043,-0.66570104,-0.351413767,-1.150627691,0.067281667,-0.508739095,-1.546434655,-1.544711272,2.16,0
120602.0,0.105506597,1.002864292,-0.416166077,-0.547519862,1.014550495,-0.743014786,0.976966799,-0.103586633,-0.104807573,-0.854971201,-0.603958915,0.10021796,0.400424279,-1.088959648,-0.230477625,0.264573028,0.388477321,-0.338783713,-0.291624115,0.059304225,-0.32750773,-0.788017838,0.112190729,0.509433075,-0.41471088,0.117937585,0.224970413,0.085431928,7.99,0
63633.0,0.915240659,-0.789203417,0.842834118,-0.120537622,-0.23520651,2.177253857,-1.053469312,0.824190022,0.982875893,-0.488419177,1.523339754,1.399341748,-0.364489589,-0.198895109,0.143426056,-1.074960503,0.992003609,-1.939496418,-0.683186318,-0.113454748,-0.059146993,0.089424445,0.116242488,-1.267725592,-0.18934833,1.069838043,0.02303122,-0.006322499,55.07,0
101427.0,-4.674080734,2.076859861,0.821454593,1.127078464,-0.281996161,1.412712861,-1.306763152,-5.182565548,2.614968568,1.337610496,1.537183307,-1.369706611,0.880085098,0.994369839,-1.996064667,-0.757682956,1.193035487,-0.056406383,1.360465225,-2.221416707,3.755020316,-2.978928596,-0.353094176,-0.105967273,0.132063721,-0.947860196,-0.935053316,0.527298142,163.07,0
62080.0,-1.599457402,2.607720029,-2.987192942,3.064156147,-2.497914317,-0.541102793,-2.277786228,1.268166108,-1.997331053,-3.834775088,1.113354093,-4.976921041,-0.795530935,-4.549556744,1.813763254,-3.177460496,-5.369348778,-1.121454157,2.030591938,0.22533293,0.66293304,0.184086858,-0.089451803,-0.505999935,-0.062258889,-0.052714413,0.322854005,0.135267637,180.0,1
33474.0,1.248733244,-0.597957625,0.168714738,-0.849439215,-0.486412007,0.111394827,-0.56370789,0.106607398,-1.231457964,0.713345565,1.969413726,0.465350364,0.461790466,0.106161938,0.41825104,0.579189347,0.580373213,-1.845954856,0.073825688,0.092610732,0.339722483,0.915781073,-0.092439147,-0.226413596,0.45904291,-0.079125457,0.021499776,-0.001158777,35.85,0
7519.0,1.234235046,3.019740421,-4.304596885,4.73279513,3.624200831,-1.357745663,1.713444988,-0.496358487,-1.28285782,-2.447469255,2.101343865,-4.609628391,1.464377625,-6.079337193,-0.339237373,2.581850954,6.739384385,3.042493178,-2.721853122,0.009060836,-0.379068307,-0.704181032,-0.656804756,-1.632652957,1.488901448,0.566797273,-0.010016223,0.146792735,1.0,1
142369.0,1.91573782,-1.291998218,-1.333269711,-1.651631115,-0.187188605,0.756179074,-0.737723196,0.225431908,-0.142262666,0.43216057,1.259484783,1.264402766,0.642507196,0.221805452,0.451176539,-2.481829498,0.555859871,0.015335519,-1.133295237,-0.520241005,-0.171857549,0.141136364,0.217784845,-1.301179185,-0.468421401,0.762711277,-0.006188973,-0.073727964,70.5,0
77414.0,-1.862859864,1.600009652,0.582807873,-1.315013891,-0.983655114,-1.014724379,-0.260619416,0.845079204,-0.095798487,-0.125316394,1.315150324,1.477835821,0.74792872,0.400024202,-0.304154785,0.940462108,-0.608675372,-0.006299096,-0.610467314,0.029654936,0.012502758,-0.114067117,0.146588921,0.588529483,-0.152044849,0.680845435,-0.097936561,-0.00375164,1.38,0
155077.0,2.071682134,0.097718576,-1.744962247,0.401925002,0.412854922,-0.77838205,0.118878351,-0.164954371,0.607568362,-0.364687416,-0.697809848,-0.242944015,-0.660138139,-0.697138024,0.337279883,0.310194741,0.548970788,-0.286743276,0.009695513,-0.208839043,-0.371775433,-0.991939182,0.348372039,0.402367348,-0.289277794,0.183189607,-0.064220964,-0.03336603,0.89,0
149029.0,-1.276248237,-0.876292042,1.143381325,-1.75632706,-0.402769647,0.689058095,-0.714821306,0.805795668,-0.801314675,-0.500143524,-0.101034436,0.426191793,0.664715828,-0.633713796,-2.004427437,1.21716337,0.193105053,-0.83425248,1.173112029,0.436674107,0.210124226,0.15733199,0.133548357,0.233925535,-0.144871348,-0.395804932,-0.000892067,-0.024324473,116.09,0
59802.0,-0.675721984,0.767934616,1.727931827,0.244403761,-1.013416036,-0.366557685,-0.352046701,0.531852292,-0.056162721,-0.611883374,0.086567171,0.632338507,0.641549114,0.013500435,1.269209866,0.273342207,-0.031535191,-0.341466891,-0.946909323,-0.220842427,0.292097005,0.773903901,0.2439308,0.636907519,-0.699385065,0.230975146,-0.155963359,-0.026148856,22.62,0
55311.0,-6.15960693,1.468712923,-6.850888147,5.174706273,-2.986703924,-1.795054146,-6.545071526,2.621236138,-3.605870126,-8.122161075,6.029032563,-9.225855308,-1.546758631,-10.30933419,0.308062394,-7.787326221,-12.822177,-4.367677133,2.643984221,-0.289829586,1.061314182,0.125737469,0.589592332,-0.568730605,0.582824721,-0.042582645,0.951130233,0.158996024,0.83,1
36345.0,-3.995577265,-3.642762683,1.553989283,-2.360896895,-0.334288821,-0.003610154,2.533080345,-1.662607967,3.312539477,-0.544439432,1.305371598,0.755307113,-0.395903782,-1.844557698,0.016598875,-0.851972252,-1.008318242,0.355008917,1.776054117,-1.929862086,-1.085156453,0.442597246,0.887844344,0.084267626,0.999330705,-1.012180573,-1.174068278,0.040357491,370.07,0
3742.0,1.409632992,-0.324018255,-0.199364748,-0.630170104,-0.419014277,-0.854352846,-0.267307383,-0.281985279,0.00927816,0.502345939,1.993838855,-2.948813298,0.970740144,1.880691741,-0.905688768,1.027000403,0.813771014,-0.629251036,0.84691247,0.017843795,0.068016343,0.281225678,-0.206005975,-0.022711737,0.753776467,-0.119734851,-0.067009977,-0.017558214,25.0,0
68149.0,0.906327946,-0.443740908,-1.934643205,0.22651981,2.35697498,3.171813774,0.259141707,0.596661502,-0.489965303,0.062342495,-0.157475938,-0.008514655,-0.077678026,0.764382874,0.865387553,0.183262547,-0.816705412,0.119724729,-0.004020597,0.407649582,0.080344973,-0.367074991,-0.37011607,1.019851776,0.922832437,-0.288012288,-0.048743127,0.042113751,220.0,0
104702.0,1.963469542,-0.834009403,-2.724615561,-1.433802843,2.188506584,3.289271578,-0.61909618,0.654798165,2.463063727,-0.794132451,0.738936106,-1.944306145,1.335078939,1.717675622,-0.663998035,-0.908533133,0.757465956,-0.39515398,0.265266951,-0.050047779,0.007597253,0.359582552,-0.010075833,0.760116576,0.181437384,0.868736958,-0.098862262,-0.079029928,68.49,0
30925.0,1.09462138,0.121564894,0.498456041,1.332600277,-0.219137537,0.024414336,-0.040441292,0.132953983,0.05827475,0.048892643,1.296856239,1.138850418,-0.526018921,0.330925636,-0.778164447,-0.572122677,0.102617706,-0.513872919,-0.154955157,-0.189979952,-0.035939438,0.067393421,-0.051802901,0.237716925,0.594259049,-0.342641401,0.033275867,0.008478624,14.99,0
127057.0,-0.519021763,0.31601028,1.404601684,-0.939569789,0.227494542,0.016918757,0.302896851,0.279606932,-0.028041354,-0.668037788,0.545986019,0.115283842,-1.082968305,0.249553812,-0.457233822,0.645303395,-0.783308083,0.312532181,0.14368483,-0.043203818,-0.124339498,-0.550020207,0.149501077,0.721629723,-0.716746596,0.150179225,0.068133045,0.152687491,29.94,0
6155.0,-0.889222791,1.1643548,1.563641077,0.980593907,0.599625084,-0.067059944,0.714410865,-0.251542697,0.577944423,-0.481601258,-0.194427712,-2.772482483,2.279262631,1.489362332,0.473707928,-0.045639978,0.212776406,0.66787167,0.541916815,0.001508314,-0.052966773,0.084418873,-0.415650056,-0.491557575,0.602483621,-0.157999862,-0.216893901,0.11024817,35.0,0
80793.0,1.212645343,-0.237105489,1.020442328,0.758067317,-0.927055735,-0.044596402,-0.687531333,0.149232779,1.088165996,-0.216148493,-1.316327314,-0.155669689,-0.682354639,-0.274308764,0.324964633,0.345995549,-0.308424721,0.026207536,0.152021787,-0.133762582,-0.132802209,-0.228428925,-0.022251674,-0.101046801,0.292474821,0.350472154,0.010698779,0.020687336,10.54,0
89600.0,-0.837271715,1.227132213,-0.175898164,-0.510712898,1.064741565,-1.280227665,1.548598819,-0.995228324,0.76701592,0.106848051,-0.142269114,0.363436644,0.860022036,-1.93643899,-0.115818641,-0.217939791,0.205693026,-0.24460848,-0.188815672,-0.068582576,-0.316860965,-0.485769789,0.043638614,-0.072859797,-0.370190842,-0.787413347,-0.967816505,-0.182766905,9.99,0
41646.0,-3.240186587,2.97812179,-4.162313937,3.869124379,-3.645256455,-0.126270561,-4.744729737,-0.065331044,-2.168366095,-4.758304075,3.471097846,-6.533106769,-0.98346867,-6.073989003,1.125406709,-7.718042405,-9.855927437,-5.193907893,2.042697688,-0.224043463,2.601441029,0.231910116,-0.036489849,0.042639645,-0.438330346,-0.12582108,0.421299802,0.003145876,172.32,1
59147.0,1.33453809,-1.293010932,0.739256727,-1.348595199,-1.910302133,-0.712484382,-1.175752445,0.006413115,-1.852728571,1.58866935,1.265421136,-0.672521943,-0.684668314,0.060853114,0.167770824,0.007973314,0.313295374,0.492303366,-0.037154707,-0.274158384,-0.282116565,-0.681371737,0.155647213,0.462629251,0.01606024,-0.442811601,0.021507803,0.029305301,70.0,0
79209.0,-1.321195512,0.413519394,1.961804408,-1.165593265,-0.412268665,0.593139899,-0.139712735,0.569100629,0.539531983,-0.874729412,0.492779305,0.861991771,-0.445763248,-0.407440031,-1.385264054,0.125942548,-0.172171951,-0.381458873,-0.124497836,-0.2480426,-0.093213704,-0.135389178,-0.221191397,-0.23372574,-0.266355194,0.762305753,-0.480551559,-0.264238866,30.0,0
146179.0,-0.067671621,4.251180502,-6.540388352,7.283657037,0.513540871,-2.635066388,-1.86591081,0.780271627,-3.868248347,-4.851487194,3.871165304,-6.887637357,-1.790500148,-11.27231587,1.301363149,-1.689836478,-0.052932539,0.778734825,0.242162496,0.519403972,0.415436545,-0.469937601,0.00712804,-0.388147291,-0.493397941,0.466467725,0.566369687,0.262990466,0.77,1
154827.0,2.012457142,0.116452286,-1.60527182,0.334046215,0.431115665,-0.570608841,0.080038051,-0.082658049,0.19972437,-0.221718578,1.364467854,0.987607207,0.082543315,-0.65915162,-0.476180898,0.395617292,0.33605369,0.02340898,0.202609583,-0.149848923,-0.294248858,-0.763923972,0.355252769,0.61400696,-0.322096864,0.147884884,-0.062039329,-0.039234851,0.89,0
46831.0,-0.904602988,-0.10946369,1.530632408,-1.648273391,0.115690427,-1.519430821,0.25931212,-0.121564964,-1.494549545,0.103893301,-0.230624823,-0.557440367,0.395613123,-0.23639079,0.063949726,1.229352212,0.060356785,-1.879336708,0.195675371,0.424133944,-0.239106087,-1.026742432,0.12306159,0.332393462,0.395252139,-0.707964513,0.156814222,0.046757844,35.85,0
115837.0,2.042316815,-0.14349534,-2.954711438,-0.579241394,2.61043328,3.142249276,-0.41832925,0.784675862,0.360030766,-0.350567419,0.329635267,0.183463225,-0.273112877,-0.597683437,0.583759689,0.178532071,0.473865963,-0.499073126,-0.139750549,-0.122933776,-0.352994265,-0.996361486,0.364445631,0.604770639,-0.264159365,0.219786898,-0.039003499,-0.042976744,0.89,0
130672.0,1.99825947,0.113288632,-1.560619574,0.643227658,-0.111583042,-1.696911457,0.217046132,-0.344653985,0.706804474,-0.457342868,-0.094694906,-0.294942762,-1.046906984,-0.502974723,1.022585112,0.070340338,0.65874358,0.397041256,-0.656864999,-0.266769546,0.223852755,0.756200411,0.039665271,0.310521283,0.146462513,-0.121809218,-0.006970104,-0.027733229,14.0,0
86483.0,2.040211058,-0.146974975,-2.955933665,-0.578355979,2.609358271,3.142641531,-0.416882841,0.784392948,0.359902379,-0.351075101,0.329650884,0.183508121,-0.272918545,-0.597436665,0.58389681,0.178675836,0.473898278,-0.498849799,-0.140098685,-0.120714034,-0.352333801,-0.996936775,0.363484906,0.60482657,-0.264559586,0.219670647,-0.039209452,-0.042786955,1.98,0
35926.0,-3.896582592,4.518354703,-4.45402724,5.547453347,-4.121458573,-1.163406658,-6.805053053,2.928356254,-4.917129599,-6.600460622,3.367845608,-7.88897752,1.682603467,-7.628651916,0.779245996,-7.533404329,-14.06462394,-4.960108633,2.525784924,0.757286727,1.69104203,0.920020577,-0.151103893,0.011006878,0.080303267,0.412191351,0.635788871,0.50104955,4.56,1
136542.0,2.044530955,0.114563159,-1.804770287,0.219462718,0.683467389,-0.288843475,0.084751386,-0.063361345,0.20239306,-0.22740146,0.966393989,0.934672911,0.367649151,-0.727751286,-0.462678578,0.527306968,0.148954437,0.156733375,0.383053945,-0.119137437,-0.323060258,-0.837096689,0.292147914,0.135529615,-0.251224897,0.177066425,-0.061569487,-0.04351592,1.98,0
125612.0,1.889617914,1.073098534,-1.678017522,4.173268194,1.015515806,-0.009389035,-0.079705604,0.064070822,-0.714516676,0.04222752,-0.408402781,-0.929370066,0.058686317,-3.512845461,-0.164612974,2.069853025,1.733381581,1.580757962,-2.335185376,-0.153570265,0.203727978,0.733795721,-0.036559749,0.334305771,0.147171036,0.279556488,0.031668781,0.035883323,3.22,1
93879.0,-12.83363142,7.508789806,-20.49195221,7.465779992,-11.57530371,-5.140999477,-14.0205637,8.332120471,-4.337712531,-15.56379134,7.610819788,-15.59232322,0.504789055,-13.2478886,-0.79652603,-10.34232836,-16.04452434,-5.882135938,1.573697896,-1.378923224,2.966842404,0.615344322,-0.766494757,0.431261005,-0.104974995,-0.010091327,-2.40081135,-0.7205566,104.03,1
80381.0,-0.640964518,1.179330217,1.048157445,-0.231172048,0.41203609,-0.035759556,0.489887148,0.246240167,-0.439644341,-0.072955796,1.434875037,0.589130672,0.054405231,-0.290862785,0.487373914,0.361834825,-0.090767668,-0.000583818,-0.064752333,0.222607579,-0.238568318,-0.547212351,-0.036223928,-0.362865537,-0.170704381,0.109432436,0.368287812,0.139562214,1.79,0
37948.0,-1.028383882,-0.484840866,0.233086414,0.688287631,-0.743437647,-0.843494172,2.359635284,-0.323264051,-0.518437105,-0.719317653,-0.627638432,-0.586601829,-1.190322725,0.651324971,0.066486718,0.140448856,-0.539146688,0.004265452,-1.15824991,0.695780197,0.443353123,0.39925603,1.125340226,0.622571871,-0.677777695,-0.719803855,0.053599318,0.270525508,436.2,0
152530.0,2.078057672,0.177910197,-1.764442173,0.366976352,0.567831843,-0.690985208,0.198241044,-0.225892974,0.435155873,-0.399747239,-0.587813915,0.353124092,0.542587972,-0.938845543,0.214951733,0.284755192,0.443903279,-0.39831981,0.040189352,-0.127777688,-0.36437553,-0.914350665,0.320641942,0.331797553,-0.235797239,0.185504549,-0.05678221,-0.031708726,1.79,0
67915.0,-1.944258624,-3.065643187,1.446019816,-1.738102501,-3.465506919,2.69199201,1.796795835,0.332021281,-1.567536407,-0.366334289,-0.47824991,-0.550163507,-0.336783286,-1.280551156,-3.04792575,-0.866764043,0.938299018,0.257316952,0.068368247,1.39741721,0.093641857,-0.45678646,1.639126653,-0.775327643,0.686116145,-0.264585514,-0.165027957,0.107051781,835.0,0
126116.0,-0.033947531,0.814034959,0.098334502,-1.022850759,1.588453854,-0.745675749,1.462900454,-0.630707491,0.118219666,-0.733434073,-0.712806089,-0.203336622,0.274757667,-1.535620474,-0.509786646,0.397373622,-0.133457652,-0.298951029,-0.617635445,-0.02356155,-0.395365876,-0.829156485,-0.116115853,0.381178825,-0.326280101,-0.02679594,-0.464265747,-0.383813414,0.89,0
58995.0,1.147508526,-0.416646017,0.930333442,0.043950153,-1.183804718,-0.446082271,-0.733574837,0.178748215,0.584458954,0.042133574,1.097806565,-0.012547718,-1.453096469,0.433546517,0.927795722,0.934904468,-0.670336472,0.752032173,-0.001517431,-0.081707083,0.194122963,0.425861749,-0.042974774,0.383026705,0.09059144,1.090612978,-0.066991745,0.006468409,34.99,0
54838.0,1.439645112,-1.07030956,0.388885871,-1.354901216,-1.399902187,-0.552441745,-0.976879474,-0.104070959,-1.819743067,1.394080477,-0.291775403,-0.90476686,0.270549702,-0.232865937,0.8448639,-0.681414255,0.799789794,-0.46089884,-0.607628749,-0.335018012,-0.177724409,-0.136613161,0.0505362,0.058879123,0.300650832,-0.178400623,0.041429522,0.020528103,32.6,0
141179.0,2.41826698,-0.902622146,-2.648242706,-1.667892707,0.043235297,-1.478003269,0.186958642,-0.769140038,-2.242545607,1.708710051,-1.357582902,-0.56664267,1.492643108,0.014028504,-0.772618328,-1.301772784,0.49358274,-0.340424668,0.233555789,-0.342142608,0.096286394,0.859612148,-0.264592441,-0.560752901,0.779344228,0.33642864,-0.066349014,-0.089116337,32.5,0
169158.0,2.08045524,-0.589153581,-2.549570949,-0.566239742,0.427764572,-0.994790746,0.536371571,-0.478268554,-1.488707047,1.154490133,0.802671302,0.63033296,0.269214416,0.832087829,-1.026484475,-2.140776066,-0.030529531,1.004267758,-0.471985283,-0.449005881,-0.005487943,0.424369664,-0.121372482,0.789761555,0.459378443,0.961046818,-0.138190988,-0.082773238,77.49,0
49704.0,-5.760227092,5.448078145,-3.143222298,2.291252685,-2.918879954,0.142469567,-3.210881778,4.619326701,-1.590189898,1.551238854,-1.098274057,1.549435834,0.851576311,2.926723726,0.41929986,1.594856484,0.909751644,1.009461461,1.257558043,0.377850745,-0.068268541,-0.903371812,0.442426041,-0.910082825,0.405253123,0.076634446,0.072081462,0.084089249,6.58,0
3143.0,-0.541674233,0.760531579,0.271542961,-2.664737339,1.228283206,0.269019169,0.960951974,-0.046974397,0.847649227,-0.721149331,0.089898689,0.543872287,0.181937421,0.09093264,0.553620422,-0.204091067,-1.191063343,0.612016019,0.449070535,0.2088736,-0.000536995,0.457945326,-0.48310493,-1.703585931,0.258980345,-0.716239835,0.355434441,0.01569748,1.0,0
156295.0,-0.879828797,0.971198651,1.36430749,-0.827516982,0.835433086,-0.969728039,1.3067434,-0.417546785,-0.257294543,-0.404257227,-0.8171384,-0.077024409,0.024678957,-0.134781106,-0.195800122,-0.229959454,-0.440974238,-0.75476892,0.135968665,0.107130024,-0.381047615,-0.840236326,-0.381359429,-0.014923242,0.532514221,0.298884486,-0.07884962,-0.129459403,3.59,0
26115.0,-0.875489377,1.149359805,1.336959134,1.296060286,-0.099099434,0.949534749,-0.232247202,-2.681659134,-0.813892666,-0.445816889,1.274438436,1.108087292,-0.410903402,0.442788144,-0.549643393,-0.966571234,0.481078818,-0.248672092,0.789919914,0.690840289,-1.235357928,0.834338286,-0.239153263,0.24225869,-0.371789867,-0.322112094,0.044559376,-0.0670373,105.0,0
132730.0,1.844487413,-0.615454662,0.283007037,1.084829707,-1.364548596,-0.208858879,-1.130768332,0.176215454,2.198552509,-0.856922636,-0.859298447,1.01890583,0.260079894,-2.468796223,-1.652423979,-0.080632419,1.28358891,-0.127701293,0.074147216,-0.14097451,-0.156455789,0.094967683,0.273124558,0.437399044,-0.467923536,0.540959619,0.040178782,-0.005174972,23.06,0
33142.0,-2.849861914,-0.347307002,2.094767158,2.889963221,-3.248589679,3.400789769,1.639461899,-0.847237622,0.554376095,0.454747943,-0.069032393,0.678883867,0.260079818,-1.542704021,-2.091380337,0.396365633,-0.138307187,0.655480617,0.823481869,-1.350335273,0.398186197,0.66104322,-0.376880742,0.175509905,0.451866818,0.418642265,0.517854759,0.262409085,664.42,0
61675.0,1.073032868,-0.207141979,0.472639799,-0.060438056,-0.305139837,0.20737685,-0.300803173,0.252242614,0.046949056,-0.116512402,1.899034453,0.945832804,-0.388154782,0.556783854,1.022242917,-0.010267327,-0.022909386,-0.981998718,-0.356517591,-0.08071241,-0.198928259,-0.666336451,0.221568496,-0.29029631,-0.16960148,0.514095874,-0.039049325,0.003198504,40.0,0
82496.0,-2.15523173,-0.205531155,1.092206104,0.007787547,1.081061071,-0.882906944,0.948455672,-0.608195503,0.806449734,1.497409823,1.39285056,-0.407463549,-1.13214058,-0.986265283,0.652858993,0.561709448,-0.71606071,0.446857735,0.465601056,-0.352217844,-0.844242695,-0.536351046,0.908011991,-0.07364369,0.196899681,0.082542603,0.427269983,-0.677615315,10.74,0
129741.0,-1.396204326,2.618584398,-6.036770271,3.55245371,1.030091306,-2.950358272,-1.528505745,0.189319001,-1.433554485,-5.569142496,3.277546285,-5.896936563,-1.27710176,-11.22180477,0.326026786,-2.49734111,-1.588335656,0.120289373,0.170143879,0.031794556,0.143176822,-0.390175929,0.356029463,-0.762351549,0.096510341,-0.487861395,0.062654623,-0.240732349,1.0,1
131011.0,2.143381219,-0.802259064,-1.459425954,-0.962648068,-0.380092431,-0.886814336,-0.268930783,-0.259288609,-0.709401005,0.951667499,0.701609688,0.122310831,-0.013546647,0.169628266,-0.985136984,0.918370767,0.031395968,-1.261553769,1.226795969,0.021893527,0.074137152,0.153577232,0.115649069,-0.325773191,-0.012754532,-0.281605184,-0.050138087,-0.071633456,41.39,0
156646.0,-1.077318016,1.20248438,-2.316094313,-1.360807942,1.519391983,3.56614234,-1.479136329,2.249194984,0.115454863,-1.332531321,-0.488446068,0.242070705,-0.010675083,-0.436277557,0.457883109,1.040092281,0.607746078,0.727677721,-0.923173729,-0.495258335,0.469889283,0.902773355,0.228170693,0.655392002,-0.921216994,0.463583536,-0.614880569,-0.080724773,13.62,0
77646.0,-0.677361818,-3.862051651,-0.379939263,-1.352986991,-2.01120971,0.466631081,0.291405423,0.163100184,2.272274781,-1.958699883,1.653151409,1.220871385,-1.229523601,0.58091067,1.7309475,-1.045818711,0.406974518,0.217272468,0.350454932,1.692332511,0.680344583,0.082522679,-0.840474071,-0.229875124,-0.009653509,-0.836637604,-0.051895932,0.179315945,950.0,0
155839.0,-1.711711734,1.800384999,-1.220727292,1.100822247,1.59511814,-0.013966696,0.067481844,-4.031902287,-0.402861522,-0.392927169,-0.80184543,-0.493462051,-0.97456118,-0.905214611,-0.044591165,-0.564192851,1.350340858,0.401792352,0.525086914,0.101989079,-0.515726179,0.543349688,0.191690646,0.455338551,-0.078288699,-0.501952264,-0.596008267,0.190581289,7.18,0
118316.0,1.733840153,0.832262144,-1.888729203,3.839472548,1.612308762,1.210616284,7.44e-05,0.535389937,-1.067113542,0.383241978,1.429947847,-0.752903478,-2.018911227,-1.883510085,-0.266186277,1.110467763,2.026712224,-0.22390641,-2.457448634,-0.397752206,-0.325653896,-0.926744418,0.363135775,-1.782964598,-0.53184974,-0.235245365,0.032894578,-0.009880536,12.11,0
80102.0,1.38957916,-0.182734875,-0.340373454,0.057391014,-0.009921109,-0.028102005,-0.155765126,-0.077095448,-1.352920122,1.00027532,0.028302292,0.16266872,0.285010859,0.46800293,0.020880171,-1.043638791,-0.771746885,1.927915559,-0.31572803,-0.494585905,-0.412532159,-0.729257395,-0.175046181,-0.874640491,0.737442565,-0.302336836,0.021793848,0.000891903,13.26,0
29340.0,0.911142713,-1.992443496,-0.329975137,-1.257828126,0.404247901,4.294041001,-1.71256274,1.100447633,0.311274842,0.280334106,-0.732562753,-0.346739428,0.127683463,-1.007662362,-0.596107629,1.1392042,0.205419098,-0.772420783,1.119130649,0.662971122,0.26585652,0.336398932,-0.325081475,1.077224372,0.510342987,-0.082642377,0.033900808,0.063374248,247.6,0
64932.0,1.13718911,-0.17731781,0.880254312,0.495514576,-0.764916126,0.023526663,-0.653153414,0.331703489,0.412953393,0.098537941,1.267593767,-0.04464997,-1.883422241,0.669493485,1.077504482,0.571266259,-0.404798874,0.156773667,-0.378898079,-0.232689674,-0.029882254,-0.178821371,0.133085212,-0.0161939,-0.008053362,0.232170754,-0.006559594,0.008761108,5.99,0
46170.0,0.548828961,-2.451106279,1.041140586,-0.103174086,-2.106940427,1.175880438,-1.399066239,0.554312358,0.747894794,0.282467835,0.101456636,-0.57115856,-2.147269938,-0.666094881,-1.519635315,0.701640898,0.939426585,-0.883460968,0.950859609,0.615865856,0.382971171,0.537091893,-0.403479784,-0.267392919,0.213361857,-0.051240013,0.015169564,0.068500601,365.5,0
136060.0,-0.977919902,0.90484196,1.429849502,-0.660016008,-0.065811667,0.540130264,-0.02894844,0.782897293,-0.188513964,-1.07085962,0.110217245,0.151160059,-0.958341783,0.569943339,0.121973765,0.458510235,-0.542259434,0.847686677,0.885291226,-0.11009562,-0.118547901,-0.568263277,-0.186291478,0.284915247,0.337075928,-0.441259675,-0.069508187,0.005169474,20.0,0
165483.0,2.252949186,-1.730895981,0.009313588,-1.807819516,-1.666568968,0.738523948,-2.234226207,0.330458688,-0.67621891,1.657526226,0.047022228,-0.224789072,0.914771625,-0.917313706,-0.134315972,0.562278254,-0.369720808,1.381481352,-0.045750884,-0.362766323,0.066185577,0.720054691,0.227755519,0.08561592,-0.449274836,-0.104754209,0.075012995,-0.036939662,2.5,0
101188.0,-1.166424184,0.086435634,1.359185419,-0.882451379,0.902700442,1.523141449,0.12698709,0.412993657,1.823567548,-0.388754134,1.595559273,-2.797359827,0.244767453,1.486186472,0.117071345,-0.060545215,0.333658107,0.020672978,-1.24298189,0.129037402,0.042907801,0.736846818,-0.165750644,-1.685942968,-0.271425258,0.627333107,0.273673203,0.054785167,83.0,0
137139.0,2.022115955,-0.346745658,-0.751122979,0.102694785,-0.131755499,-0.182888634,-0.329123854,-0.132727339,0.889790267,-0.050717926,-1.466985565,0.782602162,1.650519104,-0.379315264,0.444937491,0.653124057,-0.950158455,-0.327568449,0.337076999,-0.012232637,-0.297819789,-0.748215396,0.272091539,-0.977101302,-0.474121266,0.287305887,-0.037403336,-0.046030131,37.48,0
35480.0,1.358722392,-1.238567879,0.301219537,-1.453777559,-1.403061112,-0.284079955,-1.066273305,0.072378945,-1.986912807,1.591343647,1.258078399,-0.738718663,-0.77381144,0.199853496,0.270320869,-0.451681883,0.602538141,0.143399899,-0.318108859,-0.341212569,-0.120806669,-0.112383527,0.022904359,-0.021853085,0.250719068,-0.189124244,0.023561626,0.010879931,54.5,0
80518.0,1.259465989,0.493268994,-0.591214028,0.646287747,0.216417483,-0.912032866,0.241582876,-0.111794715,-0.29635608,-0.408404185,1.400957528,0.151663797,-0.734798896,-0.707743415,0.332773067,0.78249985,0.480800699,0.823034794,0.095797748,-0.097511928,-0.115842559,-0.344496531,-0.124871889,-0.107145582,0.563442139,0.3741215,-0.042533532,0.021677053,0.76,0
65816.0,-0.489230585,0.11406956,1.588621146,-1.600563805,0.088069482,-0.378974039,0.833507304,-0.227078609,-0.945284963,-0.1614193,-0.953143785,-0.014580644,0.113174502,-0.573092485,-1.468565063,-1.729415139,-0.16041254,0.13565943,-2.488299477,-0.60193226,-0.420747596,-0.482606525,-0.077495622,0.067988222,-0.17642495,-0.001816372,-0.078388882,-0.09863302,28.0,0
166685.0,-0.188004834,1.031549807,0.136099123,-0.67140499,0.487072161,-1.069453765,0.999545616,-0.202422458,0.113095969,-0.107850976,-0.984274753,0.261438333,0.34027065,-0.027189212,-0.409593733,-0.085751339,-0.488393015,-0.753508727,-0.058873106,0.111857689,-0.297476067,-0.595259326,0.069882788,-0.113096255,-0.404648976,0.151507275,0.354429087,0.159839077,1.29,0
75379.0,1.249600984,0.141209006,-1.231887866,0.048943855,2.302004471,3.279081832,-0.225993309,0.773338968,-0.312927755,0.078428586,-0.046534708,0.140189891,-0.045928944,0.599969153,1.016082718,0.48298317,-0.910797104,-0.257843184,0.221638712,0.018438222,-0.514467453,-1.731783208,0.173832227,0.917975896,0.402991619,-0.823343442,0.009610776,0.026172787,24.8,0
126147.0,0.254792953,1.653727224,-2.119789364,-0.200878777,2.160636159,-2.111508481,2.089224271,-0.881253026,-0.472693924,-1.526616306,2.254359844,-0.864669197,-1.454556624,-3.693269071,-0.014792232,0.576861476,2.798459578,2.117948164,0.023821852,0.035065519,0.040440688,0.521838322,-0.324952341,-0.257498234,-0.820900495,0.021358801,-0.215589946,-0.123953625,0.77,0
79930.0,1.261019386,0.381716337,-0.015482855,0.735070545,-0.170590244,-0.75678332,-0.131617574,-0.106827148,0.25650251,-0.650837091,-0.346510331,-0.152666159,0.304219894,-1.379976957,1.323060377,1.009276375,0.437398764,0.646849372,-0.340682982,-0.023960626,-0.099524957,-0.228778598,-0.089980602,-0.202861678,0.408963058,0.377979552,0.001433027,0.04678416,6.25,0
117478.0,-0.018297556,0.09614567,1.384794802,-0.758863282,-0.469270235,0.156389124,-0.052427539,0.283962396,0.492420931,-0.552995795,0.256405464,0.361157295,-0.342786175,-0.180913138,-0.309344186,1.000723525,-1.095625961,0.82545501,-0.10460363,-0.057585069,0.158697664,0.421208063,0.108738167,-0.330918454,-0.835306575,0.407324783,0.040851237,0.045632228,47.85,0
160711.0,0.207397002,0.74471053,-0.041268439,-0.42689666,0.601641941,-1.178578912,1.16772352,-0.424789989,0.387891137,-0.02163898,-1.253653417,-1.057419549,-1.63526784,0.533148588,0.676113674,-0.407447994,-0.536946842,0.381429613,0.108246283,-0.047818393,0.290400455,1.206884932,-0.168623937,-0.114868637,-0.852140774,-0.236074475,0.335517701,0.094379135,3.99,0
83606.0,-0.456648862,1.058747885,0.721291176,1.294709745,-0.241684011,0.166693988,0.315571913,0.414834911,-0.151064517,0.357129469,0.967884608,0.520912853,-1.216700846,0.513954346,-0.545160729,-0.992769488,0.490076097,-0.120682095,0.83815198,-0.057983902,0.103371933,0.641605817,0.136942506,0.206294354,-1.099917578,-0.451564368,0.127298477,0.002739981,28.94,0
126485.0,2.020180904,-0.290739826,-2.715155683,-0.873295079,0.699725944,-1.50981201,0.981743979,-0.598232467,0.058155751,-0.08545317,0.888484645,1.134699456,0.220082859,0.952820402,-0.615902618,-0.866967055,-0.27383743,-0.267719585,0.857171017,-0.028196174,0.342132816,1.045633694,-0.298308965,-0.240518549,0.617105139,1.068170694,-0.160577381,-0.10114567,78.0,0
34725.0,1.211394701,-0.936125181,1.012380003,-0.709965039,-1.500093694,-0.066715255,-1.237507853,0.265916065,-0.504014007,0.751717669,1.586405667,-0.40687855,-0.976410386,0.025549687,0.781849485,1.382033365,0.224498639,-0.725359248,0.075036824,0.054741363,0.480252002,1.20972857,-0.074237876,0.250077353,0.246370158,-0.049615761,0.036838064,0.0175175,44.0,0
149356.0,-1.65669251,-0.206973673,1.283800192,-0.641606322,1.066139348,5.55339518,-1.565359173,0.626525681,0.001224945,0.784209721,-0.958972022,-0.184620586,0.129862936,-1.080524675,0.168341644,-1.881208356,0.182992957,1.853606989,-0.197705238,-0.53184673,0.420336065,-0.038307387,-0.082400248,0.676543306,0.455902416,-0.23573297,-0.09835842,-0.401105143,62.27,0
130729.0,-0.467081871,0.252824773,0.478009206,-0.191586153,1.08080087,-0.191221468,0.521216594,-0.054478432,0.467248778,-0.686812941,-1.543266423,0.876614058,0.697394975,-0.618141047,-2.184977378,-0.871084333,0.073237543,-1.097085876,0.443419158,-0.222144668,-0.231881857,-0.301961658,0.023385366,0.66233125,-0.923720015,-0.096508744,0.148344782,0.206870358,15.4,0
125945.0,0.027720665,0.749743542,0.137289534,-0.785022601,0.593945373,-0.600614103,0.841835571,0.008628223,-0.160974243,-0.217479342,0.2930256,0.292642718,-0.768873932,0.437297799,-0.991513431,0.252306146,-0.757377184,-0.032690213,0.358140298,-0.065835421,-0.243730832,-0.593322318,0.015697939,-0.43419143,-0.493507326,0.147616886,0.238197362,0.081625368,1.79,0
154444.0,-0.31426572,1.068638671,-0.117251333,-0.548663266,0.073623762,-1.126137383,0.691557523,0.226402378,-0.195242397,-0.642828061,-1.149982828,0.210450278,-0.035049181,0.449894818,-0.42377647,0.055141707,-0.256696824,-0.669880264,-0.068151662,-0.122389896,-0.21515205,-0.604635032,0.152509744,-0.0370767,-0.455018423,0.14450574,0.116030411,0.034630471,17.99,0
48767.0,1.293444078,0.046830796,0.353149522,0.111395707,-0.602616538,-1.086381974,-0.04203032,-0.23549494,0.214386599,-0.122081627,-0.286109302,0.197485864,0.188477352,0.179388539,1.035343819,0.235817329,-0.315806081,-0.334184361,-0.075458076,-0.06671679,0.062409922,0.237826077,-0.071294447,0.487878719,0.407442964,1.114216921,-0.08070064,0.001371719,3.17,0
47287.0,-0.734969752,0.230354517,0.716310955,-1.285807957,-1.072083469,-0.381110848,1.732013461,-0.465201128,-1.837477205,0.099423614,-1.011919231,-1.073336937,-0.353937718,0.288968864,0.608004763,-1.509475032,0.025852957,1.060903898,-0.271916238,-0.392410201,-0.388916771,-0.711770381,-0.158425162,0.050380762,0.401071467,1.121524969,-0.081028321,-0.028098308,255.75,0
158247.0,-0.679596022,1.263268401,0.383943775,-0.840910523,1.695314733,-0.321418514,1.292667557,-0.145440397,-0.605639703,-1.657371504,-0.993719991,0.282971104,1.335946284,-1.32736636,-0.035971767,0.191444421,0.26163787,0.148152559,0.268063735,0.110243825,-0.350844404,-0.98129248,-0.428262429,-0.066719327,0.856242483,-0.455846828,0.028025447,0.08331223,4.99,0
28755.0,-30.55238004,16.71338924,-31.10368482,6.534983864,-22.10553152,-4.977691964,-20.37151359,20.00720837,-3.565737791,-7.731071441,3.829427395,-5.314332276,1.44693028,-4.579263728,-0.14229936,-4.997848304,-10.96141036,-4.641481959,0.56705628,1.733643994,1.816520171,-2.288685505,-1.460544499,0.183179483,2.208209178,-0.208823971,1.232636295,0.356660011,99.99,1
53451.0,0.385108461,1.217620323,-1.953872165,2.087075991,-1.144225406,-0.576887995,-2.582865044,0.643229999,-1.191232692,-3.095093607,2.821144888,-3.100545658,0.146199374,-4.510123915,0.574490023,-2.123462785,-6.053319388,-0.706376153,0.572791028,0.380545212,0.594623132,0.372143666,-0.310455791,-0.624065149,0.84021613,-0.159451767,0.599482365,0.28891555,8.0,1
75172.0,1.31577794,0.565396416,-1.066452529,0.837912826,0.907100601,0.049126894,0.113010535,0.061923864,-0.099998327,-0.48454618,0.12835791,-0.461625851,-0.714404233,-1.069592975,0.611113304,1.337774637,0.065216158,1.758895331,0.321380854,-0.086859968,-0.139708325,-0.399341347,-0.339210235,-1.556436984,0.862151987,-0.234741536,0.023457747,0.027920172,1.0,0
76310.0,-0.48691811,-0.205979873,2.59269295,-1.943302575,-0.369154621,0.149349612,-0.05392901,-0.168099302,-0.905392083,0.539828544,1.62773243,-0.237894809,0.222990455,-0.890743623,0.142336424,1.388156389,-0.373610456,-0.82242639,-0.385471398,0.189368718,0.402499349,1.332490519,-0.427999229,0.065158525,0.353230638,-0.187602035,-0.458983786,-0.473909776,14.0,0
82198.0,-0.96757728,1.151330364,1.189049597,1.000810308,-0.411037042,-0.08785313,1.268394191,-0.272374617,-0.476753049,0.213044124,0.177780115,0.236773772,0.375300294,0.082315071,1.309808662,-0.587942882,0.061002567,-0.715427998,-0.01549882,-0.168683783,-0.064824977,0.096038976,-0.046280844,0.405932458,-0.676090446,-0.635337263,-0.545814076,-0.403702538,135.0,0
48011.0,-5.320698839,4.70733975,-0.952229464,-3.064267131,-0.257222041,-0.374689442,0.824037024,-0.252571014,4.776618468,7.494593834,1.152380515,0.719578899,0.92023353,-2.437310325,0.234375965,0.374622914,-1.935985893,-0.065173583,-0.763546783,3.497802562,-0.960680014,-0.736485273,0.000399637,-0.875118991,1.058054189,0.795921151,2.188165198,0.824994062,0.92,0
44275.0,-1.111974132,-0.429997374,1.585147256,3.135872719,-0.783371969,1.277362856,1.823653194,-0.061815447,-1.271205274,0.527593838,0.49703029,-0.128568887,-0.554288892,0.044850897,-0.461628215,-0.147793893,-0.081791342,0.527587824,1.538754088,1.20244589,0.066157295,-0.402487625,0.944752685,-0.086153042,-0.186672559,-0.00894654,-0.182419971,-0.061603319,447.95,0
164751.0,2.100955002,-1.756470748,-0.840773728,-1.596913189,-1.427236723,-0.299435645,-1.253983076,-0.054022906,-1.234062388,1.691218735,0.21200441,-0.352080695,0.237307504,-0.310689368,-0.702210546,-0.085556934,0.03625327,0.703358005,0.222142969,-0.251202527,-0.073639702,0.082823168,0.115514318,-0.514452162,-0.289932585,-0.174604919,0.004429204,-0.044827661,102.0,0
154649.0,-1.863946353,-0.276416403,1.063509888,-0.749519837,1.082657677,0.372650073,2.013711905,-2.280405073,2.672483141,3.211316102,1.311572005,-0.435832017,-1.252863697,-2.110888489,-0.508908791,-0.622464013,-1.418094734,-0.382762926,1.010104281,-0.462094062,-0.614425708,-0.408820944,0.022085282,0.745007622,-2.129907926,-0.470706225,-3.633183852,-0.301571804,60.0,0
97387.0,1.992017288,-0.549957741,-0.147791892,0.228427452,-0.539654768,0.424888576,-1.13423571,0.186977376,2.571998586,-0.202805547,0.753944188,-2.131843733,1.319300548,1.367539459,-0.529731211,1.155061286,-0.487299027,1.20052248,0.160783833,-0.202551034,-0.135008344,-0.058467827,0.194885999,-1.087186229,-0.538936751,0.487908765,-0.049236776,-0.064795511,15.95,0
146868.0,1.972714543,-0.04196717,-1.878384385,0.371344036,0.25606592,-0.950359542,0.096100616,-0.133022173,0.553575595,-0.284527828,0.876129247,-0.05307584,-1.380007122,-0.270890715,0.420440029,0.503211756,0.160823771,1.184747835,-0.091077313,-0.219673837,0.233266411,0.691463971,-0.075606865,-0.49475578,0.195811399,-0.093929149,-0.01763384,-0.043133182,31.89,0
42041.0,-1.168195995,-0.541794734,1.907550881,-1.689010583,-1.471619143,-0.100084084,1.020232041,0.158155276,1.341564399,-2.08295028,-0.463695721,-0.223032058,-1.603990743,0.026280607,0.977758619,-0.522153984,0.013919121,0.160802565,-0.721134191,0.329560751,0.411785423,0.838486223,0.362541822,0.365572083,0.298044983,-0.684715819,0.058167232,0.125240438,279.46,0
9859.0,1.184078891,-0.038520546,-1.068171362,0.503137083,2.218937484,3.669213139,-0.475336867,0.757555497,1.452399292,-0.408688474,0.405831266,-2.269039167,1.424590829,1.635780212,-0.883258733,-0.124931804,0.222745196,0.205783447,0.146741279,0.004704566,-0.308121998,-0.68953626,-0.152383183,0.951036038,0.8544433,-0.369771048,-0.009442439,0.013461961,51.0,0
64476.0,-1.053051132,1.263331191,0.395650898,1.456469017,1.790968657,-0.206650227,-3.566334831,-4.618112833,0.023087112,0.99242884,1.372238237,2.037995163,0.405637567,0.736766307,-0.219488579,-0.922808313,0.656148338,-0.457360601,0.451948873,-1.120305938,4.717890633,-1.48629357,-2.8826802,0.176578581,-0.211440746,-0.198186452,0.59647286,0.409800146,1.0,0
142659.0,1.822461396,0.45394798,-1.08690007,3.246560532,1.63549409,2.216465095,-0.074405559,0.524198054,-1.262846558,1.455522226,0.591849229,0.71707345,0.322108268,0.427852322,-0.766072446,0.31275926,-0.440088749,-1.450509744,-1.836539884,-0.318700814,-0.191325944,-0.483281788,0.378995917,-1.01919938,-0.377822156,-0.261892659,0.006458661,-0.063822407,0.75,0
65016.0,1.443792214,-1.131045334,0.274261447,-1.552722297,-1.220454819,-0.057691582,-1.142438218,0.099890853,-1.968728153,1.586107394,1.015237635,-0.629584599,-0.331449411,0.055122472,0.22967063,-0.363989671,0.461963496,0.209329275,-0.186401806,-0.375638997,-0.161841426,-0.12488921,0.015463139,-0.339745031,0.299633828,-0.172227844,0.035818182,0.003595202,20.0,0
93823.0,-3.821938801,5.667247309,-9.244963458,8.246146934,-4.368286087,-3.450734518,-8.427378029,2.305608505,-5.338079184,-12.01116088,8.621255081,-18.68371463,-0.962073428,-15.29765619,-2.414132123,-12.10560225,-21.33819509,-8.045435716,0.156015033,1.115246889,1.990519705,0.083353322,-0.062263553,0.390187802,0.329883884,0.098017083,1.869570163,1.000849563,75.86,1
81705.0,0.133959611,-1.826436079,-0.608243661,0.551110854,-0.935813237,-0.908149612,1.059663857,-0.507029817,0.087876728,-0.561626513,-0.295596418,0.891302588,1.058031582,0.09308516,0.108270148,-0.303531611,0.034436458,-0.762402308,0.166594216,1.210294886,0.290611927,-0.340013437,-0.633067231,0.553557123,0.355427101,1.053672423,-0.204041662,0.100017617,611.0,0
58219.0,1.029509197,-0.149709523,0.997729069,1.203906156,-0.578449305,0.497959079,-0.519962803,0.274356813,0.454253661,-0.071378874,1.163751735,1.427556785,0.311801941,-0.129373609,-0.437319704,-0.209712484,-0.182381517,-0.001743217,-0.314790745,-0.075709807,0.191287516,0.745691477,-0.153800769,0.060992984,0.552247476,-0.207423324,0.070129191,0.022261457,37.88,0
153460.0,2.064119378,0.155627143,-1.693207372,0.415082582,0.442662426,-0.807798217,0.177498493,-0.217083239,0.478046222,-0.38927707,-0.48179236,0.21926865,0.140641381,-0.8540567,0.241639416,0.247002167,0.533651905,-0.414642744,-0.028566734,-0.157146822,-0.35608371,-0.909880303,0.348250176,0.510871246,-0.27355537,0.175007998,-0.05898215,-0.030552517,1.98,0
134339.0,1.973534736,0.038745014,-2.255683241,0.469348827,0.673959621,-0.949058617,0.500668995,-0.339641887,0.330304811,-0.455452543,-0.674599923,0.027454477,0.083742863,-0.932020357,0.075367735,0.208809663,0.652875345,-0.13091148,0.054104478,-0.008594845,-0.188430481,-0.5543771,0.106944611,0.401391609,0.011037015,0.380377474,-0.089806555,-0.025490572,70.9,0
46843.0,1.121080948,-0.099619269,0.603714331,0.862206547,-0.454966043,-0.091971907,-0.15206303,0.002289529,0.534094648,-0.29501501,-0.449675663,0.905259291,0.562883838,-0.297441234,-0.193416169,-0.655579178,0.322788485,-1.089609553,-0.185130607,-0.05272849,-0.055540802,0.082410575,-0.073857479,0.149889045,0.487566526,0.435641666,0.001303918,0.01535226,36.79,0
77397.0,-0.349322798,0.457739242,0.477873907,-0.248616277,-0.033297232,-0.511135741,1.308116127,-0.152381767,-0.933770818,-0.23431976,0.863665959,-0.136781774,-0.946789227,0.819350956,0.289539799,-0.102235388,-0.244929919,0.345245363,1.310075497,0.299746101,0.175940634,0.234330491,0.113564323,0.060656617,-0.360028672,1.065633726,-0.008874857,0.128013052,137.95,0
12095.0,-4.727712656,3.044469102,-5.598354267,5.928190802,-2.190769729,-1.529322966,-4.48742196,0.916391814,-1.307010423,-4.138891214,5.149408783,-11.12401861,0.543067766,-7.840942205,0.743633945,-6.77706924,-9.931765154,-4.093021122,1.504924859,-0.207759445,0.650988236,0.254983289,0.628843469,-0.238128454,-0.671332332,-0.033590063,-1.331777322,0.70569759,30.39,1
93853.0,-5.839191619,7.151532354,-12.81676008,7.031114765,-9.651272168,-2.938427258,-11.54320717,4.843626532,-3.494275725,-13.32078887,8.460244449,-17.00328945,0.101556615,-14.09445166,0.747030766,-12.66169572,-18.91249382,-6.626974845,4.008920742,0.055683881,2.462055911,1.054865184,0.530480596,0.472669814,-0.275997968,0.282435025,0.10488602,0.254417097,316.06,1
11147.0,-1.02767642,1.657268911,0.886463456,1.322831907,-0.011143597,-0.790305104,0.474775628,0.119986716,0.424158399,-0.425095949,0.897000357,-2.782541526,0.582398404,2.450483046,0.571159856,-1.053031917,1.473996951,-0.280242982,0.128971875,-0.274569105,0.10706095,0.307970585,-0.122513569,0.546791795,-0.096969205,-0.285491917,-0.427519336,0.061817974,2.29,0
148098.0,-2.137337351,0.386216919,-0.459735484,1.446481056,-2.078072204,0.788563277,2.242871197,-0.073077527,-0.570652927,-0.556328937,-0.919354033,0.169451103,0.474173064,0.482605422,1.142169714,-1.436403472,1.099693583,-0.121883846,3.060207773,-0.396670696,-0.175395332,0.227615347,-0.352754975,0.043284861,0.644093816,0.243757775,-0.256547012,-0.616255627,447.36,0
131889.0,-0.72986403,1.539800462,-0.911538672,-0.442082337,0.344562093,-1.301183224,0.978618402,-0.134483359,-0.178030174,-1.035153629,-0.498601549,0.425376452,1.098872635,-1.012024767,0.34987272,0.321651927,0.406196031,0.568965809,-0.61964326,-0.316838779,0.36280641,0.938445576,-0.241301108,-0.069018306,0.025135703,-0.225528246,-0.559865442,0.003916051,47.18,0
23101.0,0.79888266,-0.862471509,1.131048746,0.164327476,-1.162087969,0.211316577,-0.710114666,0.119349557,1.864455306,-0.658340101,2.616324229,-1.054882317,2.240287197,1.226670892,-0.513721542,0.199417093,0.600839675,0.014723549,-0.347403945,0.287617772,0.113282263,0.347367108,-0.120762332,0.300968633,-0.069481033,1.429576474,-0.108373563,0.023645102,185.94,0
51369.0,0.879909959,-1.408622626,-0.62414745,-0.642362066,-0.76881811,-0.377223517,0.033659433,-0.157503805,-1.1288758,0.773893508,0.293453861,-0.290014739,-0.683922105,0.660133337,0.214098078,-0.937017521,-0.429308779,1.670761484,-0.153339749,0.068533073,-0.286015771,-1.070891066,-0.30369266,-0.485172285,0.255721909,1.017652134,-0.14166184,0.02998887,293.45,0
137105.0,2.110429014,-0.855282544,-2.658115961,-0.955292131,0.148104412,-1.411138805,0.41851045,-0.496469011,-1.086543874,1.112743082,0.399188067,-0.855637506,-1.512820756,0.91208688,-1.050322992,0.441858575,0.245985713,-0.955471571,1.166667285,0.037142765,0.541112728,1.353685104,-0.35053775,-0.336487106,0.707071693,0.300098873,-0.125473751,-0.094780214,99.9,0
74639.0,0.830764336,-0.283697453,0.489422155,1.570226522,-0.570016508,0.2676405,-0.329792676,0.28589945,0.617696125,-0.595759557,1.375440985,0.912004557,-0.812224975,-1.10211968,-0.84441983,-0.161789154,1.029869093,0.264509668,-0.326981925,0.0556387,0.054553177,0.177865953,-0.187113561,0.147692075,0.485415319,-0.287110511,0.059157958,0.059476372,126.54,0
102542.0,-1.456876318,3.740305561,-7.404518446,7.440964036,-1.549877953,-1.661696862,-5.757213014,1.615011011,-2.194880726,-6.807135251,6.825793162,-10.39974912,1.83644884,-11.8728451,-3.642392598,-6.044103144,-9.750776387,-3.116372254,0.065317149,0.529557331,0.957897452,0.14533948,-0.044703901,-0.544961671,-0.757756536,-0.005352369,0.318152286,-0.323553623,2.28,1
129865.0,-1.604459897,-0.424636221,1.571099783,-1.357930023,-0.261802592,-0.666614829,-0.208637081,0.480623151,-0.961380585,-0.772114372,-1.789635422,0.262555264,0.273502804,-0.328242439,-1.886088315,-1.55341764,0.291667688,0.331700204,-0.710305974,-0.351249814,-0.8069685,-2.177056332,0.046944223,-0.079305028,0.227217052,0.143513442,-0.126199717,-0.126192046,45.53,0
49374.0,-1.683895168,1.310003362,1.665645146,1.242877043,0.183172859,0.861076039,-0.125778341,0.792835883,-1.08385779,0.319719372,1.098333263,0.330028721,-0.578730142,0.473690615,-0.022948791,0.79050932,-0.522206893,-0.175014256,-2.147070857,-0.436514939,0.415805458,0.789677475,-0.13401471,-0.315816965,-0.322349985,-0.112242722,-0.564810972,0.101611856,7.58,0
131846.0,-0.102710197,-0.559387251,-0.637727727,-3.01610551,1.765361628,3.722752161,-0.950513621,0.81641787,-2.262535278,1.357919749,-0.326996408,-1.194347149,0.255381241,-0.278633874,0.434470065,-1.19869902,0.762634709,-0.004999207,0.786766238,-0.24144072,-0.057658515,0.182510626,-0.112924431,0.706088952,-0.508101032,-0.039464101,-0.021137798,0.150776381,5.0,0
152410.0,-0.794769932,0.636960454,0.980534445,-0.622039624,0.006338997,-0.032959655,0.019491037,0.490390666,0.235609973,-1.263206277,-1.321297392,0.746605855,1.227989642,-0.207870289,-0.078956732,0.172490111,-0.554246904,0.405605178,-0.351624653,-0.054027284,0.406795044,1.148835822,-0.180937251,0.726001629,-0.108880089,-0.239700673,0.067808219,0.094013343,29.95,0
67497.0,-0.857754833,-0.249941494,3.067771927,-1.516482474,-1.184298554,0.949410633,-0.917249796,0.669888057,-0.050992958,-0.189087406,0.484217707,0.134476539,-0.644856026,-1.270830799,-2.351273733,0.622096604,0.725877503,-1.183893508,0.399194161,0.126165923,0.213345997,0.978929088,-0.390835597,0.063765998,0.433733641,-0.098420243,0.357508057,0.115189666,1.0,0
161340.0,-3.560888439,3.671397059,-1.610760112,-1.10691331,-0.594153509,-1.477768361,0.678343495,0.305068572,2.242478709,4.15232258,1.589914365,1.226236808,0.295841241,-0.352062383,-0.110806458,-0.745690562,-0.63075694,0.2023824,-0.245978486,1.58228464,-0.087639593,1.482382902,0.026575969,0.546240258,-0.356071779,-0.437366707,-0.172476969,-1.046223014,2.69,0
36644.0,-4.60760847,2.971305124,0.281297064,0.819397065,-3.512007987,1.777763525,-4.636844817,-2.207479302,-0.578344678,0.318534508,-0.729614286,2.171879916,0.221432057,0.688317154,-2.378777285,-1.676869616,1.890989616,1.971202871,0.56592477,-0.10039478,0.689013037,-0.734647995,0.513599258,0.25658887,0.556835235,-0.068153919,0.315690597,0.111811011,10.0,0
65616.0,1.015738128,-0.24745175,1.27666521,1.469772638,-1.077473843,0.008076241,-0.662345897,0.249926367,0.886668714,-0.105485665,-0.425900025,-0.181755492,-1.304295355,0.060314864,0.961615569,-0.035451055,0.052743834,-0.182064265,-0.971419308,-0.173009523,0.183642087,0.574450993,-0.040539485,0.394889441,0.328913646,-0.233442527,0.067812127,0.040604809,49.0,0
120396.0,-1.484133387,0.482801413,0.581426512,-1.366977612,1.357334918,2.938534678,-0.023507479,0.896090641,0.601003827,0.042856365,0.607689863,0.740624477,0.348127706,-0.3748418,0.495392124,-0.53939505,-0.043057859,-0.979593028,-1.216121294,0.056948113,0.193110823,1.236384798,-0.076922954,-1.629364996,-0.098827122,0.784931678,0.57521587,0.261106726,45.9,0
116700.0,2.207082784,-1.47667442,-0.79081869,-1.617480626,-1.2977316,-0.443915933,-1.18608262,-0.126942647,-1.431502912,1.698738051,0.506639356,0.159950917,1.052473613,-0.440769161,-0.871303288,-0.240575068,0.070053795,0.474458389,0.208296686,-0.319054648,-0.102415755,0.169549281,0.169039532,-0.336797942,-0.229663383,-0.182910188,0.015664866,-0.053299198,45.0,0
69732.0,-0.55102585,0.125879311,2.672509203,0.03491736,0.335036078,2.182984356,-0.284970052,0.431063772,0.197367793,0.159014354,2.249068191,0.527094326,-0.261312413,-0.332522686,2.220903603,-0.759239163,0.316081486,-0.784107404,-1.03999363,0.049726965,0.414878468,1.657157366,-0.104362066,-0.973428629,-0.977970315,0.540191823,-0.23261023,-0.311197617,16.57,0
166593.0,1.735359564,-1.434895589,-0.29048585,0.094771174,-1.673053103,-0.794181683,-0.753587952,-0.153674962,0.381734648,0.581518473,-0.896805186,0.160666453,0.045245604,-0.201552353,0.309435939,-1.567322811,-0.047207015,1.480022385,-1.207128711,-0.319668202,-0.008128555,0.313337827,0.076382968,0.449474116,-0.276934338,-0.211812009,0.030898423,-0.000703069,178.65,0
154493.0,-7.381546986,-7.449015159,-4.696286524,3.72843915,6.198304347,-6.406266634,-5.83145156,1.457174919,-0.64620258,-4.02912872,2.528943021,-3.308721722,-1.992009689,-5.757216082,-0.877323474,-1.547551823,-1.909016786,0.50056747,0.136722438,2.932758126,1.176574848,-0.978692051,-0.278330343,-0.635873794,0.12353944,0.404729308,0.704914654,-1.229991682,35.0,1
117972.0,1.612001981,-0.638870046,-2.322394176,0.314313434,0.503929087,-0.827191661,0.904619281,-0.365373471,-0.070384644,0.103562132,1.081603445,0.872644296,-0.304497581,1.077070389,-0.163682259,-0.394702985,-0.511779181,0.023551578,0.144633067,0.241590067,0.30374835,0.405450074,-0.179523451,0.739382559,0.299052389,-0.241207244,-0.105867335,-0.033074303,238.8,0
53214.0,-1.244372044,-0.673352336,1.452411279,0.139882879,1.64426609,0.468619964,-0.578820025,0.539546615,-0.472924608,-0.425146012,0.633764805,0.399612172,0.286029724,0.3204112,2.475894442,-1.510592527,1.272421618,-2.105683088,-0.415911272,0.339915206,0.247675248,0.526374545,0.298104804,-0.89436219,-0.759191436,1.156344236,0.084657803,0.136430771,20.0,0
142749.0,1.96964374,-0.642497234,-0.399509843,0.057797734,-0.769023196,-0.125595515,-0.863843736,0.205311841,1.511008772,-0.002650597,0.24227389,0.26762985,-1.4360951,0.265899352,0.040104739,0.397406416,-0.681784928,0.81629298,0.226396304,-0.297001297,0.196083484,0.729981564,0.111153192,-0.393327841,-0.221531603,0.136626842,0.005844486,-0.059714687,5.0,0
167880.0,-0.221097632,1.278439963,-0.782173887,-0.142089368,0.490548037,-1.339741037,0.688726161,0.154558673,-0.259053898,-1.252275779,-0.823394573,-0.489208777,-0.610970465,-0.424678973,0.722560599,0.126782559,0.755657488,0.824343584,-0.174009812,-0.255749656,0.387791022,1.113429935,-0.139538384,-0.16735677,-0.718741386,-0.191417466,0.139633127,0.203263803,4.47,0
136502.0,-1.112068071,-0.881939302,2.055052067,-2.827979068,-0.36911192,-1.021178151,-0.549736436,0.008747682,-2.03606078,0.559143958,-0.970308621,-0.563694324,1.322563137,-0.941076673,-0.605972204,-0.150869316,0.124765463,-0.185773922,-0.725703688,0.058425902,-0.37923288,-0.828482169,-0.00558343,-0.009075534,0.398593122,-0.432717267,0.266188575,0.13813035,29.9,0
50538.0,-6.605760132,5.443144155,-3.981866951,1.195681097,-4.30696901,-1.553637943,-3.746734535,4.832125006,-1.913511973,-1.249207652,-1.734503802,2.932733348,2.418565658,3.584664236,0.437360782,0.919001287,1.925953195,0.171178574,0.207832647,-1.29159475,0.884899813,0.4868797,0.576900415,0.754789234,0.013176258,-0.480737191,-2.876459959,-0.539862017,12.52,0
35634.0,1.374193234,-0.720679346,0.891374963,-0.541401723,-1.715467759,-1.105018172,-0.99634669,-0.014914939,-0.214414674,0.688656254,-0.387761628,-1.732957747,-2.077920587,0.1340555,1.220976128,1.366875322,0.36878996,-0.861184752,0.213586156,-0.084949201,0.292871948,0.689335498,-0.009424087,0.683422127,0.330938422,-0.116640091,0.012395459,0.019778137,6.0,0
152947.0,2.020017553,-0.191103832,-3.127869378,-0.348746939,2.604085848,3.284103776,-0.563822318,0.834185904,0.677984308,-0.652959226,0.179375395,0.088697569,-0.390043753,-1.491586822,0.000360982,0.043612081,1.157839492,0.059716186,-0.246152308,-0.110868043,-0.035589233,0.098266172,0.078239606,0.631541282,0.126193239,0.659782128,-0.021620474,-0.036975244,3.79,0
12985.0,-0.55749759,0.765456684,2.371913961,2.688634,-0.163365511,1.279848834,0.169995091,0.257685809,0.523222953,-0.141170051,-0.204046397,-2.855975867,1.994321974,1.080124836,-0.008772798,0.130485781,0.612133663,0.382710748,-0.33474928,0.227164947,0.125437244,0.586669843,0.051189922,-0.477574579,-0.350676233,0.206290121,0.131266504,0.148728557,108.17,0
